# chunk study: 1 kinds x 4 SNR x 3 chunks x 16 copies = 192 runs
# FIXED-STEPS mode: steps=25 so nmax = n_chunk*steps (cost GROWS with chunk); isolates per-step statistics
# ndim=4 ncomp=3 neff=3000
# sigma ladder: SNR20->0.7000, SNR40->0.3500, SNR80->0.1750, SNR160->0.0875
 - No vegas - 
 - No vegas - 
 - No vegas - 
 - No vegas - 
 - No vegas - 
no multiprocessno multiprocess

 - No vegas - 
no multiprocess
no multiprocess
no multiprocess
 no cupy (mcsamplerGPU)
 no cupy (mcsamplerGPU)
 no cupy (mcsamplerGPU)
 no cupy (mcsamplerGPU)
 no cupy (mcsamplerGPU)
no multiprocess
 no cupy (mcsamplerGPU)
 no cupy (mcsamplerAV)
 no cupy (mcsamplerAV)
 no cupy (mcsamplerAV)
 no cupy (mcsamplerAV)
 no cupy (mcsamplerAV)
 no cupy (mcsamplerAV)
 no cupy (mcsamplerPortfolio)
 no cupy (mcsamplerPortfolio) no cupy (mcsamplerPortfolio)

 no cupy (mcsamplerPortfolio)
 no cupy (mcsamplerPortfolio)
 no cupy (mcsamplerPortfolio)
 Portfolio discovery: loading  AC
 Portfolio discovery: loading  AV
 Portfolio discovery: loading  GMM
 Portfolio discovery: loading  NF
 Adding parameter  x0  with limits  [-5.0, 5.0]
   Adapting  x0
 Adding parameter  x1  with limits  [-5.0, 5.0]
   Adapting  x1
 Adding parameter  x2  with limits  [-5.0, 5.0]
   Adapting  x2
 Adding parameter  x3  with limits  [-5.0, 5.0]
   Adapting  x3
 Portfolio discovery: loading  AC
 Portfolio discovery: loading  AV
 Portfolio discovery: loading  GMM
 Portfolio discovery: loading  NF
 Portfolio discovery: loading  AC
 Portfolio discovery: loading  AV
 Portfolio discovery: loading   Adding parameter GMM 
x0  with limits   Portfolio discovery: loading  NF[-5.0, 5.0]

   Adapting  x0
 Adding parameter  x1  with limits  [-5.0, 5.0]
   Adapting  x1
 Adding parameter  x2  with limits  [-5.0, 5.0]
   Adapting  x2
 Adding parameter  x3  with limits  [-5.0, 5.0]
   Adapting  x3
 Portfolio discovery: loading  AC
 Portfolio discovery: loading  AV
 Portfolio discovery: loading  GMM
 Portfolio discovery: loading  NF
 Adding parameter  x0  with limits  [-5.0, 5.0]
   Adapting  x0
 Adding parameter  x1  with limits  [-5.0, 5.0]
   Adapting  x1
 Adding parameter  x2  with limits  [-5.0, 5.0]
   Adapting  x2
 Adding parameter  x3  with limits  [-5.0, 5.0]
   Adapting  x3
 Portfolio discovery: loading  AC
 Portfolio discovery: loading  AV
 Portfolio discovery: loading  GMM
 Portfolio discovery: loading   Adding parameter NF 
x0  with limits  [-5.0, 5.0]
   Adapting  x0
 Adding parameter  x1  with limits  [-5.0, 5.0]
   Adapting  x1
 Adding parameter  x2  with limits  [-5.0, 5.0]
   Adapting  x2
 Adding parameter  x3  with limits  [-5.0, 5.0]
   Adapting  x3
 Adding parameter  x0  with limits  [-5.0, 5.0]
   Adapting  x0
 Adding parameter  x1  with limits  [-5.0, 5.0]
   Adapting  x1
 Adding parameter  x2  with limits  [-5.0, 5.0]
   Adapting  x2
 Adding parameter  x3  with limits  [-5.0, 5.0]
   Adapting  x3
10000 2.729470926431106 14.092502409463213 - -2.3025850929940455 0.3983552027053645
10000 4.727965360627145 14.037768434567377 - -2.3025850929940455 0.25259190992571295
 Portfolio discovery: loading  AC
 Portfolio discovery: loading  AV
 Portfolio discovery: loading  GMM
 Portfolio discovery: loading  NF
20112 6.583861432878411 14.092502409463213 - -3.4949912609485163 0.19954920270860838
 Adding parameter  x0  with limits  [-5.0, 5.0]
   Adapting  x0
 Adding parameter  x1  with limits  [-5.0, 5.0]
   Adapting  x1
 Adding parameter  x2  with limits  [-5.0, 5.0]
   Adapting  x2
 Adding parameter  x3  with limits  [-5.0, 5.0]
   Adapting  x3
20115 17.855466347166505 14.048129064280332 - -3.2279009100570817 0.1297785957003821
30232 16.7386930264611 14.092502409463213 - -4.305921477164845 0.10788528659719897
30116 42.694434127219154 14.048129064280332 - -3.2279009100570817 0.07198782525098897
40000 14.190821108423545 14.052657677093439 - -3.2145103673585607 0.12003639993985085
40264 42.68288005571709 14.092502409463213 - -4.305921477164845 0.06768808802906477
40135 48.59974195723339 14.074434934378958 - -3.2279009100570817 0.06077684480455449
40000 8.006399930782488 14.097796322616109 - -3.6888794541139363 0.19497416538384002
50308 69.50272798879122 14.092502409463213 - -4.305921477164845 0.05298710009004347
50199 69.15640933931014 14.074434934378958 - -3.2279009100570817 0.05008018673322909
60630 82.07353134414461 14.106134446656805 - -4.305921477164845 0.04602152136490995
80004 97.35690405845229 14.064177587433877 - -3.2145103673585607 0.04243501682216937
80096 54.08518469521416 14.11165770370685 - -4.287535791252959 0.05743459573276562
60369 86.36577941105337 14.074434934378958 - -3.2279009100570817 0.04342297206221693
71072 102.0093447220785 14.106134446656805 - -4.305921477164845 0.04009913481511844
81292 120.9790530170355 14.109060113760826 - -4.305921477164845 0.037541782027098465
70467 102.92162528484864 14.075401025970638 - -3.2279009100570817 0.03969121142803366
120270 131.0161697392947 14.11165770370685 - -4.287806049351087 0.034420030798448534
120294 177.660070039189 14.064177587433877 - -3.2145103673585607 0.02988166651131303
91570 142.79580469852147 14.110826192810725 - -4.305921477164845 0.03532590033717848
80867 121.68557243486846 14.075861228669538 - -3.2279009100570817 0.036568494480966725
101804 162.32917903430032 14.110826192810725 - -4.305921477164845 0.032679878787045084
160000 28.670583783958122 14.097796322616109 - -4.258482448582426 0.08269955354556306
160000 49.28477209963899 14.057220871804477 - -3.2021416258770357 0.06250756145142793
91263 141.05005948216436 14.075861228669538 - -3.2279009100570817 0.03343581866213095
160590 212.13784685640312 14.11165770370685 - -4.287806049351087 0.0270338146468476
111916 176.49772228707812 14.114009947649405 - -4.305921477164845 0.03116794799483026
160663 270.7189339455644 14.064177587433877 - -3.2145103673585607 0.024274135918329845
101322 160.3033521141956 14.075861228669538 - -3.2279009100570817 0.031032916861737946
121966 197.3720538600234 14.114009947649405 - -4.305921477164845 0.02941698391165515
200900 282.13324588582105 14.115984144644171 - -4.287806049351087 0.022427346677962486
132466 221.82954847247714 14.114009947649405 - -4.305921477164845 0.027724939591852016
111562 179.4597700393589 14.075861228669538 - -3.2279009100570817 0.02946493396947119
142924 244.41694998497147 14.114009947649405 - -4.305921477164845 0.02654530779231442
121727 201.06185222566907 14.075861228669538 - -3.2279009100570817 0.028274939544176078
200923 275.06866564939037 14.082467163742518 - -3.2145103673585607 0.020915652005945615
241129 365.233117412435 14.115984144644171 - -4.287806049351087 0.019631431967762188
153064 263.4791103245723 14.114009947649405 - -4.305921477164845 0.025200266626999725
131807 219.39670571771663 14.075861228669538 - -3.2279009100570817 0.02666780809943982
320132 333.4653609613004 14.110989835737959 - -4.258482448582426 0.020878998695001736
163789 286.4880149797825 14.114009947649405 - -4.305921477164845 0.023910302818772683
320264 296.61406971900044 14.07922731643857 - -3.2021416258770357 0.0221418202567727
281291 451.86093219116066 14.115984144644171 - -4.287806049351087 0.017828921328219702
141995 240.61079363631362 14.075861228669538 - -3.2279009100570817 0.02546138514737388
174157 309.57129122032353 14.114009947649405 - -4.305921477164845 0.023193688783570972
241059 351.8242505745759 14.082467163742518 - -3.2145103673585607 0.0190255314223329
184753 329.84562255364546 14.114009947649405 - -4.305921477164845 0.02229173089759299
152127 259.6023032657715 14.075861228669538 - -3.2279009100570817 0.024363309773909707
194873 354.6491365671188 14.114009947649405 - -4.305921477164845 0.021737763349804134
321411 536.6774771524124 14.11627545067662 - -4.287806049351087 0.01643806093459319
162582 279.64325647357674 14.075861228669538 - -3.2279009100570817 0.023339581504760485
281349 429.6521081950631 14.082467163742518 - -3.2145103673585607 0.01742866119595799
205125 377.23582221949937 14.114009947649405 - -4.305921477164845 0.021031676341438064
172614 304.2045081500227 14.075861228669538 - -3.2279009100570817 0.02255799535928183
480212 648.939006442426 14.115324096247104 - -4.258482448582426 0.014955269460742745
215663 399.4502502508478 14.114009947649405 - -4.305921477164845 0.020290577874705115
361957 620.4160594535311 14.11627545067662 - -4.287806049351087 0.015183718024911664
183142 325.51181970037067 14.075861228669538 - -3.2279009100570817 0.0218180122213914
226487 420.1457660687671 14.114009947649405 - -4.305921477164845 0.019693975336573705
480644 594.5068146492512 14.07922731643857 - -3.2021416258770357 0.015606363298330324
321440 501.3977403879174 14.082467163742518 - -3.2145103673585607 0.016017759343363892
402067 694.8120220898328 14.117353131352592 - -4.287806049351087 0.014219821879915223
237476 442.74131182367444 14.114009947649405 - -4.305921477164845 0.019200069227344848
193327 345.2642943508682 14.075861228669538 - -3.2279009100570817 0.021054351846450034
247716 464.9072653114839 14.114009947649405 - -4.305921477164845 0.018636525691541162
203842 366.066558818579 14.075861228669538 - -3.2279009100570817 0.020406717110938402
258086 488.46862714479334 14.114009947649405 - -4.305921477164845 0.01820481211425842
442799 780.1097025392945 14.117353131352592 - -4.287806049351087 0.013342110578896511
361876 574.310488906029 14.082467163742518 - -3.2145103673585607 0.014851623074804147
641050 944.9896946037316 14.119338519401884 - -4.258482448582426 0.012157486157291734
213964 384.8284096551422 14.075861228669538 - -3.2279009100570817 0.019775700371315073
224352 407.81026915813624 14.075861228669538 - -3.2279009100570817 0.01938695026812907
483254 871.3649716841439 14.117353131352592 - -4.287806049351087 0.012727029685197518
641362 878.8126028984206 14.081761536199355 - -3.2021416258770357 0.012512530378178715
401933 644.0943896079559 14.082467163742518 - -3.2145103673585607 0.01387012049525116
234992 429.90851686830996 14.075861228669538 - -3.2279009100570817 0.018873491755578772
523454 959.3043080221739 14.117353131352592 - -4.287806049351087 0.01214298403912595
245758 449.4198938251442 14.075861228669538 - -3.2279009100570817 0.018369425381178393
801100 1273.0289933157803 14.119338519401884 - -4.258482448582426 0.010566949258453527
442893 721.9437939523368 14.082467163742518 - -3.2145103673585607 0.013098800701621241
256093 470.7495169220872 14.075861228669538 - -3.2279009100570817 0.01788862317758235
563648 1059.616041197465 14.117353131352592 - -4.287806049351087 0.01167495259309669
802200 1184.9303238253729 14.081761536199355 - -3.2021416258770357 0.01069944172148854
604052 1147.6838054514071 14.117353131352592 - -4.287806049351087 0.011232563825694689
483971 808.6354071322136 14.082467163742518 - -3.2145103673585607 0.012667295282694538
962408 1611.7417741566665 14.119338519401884 - -4.258482448582426 0.009392143388100585
644633 1236.8849812740452 14.117353131352592 - -4.287806049351087 0.01074250176879693
524471 886.9564212559591 14.082467163742518 - -3.2145103673585607 0.012123076553976481
685349 1331.4399056430066 14.117353131352592 - -4.287806049351087 0.01040510798345623
963372 1515.041037242828 14.081761536199355 - -3.2021416258770357 0.009508053195258255
 Adding parameter  x0  with limits  [-5.0, 5.0]
   Adapting  x0
 Adding parameter  x1  with limits  [-5.0, 5.0]
   Adapting  x1
 Adding parameter  x2  with limits  [-5.0, 5.0]
   Adapting  x2
 Adding parameter  x3  with limits  [-5.0, 5.0]
   Adapting  x3
10000 5.732055096253677 14.011687566982966 - -2.3025850929940455 0.2541351951278694
1122878 1965.6343448006305 14.119338519401884 - -4.258482448582426 0.008482076376227162
20050 9.375009419661202 14.064562457042694 - -3.5432754802551445 0.1577795004246296
30175 33.08549278395025 14.064562457042694 - -4.369145353487049 0.08326016427362239
565456 969.4329888552834 14.082467163742518 - -3.2145103673585607 0.011611843819103658
40255 84.85460054040661 14.064562457042694 - -4.369413557860388 0.051156679414502595
50356 119.14787499130352 14.081044560574409 - -4.369739078696596 0.04040441082118005
725724 1422.335485861952 14.117353131352592 - -4.287806049351087 0.01007840883169526
60628 166.81972881786217 14.081044560574409 - -4.369739078696596 0.03379026489757979
70672 210.22588710537195 14.081044560574409 - -4.369739078696596 0.030086306398621518
80697 259.36407756656143 14.081044560574409 - -4.369739078696596 0.026618596172347176
90707 301.8621414029004 14.081044560574409 - -4.369739078696596 0.024350720598538027
101039 347.36957795268177 14.081044560574409 - -4.369739078696596 0.022630752606498446
111185 392.79388988866856 14.081044560574409 - -4.369739078696596 0.02107446901201273
121692 444.58702186800747 14.081044560574409 - -4.369739078696596 0.01985224421531874
132132 500.2756621353485 14.081044560574409 - -4.369739078696596 0.018876118333831005
142485 551.5750208875336 14.081044560574409 - -4.369739078696596 0.01792359723746121
152629 603.5468442509031 14.081044560574409 - -4.369739078696596 0.017209277533207074
163285 657.7077772608585 14.081044560574409 - -4.369739078696596 0.0165451609960143
765780 1445.901112590145 14.120338154747893 - -4.287806049351087 0.009778850800373261
173845 710.5280784900098 14.081044560574409 - -4.369739078696596 0.016061553768292935
606256 1051.9534438500145 14.082467163742518 - -3.2145103673585607 0.011166776291779756
184540 769.2643304979065 14.081044560574409 - -4.369739078696596 0.015503637467633688
195012 824.9415067613876 14.081044560574409 - -4.369739078696596 0.01498695921717708
205139 882.0806210089655 14.081044560574409 - -4.369739078696596 0.014633257309396507
215474 934.9830431150997 14.081044560574409 - -4.369739078696596 0.014244020776983005
226056 990.9001001898649 14.081044560574409 - -4.369739078696596 0.013824796039560168
806556 1536.0188662880394 14.120338154747893 - -4.287806049351087 0.009514270701095085
236076 1045.492103044081 14.081044560574409 - -4.369739078696596 0.013468574497116349
1284410 2322.8028934371036 14.119338519401884 - -4.258482448582426 0.007800074223806957
246216 1102.9396347118393 14.081044560574409 - -4.369739078696596 0.013176060726120197
1124184 1825.9572292730807 14.081761536199355 - -3.2021416258770357 0.00861912631851217
256452 1152.3863362302343 14.081044560574409 - -4.369739078696596 0.012856773066244425
647506 1135.2376812939601 14.082467163742518 - -3.2145103673585607 0.01071570880714842
848028 1622.749349949042 14.120338154747893 - -4.287806049351087 0.009222651263165509
 Adding parameter  x0  with limits  [-5.0, 5.0]
   Adapting  x0
 Adding parameter  x1  with limits  [-5.0, 5.0]
   Adapting  x1
 Adding parameter  x2  with limits  [-5.0, 5.0]
   Adapting  x2
 Adding parameter  x3  with limits  [-5.0, 5.0]
   Adapting  x3
10000 1.446851813777082 14.102019069181138 - -2.3025850929940455 0.6988043595011831
20010 3.721428993623661 14.102019069181138 - -3.376221395591978 0.35346259292497917
30090 11.955271344993438 14.102019069181138 - -4.392900301497401 0.17745527149396184
40120 22.848164849441577 14.139756564393196 - -5.38947986460036 0.1153735994993485
50152 68.36534844376057 14.139756564393196 - -5.4608698606870325 0.06071367041832981
60336 103.63658805908855 14.143385872423048 - -5.461334760741896 0.047482397174599435
888577 1710.2354522253454 14.120338154747893 - -4.287806049351087 0.008965531719657431
70696 145.11194964942888 14.143385872423048 - -5.461334760741896 0.04069376277586505
81064 191.15834271094374 14.143385872423048 - -5.461334760741896 0.03594880509795748
688402 1220.806531470906 14.082467163742518 - -3.2145103673585607 0.010355440571412614
91404 237.28782213978545 14.143385872423048 - -5.461334760741896 0.03213164215423449
101744 286.1540517867097 14.143385872423048 - -5.461334760741896 0.029596134999370482
112022 330.3177567407151 14.143385872423048 - -5.461334760741896 0.02730974672523749
122290 377.1212347047832 14.143385872423048 - -5.461334760741896 0.025278195147962756
1444856 2696.1498178886463 14.119338519401884 - -4.258482448582426 0.0072490253938786485
132482 427.1851352585851 14.143385872423048 - -5.461334760741896 0.02382396212541347
930046 1807.0712021892093 14.120338154747893 - -4.287806049351087 0.008787381871672603
143106 472.9866256975591 14.143385872423048 - -5.461334760741896 0.02249531068502389
153756 519.5094919108512 14.143550097687903 - -5.461334760741896 0.021408963193812035
1284384 2160.4946263285506 14.081761536199355 - -3.2021416258770357 0.007958670897129514
164018 566.2820189431396 14.143550097687903 - -5.461334760741896 0.02050777131431761
174770 615.8511866951617 14.143550097687903 - -5.461334760741896 0.019650575869603726
185014 661.462937399343 14.143550097687903 - -5.461334760741896 0.018970114505665502
970746 1901.4890914359514 14.120338154747893 - -4.287806049351087 0.008566032776541839
729291 1302.2444469824684 14.082467163742518 - -3.2145103673585607 0.010025810195994385
195752 708.3196193245058 14.143619654069933 - -5.461334760741896 0.018356529549978268
206132 758.8007059270552 14.143619654069933 - -5.461334760741896 0.017736375311236525
216836 803.9773137648128 14.143619654069933 - -5.461334760741896 0.017151314093746393
1011842 1998.1197192913655 14.120338154747893 - -4.287806049351087 0.008356699429626854
226890 848.0255066699206 14.143619654069933 - -5.461334760741896 0.01664086966154096
 Adding parameter  x0  with limits  [-5.0, 5.0]
   Adapting  x0
 Adding parameter  x1  with limits  [-5.0, 5.0]
   Adapting  x1
 Adding parameter  x2  with limits  [-5.0, 5.0]
   Adapting  x2
 Adding parameter  x3  with limits  [-5.0, 5.0]
   Adapting  x3
10000 2.2322940755251803 13.941712795875157 - -2.3025850929940455 0.4831384848412204
20020 2.6160409567584666 14.123524033081981 - -3.441699324971485 0.5040145639876882
30065 4.728609218080242 14.123524033081981 - -4.402580940173515 0.2919218273942795
40100 5.630798333353263 14.218445456970068 - -5.278049677527416 0.27509519581641784
50308 6.554380024160809 14.26470804045602 - -5.546214070794766 0.21106447365917508
60548 12.649967868366211 14.26470804045602 - -5.546544049349154 0.14935271458689725
70923 19.506825003226425 14.26470804045602 - -5.547001610555947 0.11472982765863593
237175 891.5223660608001 14.143619654069933 - -5.461334760741896 0.016187103009662022
81143 23.53504905675748 14.26470804045602 - -5.547001610555947 0.10171095743208865
91475 23.564978783266685 14.281564159515499 - -5.547001610555947 0.0976515123492062
101760 27.255514064010523 14.281564159515499 - -5.547001610555947 0.08805030450182207
112112 34.555498281125644 14.281564159515499 - -5.547001610555947 0.08051695867254803
122206 39.089282078026244 14.281564159515499 - -5.547001610555947 0.07391628857462107
247317 941.6845837559484 14.143619654069933 - -5.461334760741896 0.015725577225737856
132398 43.10086463602089 14.281564159515499 - -5.547001610555947 0.07099148773587789
142442 47.992559972112105 14.281564159515499 - -5.547001610555947 0.06712153560801457
152906 51.78906187988629 14.281564159515499 - -5.547001610555947 0.06323980724648871
163802 56.27059047818771 14.281564159515499 - -5.547001610555947 0.05982159201966911
1605894 3064.1666439211645 14.119338519401884 - -4.258482448582426 0.006792953160649164
257976 976.343212404428 14.144888732402244 - -5.461334760741896 0.015328716612293397
174087 60.74551159055323 14.281564159515499 - -5.547001610555947 0.057339867623932284
184900 66.84033297197763 14.281564159515499 - -5.547001610555947 0.053789156619934914
769581 1383.8882808316048 14.082467163742518 - -3.2145103673585607 0.009738694413936284
195130 72.0830151995714 14.281564159515499 - -5.547001610555947 0.05178482522486059
205560 76.35069380328349 14.281564159515499 - -5.547001610555947 0.04969060577108857
216000 85.00426772819057 14.281564159515499 - -5.547001610555947 0.04812117964723468
226790 90.84367484778775 14.281564159515499 - -5.547001610555947 0.04666086325516898
237900 96.59395446810183 14.281564159515499 - -5.547001610555947 0.0452762622292195
248142 101.429250853651 14.281564159515499 - -5.547001610555947 0.04403621348886909
258735 106.58330004285997 14.281564159515499 - -5.547001610555947 0.0431315799993709
1444842 2497.088141688439 14.081761536199355 - -3.2021416258770357 0.007413366198669786
809717 1468.1575099582378 14.082467163742518 - -3.2145103673585607 0.009461860957813461
851071 1549.4307664318076 14.082467163742518 - -3.2145103673585607 0.009180519853789749
 Adding parameter  x0  with limits  [-5.0, 5.0]
   Adapting  x0
 Adding parameter  x1  with limits  [-5.0, 5.0]
   Adapting  x1
 Adding parameter  x2  with limits  [-5.0, 5.0]
   Adapting  x2
 Adding parameter  x3  with limits  [-5.0, 5.0]
   Adapting  x3
 Adding parameter  x0  with limits  [-5.0, 5.0]
   Adapting  x0
 Adding parameter  x1  with limits  [-5.0, 5.0]
   Adapting  x1
 Adding parameter  x2  with limits  [-5.0, 5.0]
   Adapting  x2
 Adding parameter  x3  with limits  [-5.0, 5.0]
   Adapting  x3
10000 2.1598360637175906 14.070743108660439 - -2.3025850929940455 0.47192568037879595
20125 7.077027943145959 14.070743108660439 - -3.6197972929264925 0.197541727638776
30157 6.0401135799703205 14.1857702847849 - -3.715792638910414 0.19750046051076314
40000 14.8116339404215 14.05365998226123 - -3.6888794541139363 0.12690276790057808
40284 10.661943353363574 14.1857702847849 - -3.715792638910414 0.1340315573112295
1606482 2755.780196329588 14.084011830168743 - -3.2021416258770357 0.00696573204690022
50514 15.151688400127073 14.1857702847849 - -3.715792638910414 0.10770349257038461
60524 20.561579570698445 14.1857702847849 - -3.715792638910414 0.09598459775607265
80005 128.63026784966115 14.068036780384425 - -4.322204422389275 0.04112525333160489
70713 24.017369702075293 14.1857702847849 - -3.715792638910414 0.08441273558974928
80813 25.856207424222482 14.194054091359146 - -3.715792638910414 0.08074704279003234
120175 275.072682910958 14.079022004938803 - -4.322204422389275 0.025913734509703173
91244 31.581535479996603 14.194054091359146 - -3.715792638910414 0.07289828882692573
 Adding parameter  x0  with limits  [-5.0, 5.0]
   Adapting  x0
 Adding parameter  x1  with limits  [-5.0, 5.0]
   Adapting  x1
 Adding parameter  x2  with limits  [-5.0, 5.0]
   Adapting  x2
 Adding parameter  x3  with limits  [-5.0, 5.0]
   Adapting  x3
10000 2.804094230574787 14.100265500489169 - -2.3025850929940455 0.41658699968490487
101393 36.5613777693452 14.194054091359146 - -3.715792638910414 0.06800191609001438
20030 5.940654929842215 14.100265500489169 - -3.5325179989895132 0.21777539740601112
160306 471.1646762791025 14.079324121218026 - -4.322204422389275 0.01980224536826995
30062 17.436424442091813 14.100265500489169 - -4.323984035566323 0.11326895620083
111489 41.87195348280312 14.194054091359146 - -3.715792638910414 0.06686808407052511
40194 18.444435722983382 14.179529814988316 - -4.324785853062174 0.09351568506183607
121599 45.74671876633815 14.194054091359146 - -3.715792638910414 0.06274756230058182
50239 29.147767904984832 14.179529814988316 - -4.324785853062174 0.07229985387894812
200421 662.0169678082492 14.081066314756617 - -4.322204422389275 0.016806580142579772
892203 1632.0744616920479 14.082467163742518 - -3.2145103673585607 0.008928318587331069
132069 51.34323341414657 14.194054091359146 - -3.715792638910414 0.05915758483427726
60511 41.23910927426955 14.179529814988316 - -4.324785853062174 0.05926328094964042
142093 55.82807188570934 14.194054091359146 - -3.715792638910414 0.05587933945939001
70787 51.03667904843841 14.179529814988316 - -4.324785853062174 0.04981398597634471
240742 860.9772025429686 14.081066314756617 - -4.322204422389275 0.014684503578533365
81083 63.815912493549945 14.179529814988316 - -4.324785853062174 0.04434876731177572
152677 61.30572509347886 14.194054091359146 - -3.715792638910414 0.05465641009305531
91379 77.12651456952698 14.179529814988316 - -4.324785853062174 0.03930576341788134
162778 67.36813459240881 14.194054091359146 - -3.715792638910414 0.05327856609290037
173178 72.05860257592806 14.194054091359146 - -3.715792638910414 0.05096939987175658
101807 91.87720171853232 14.179529814988316 - -4.324785853062174 0.036922648691226016
280972 1079.2262543751474 14.081066314756617 - -4.322204422389275 0.01320108431523292
183282 76.36615427069732 14.194054091359146 - -3.715792638910414 0.04893403654696227
111887 104.03821266234078 14.179529814988316 - -4.324785853062174 0.03486208708610448
193818 80.37129876299545 14.194054091359146 - -3.715792638910414 0.04792233282992676
121900 114.25940136783723 14.179529814988316 - -4.324785853062174 0.03244548771775389
321250 1286.1364986640801 14.081066314756617 - -4.322204422389275 0.012088838365869506
204618 83.60876390414909 14.194054091359146 - -3.715792638910414 0.046197468642770224
131962 127.04439307685462 14.179529814988316 - -4.324785853062174 0.03059196994016173
214639 87.82744488040184 14.194054091359146 - -3.715792638910414 0.04501067943848129
142546 140.01578126073355 14.179529814988316 - -4.324785853062174 0.028954038893871166
225056 88.8872341852086 14.196652966920807 - -3.715792638910414 0.04469183783673876
361811 1509.651346036323 14.081066314756617 - -4.322204422389275 0.011206701697666953
 Adding parameter  x0  with limits  [-5.0, 5.0]
   Adapting  x0
 Adding parameter  x1  with limits  [-5.0, 5.0]
   Adapting  x1
 Adding parameter  x2  with limits  [-5.0, 5.0]
   Adapting  x2
 Adding parameter  x3  with limits  [-5.0, 5.0]
   Adapting  x3
152814 152.78631590408708 14.179529814988316 - -4.324785853062174 0.02775344500715924
235792 93.1552770650717 14.196652966920807 - -3.715792638910414 0.04310055979133235
246704 96.88863627348647 14.196652966920807 - -3.715792638910414 0.04167348439102912
163439 169.24974696703933 14.179529814988316 - -4.324785853062174 0.027301747109672335
256954 101.41222731469205 14.197264123378607 - -3.715792638910414 0.041261423004143385
402599 1725.143605824586 14.081066314756617 - -4.322204422389275 0.010468513190479908
173871 182.21144801420354 14.179529814988316 - -4.324785853062174 0.026416614832079317
932973 1712.8080076782542 14.082467163742518 - -3.2145103673585607 0.008719606304953453
160000 51.24815852031331 14.05365998226123 - -4.334189305259722 0.06645238126208944
184146 194.95251718000623 14.179529814988316 - -4.324785853062174 0.02530708819434978
443230 1941.1195005332265 14.081066314756617 - -4.322204422389275 0.009852011184662734
194631 207.17576055765952 14.179529814988316 - -4.324785853062174 0.02436042646041743
205326 219.94811857940047 14.179529814988316 - -4.324785853062174 0.023476744376560537
320132 695.0787857833923 14.083306549471418 - -4.334527525444284 0.016566410561122995
215686 234.44690074020298 14.179529814988316 - -4.324785853062174 0.023163205360070115
484219 2114.2899301512516 14.082709528631922 - -4.322204422389275 0.009373887783864913
226354 248.79582550330483 14.179529814988316 - -4.324785853062174 0.02243214992172691
1767132 3088.460985545963 14.084011830168743 - -3.2021416258770357 0.0065822559833304106
236598 261.3334278593176 14.179529814988316 - -4.324785853062174 0.02168931538225982
525030 2323.8545059637977 14.083149665237261 - -4.322204422389275 0.008948140533571902
480818 1477.1745028642142 14.083306549471418 - -4.334527525444284 0.011246343413707489
247115 274.628789500662 14.179529814988316 - -4.324785853062174 0.021030962746967002
974202 1797.8743319460068 14.082467163742518 - -3.2145103673585607 0.008514773625383977
257684 288.2529238904845 14.179529814988316 - -4.324785853062174 0.020468861495674073
566106 2548.5041238611143 14.083149665237261 - -4.322204422389275 0.008519947084240993
641138 2305.2077806180937 14.083306549471418 - -4.334527525444284 0.00894143228847234
 Adding parameter  x0  with limits  [-5.0, 5.0]
   Adapting  x0
 Adding parameter  x1  with limits  [-5.0, 5.0]
   Adapting  x1
 Adding parameter  x2  with limits  [-5.0, 5.0]
   Adapting  x2
 Adding parameter  x3  with limits  [-5.0, 5.0]
   Adapting  x3
10000 1.8252674766251324 14.104066852477262 - -2.3025850929940455 0.5587405358811671
20125 6.757337532242353 14.104066852477262 - -3.5984075509498608 0.2281772730213603
30135 12.601066317146984 14.12316095866528 - -4.285334380793321 0.1440407992029433
607056 2767.7733464844437 14.083149665237261 - -4.322204422389275 0.008153494327135835
40155 30.140375407485276 14.143353372698549 - -4.285846807143248 0.08912357446387273
50235 44.23505645409437 14.143353372698549 - -4.285846807143248 0.06986089049712678
60298 57.50613013114589 14.143353372698549 - -4.285846807143248 0.05896450083996076
70594 73.34571632233494 14.143353372698549 - -4.285846807143248 0.05258403868059465
80824 81.57972964798105 14.151115371132207 - -4.285846807143248 0.04896836434812299
91344 95.00623816908353 14.151115371132207 - -4.285846807143248 0.04420764228357196
101737 108.69792806307619 14.151115371132207 - -4.285846807143248 0.041564301513090325
111817 124.47319973423039 14.151115371132207 - -4.285846807143248 0.03869346655484543
1014580 1878.796423199354 14.082467163742518 - -3.2145103673585607 0.00829419734830637
122017 140.21838451691966 14.151115371132207 - -4.285846807143248 0.036200778423102084
132081 153.98798991454083 14.151115371132207 - -4.285846807143248 0.03462137232114358
142593 169.3415876929609 14.151115371132207 - -4.285846807143248 0.0326006757900948
648094 2991.6747548418057 14.083149665237261 - -4.322204422389275 0.007833995642980592
152823 183.7644897252649 14.151115371132207 - -4.285846807143248 0.030934617092281434
163398 200.9527057081565 14.151115371132207 - -4.285846807143248 0.029445295806995248
802162 3164.8841280937404 14.083306549471418 - -4.334527525444284 0.0076555558723426596
173548 217.21083937709983 14.151115371132207 - -4.285846807143248 0.028493990943089884
184118 234.4431026278498 14.151115371132207 - -4.285846807143248 0.027574631297463213
194466 251.58824063949973 14.151115371132207 - -4.285846807143248 0.026827322593912524
205295 267.14111727573254 14.151115371132207 - -4.285846807143248 0.02576283123384804
215591 279.15702180522396 14.151115371132207 - -4.285846807143248 0.02494039231055332
226151 294.5717016592967 14.151115371132207 - -4.285846807143248 0.02426349547061355
688318 3208.637542265368 14.083149665237261 - -4.322204422389275 0.007557474046311861
236795 312.14048244439454 14.151115371132207 - -4.285846807143248 0.02360435451003719
247631 331.84105138582424 14.151115371132207 - -4.285846807143248 0.022950949832950544
257839 346.1841011268956 14.151115371132207 - -4.285846807143248 0.02238147600692048
 Adding parameter  x0  with limits  [-5.0, 5.0]
   Adapting  x0
 Adding parameter  x1  with limits  [-5.0, 5.0]
   Adapting  x1
 Adding parameter  x2  with limits  [-5.0, 5.0]
   Adapting  x2
 Adding parameter  x3  with limits  [-5.0, 5.0]
   Adapting  x3
10000 13.060786376931972 13.966545221154973 - -2.3025850929940455 0.1583209897311541
20064 34.53337868357389 13.97853936016802 - -3.3422137215591654 0.09360787473097328
30207 61.39157797300835 14.01002559187636 - -3.342830624724936 0.05777210977455327
40429 98.86849488244954 14.01002559187636 - -3.342830624724936 0.04346798451276486
50504 137.15664342560524 14.010837948651144 - -3.342830624724936 0.03633020236094616
60566 176.79820664849206 14.010837948651144 - -3.342830624724936 0.031586280320483405
70910 224.825618121135 14.010837948651144 - -3.342830624724936 0.028296006699190576
81316 270.97073353117025 14.010837948651144 - -3.342830624724936 0.025865987624763397
91496 313.3995820583778 14.010837948651144 - -3.342830624724936 0.023876821820276846
 Adding parameter  x0  with limits  [-5.0, 5.0]
   Adapting  x0
 Adding parameter  x1  with limits  [-5.0, 5.0]
   Adapting  x1
 Adding parameter  x2  with limits  [-5.0, 5.0]
   Adapting  x2
 Adding parameter  x3  with limits  [-5.0, 5.0]
   Adapting  x3
101870 358.7724463984864 14.010837948651144 - -3.342830624724936 0.022501362046793958
112058 404.462241791957 14.010837948651144 - -3.342830624724936 0.02113262449310214
122207 447.9309983840607 14.010837948651144 - -3.342830624724936 0.01988772379213177
132271 492.29098989762684 14.010837948651144 - -3.342830624724936 0.018919813816578274
160000 14.002433435934423 14.131135745956389 - -5.075173815233827 0.1505302851763892
142321 535.2682029332867 14.010837948651144 - -3.342830624724936 0.01808213121297326
152731 580.0751536812459 14.010837948651144 - -3.342830624724936 0.017332743518745027
163351 628.0627198452911 14.010837948651144 - -3.342830624724936 0.016591368989738984
320146 438.1768223666954 14.144153622466916 - -5.512177903307545 0.02315059441609972
173767 670.2393124287852 14.010837948651144 - -3.342830624724936 0.01598549934151936
184463 717.7665597890932 14.010837948651144 - -3.342830624724936 0.015458603542228867
194668 761.8490289729294 14.010837948651144 - -3.342830624724936 0.014936137027794304
480691 1080.3353091087185 14.150969225448085 - -5.512177903307545 0.014064897927646237
205016 811.2330100544534 14.010837948651144 - -3.342830624724936 0.014497253099654649
 Adding parameter  x0  with limits  [-5.0, 5.0]
   Adapting  x0
 Adding parameter  x1  with limits  [-5.0, 5.0]
   Adapting  x1
 Adding parameter  x2  with limits  [-5.0, 5.0]
   Adapting  x2
 Adding parameter  x3  with limits  [-5.0, 5.0]
   Adapting  x3
215650 858.341322246404 14.010837948651144 - -3.342830624724936 0.014095012691043808
40000 4.978692715149253 14.116455189725963 - -3.6888794541139363 0.3001468001915145
 Adding parameter  x0  with limits  [-5.0, 5.0]
   Adapting  x0
 Adding parameter  x1  with limits  [-5.0, 5.0]
   Adapting  x1
 Adding parameter  x2  with limits  [-5.0, 5.0]
   Adapting  x2
 Adding parameter  x3  with limits  [-5.0, 5.0]
   Adapting  x3
80112 30.551123151826395 14.140575862584532 - -5.471706874676504 0.08885292071976686
225778 905.2312070213372 14.010837948651144 - -3.342830624724936 0.013740130827875022
120256 160.78899129367062 14.151992769907498 - -5.472468682737724 0.035461262760450946
160711 320.608568194976 14.151992769907498 - -5.472468682737724 0.025455755141752027
236026 952.1201290465733 14.010837948651144 - -3.342830624724936 0.013375803386215962
641567 1811.4757301545415 14.150969225448085 - -5.512177903307545 0.010921317500379979
200779 479.9759876872134 14.151992769907498 - -5.472468682737724 0.02045918056502224
160000 8.758239602924071 14.135970088535602 - -5.075173815233827 0.1852435273351379
246574 1008.9323625822205 14.010837948651144 - -3.342830624724936 0.01307393540194529
241391 660.6233784732855 14.151992769907498 - -5.472468682737724 0.017735355452198554
 Adding parameter  x0  with limits  [-5.0, 5.0]
   Adapting  x0
 Adding parameter  x1  with limits  [-5.0, 5.0]
   Adapting  x1
 Adding parameter  x2  with limits  [-5.0, 5.0]
   Adapting  x2
 Adding parameter  x3  with limits  [-5.0, 5.0]
   Adapting  x3
40000 3.789284626625631 14.104609628290502 - -3.6888794541139363 0.34049076859275296
257410 1056.2735716368966 14.010837948651144 - -3.342830624724936 0.012753444249416325
80144 5.131485333884558 14.246561417802148 - -5.533161091983817 0.22818918883145997
281576 830.7220288373304 14.151992769907498 - -5.472468682737724 0.015916793829906833
320080 59.11612911655097 14.275700872949797 - -5.588907606633131 0.06807957457287761
120159 28.76984251913785 14.248660932273438 - -5.533161091983817 0.09059206250584295
 Adding parameter  x0  with limits  [-5.0, 5.0]
   Adapting  x0
 Adding parameter  x1  with limits  [-5.0, 5.0]
   Adapting  x1
 Adding parameter  x2  with limits  [-5.0, 5.0]
   Adapting  x2
 Adding parameter  x3  with limits  [-5.0, 5.0]
   Adapting  x3
10000 8.264703497763682 13.990639607999842 - -2.3025850929940455 0.21740896807046414
160629 47.12484775561808 14.271413130524149 - -5.533161091983817 0.07168425702836123
20080 27.884723198633285 13.990639607999842 - -3.1818996577783993 0.1044071168661137
30097 40.453931424869154 14.041948370057245 - -3.182160244099092 0.08210781342462259
321728 997.0929204367981 14.151992769907498 - -5.472468682737724 0.014463752577961033
801887 2548.608714523845 14.150969225448085 - -5.512177903307545 0.009156355977749836
40224 66.61806742458754 14.041988997615672 - -3.182473822025776 0.06435477334335536
201189 69.83313980452215 14.271413130524149 - -5.533161091983817 0.05845118588416764
50464 86.0621546403729 14.046268381106035 - -3.182473822025776 0.05446065595787304
60535 109.11608676809284 14.046268381106035 - -3.182473822025776 0.04809611208487629
70860 132.3374395389244 14.046268381106035 - -3.182473822025776 0.043183084457663695
241953 93.21033603604278 14.271413130524149 - -5.533161091983817 0.051081306893277036
81090 157.54378709326005 14.046268381106035 - -3.182473822025776 0.04024095228769892
362426 1169.2450539338304 14.151992769907498 - -5.472468682737724 0.013294790930792144
480163 142.18653822751938 14.275700872949797 - -5.588907606633131 0.04158291938328556
91422 176.9405154995821 14.049487695048061 - -3.182473822025776 0.037163130782870195
282461 112.33183880813746 14.271413130524149 - -5.533161091983817 0.04543829392377083
101742 199.84963377008444 14.049487695048061 - -3.182473822025776 0.03488131247300632
112135 222.26790482081412 14.049487695048061 - -3.182473822025776 0.033102808874327504
323061 119.57761539162354 14.280261872218311 - -5.533161091983817 0.04204167896229451
403070 1348.0546056940802 14.151992769907498 - -5.472468682737724 0.012342077225170545
122575 247.78037884269946 14.049487695048061 - -3.182473822025776 0.031396795036480275
363795 140.6199130220158 14.280261872218311 - -5.533161091983817 0.03910208897591684
132591 270.24327029604956 14.049487695048061 - -3.182473822025776 0.02990642981083306
640435 231.0986999287568 14.275700872949797 - -5.588907606633131 0.031770728450198384
443632 1524.1307133549453 14.151992769907498 - -5.472468682737724 0.01157010142435716
962463 3336.4313122676144 14.150969225448085 - -5.512177903307545 0.007995114352404444
142895 294.7587619226342 14.049487695048061 - -3.182473822025776 0.028494008953239062
404047 158.1074761955552 14.280261872218311 - -5.533161091983817 0.03619421731314013
153551 318.5573691956049 14.049487695048061 - -3.182473822025776 0.02723023657766798
444142 177.06435850717287 14.280261872218311 - -5.533161091983817 0.03450919723080447
163841 343.75048033968915 14.049487695048061 - -3.182473822025776 0.02607646140108322
484882 1709.6871937194956 14.151992769907498 - -5.472468682737724 0.010927928374791491
174461 369.64570740143625 14.049487695048061 - -3.182473822025776 0.02500601524893469
484494 201.48778694300557 14.280261872218311 - -5.533161091983817 0.0322668506146679
800722 321.59434975092853 14.277423796195707 - -5.588907606633131 0.026556847594591048
184709 395.48284490749677 14.049487695048061 - -3.182473822025776 0.024217462263329048
525740 1899.103947470159 14.151992769907498 - -5.472468682737724 0.010388490685661835
195223 422.734496009668 14.049487695048061 - -3.182473822025776 0.023471945836297997
524769 222.35028571218015 14.280261872218311 - -5.533161091983817 0.03063872837683082
205363 448.74247043547916 14.049487695048061 - -3.182473822025776 0.02276797133107045
215724 474.544722479407 14.049487695048061 - -3.182473822025776 0.022053279108873843
565545 240.80711959733512 14.280261872218311 - -5.533161091983817 0.02917960217541173
566660 2091.6174608055326 14.151992769907498 - -5.472468682737724 0.00989384956825835
226384 496.2395039614881 14.049487695048061 - -3.182473822025776 0.021458592409122502
961324 404.167479428334 14.278391933935831 - -5.588907606633131 0.02307759695639198
605772 263.0161149955429 14.280369321275854 - -5.533161091983817 0.028201661905398395
236464 521.2375932431048 14.049487695048061 - -3.182473822025776 0.02095595988686747
608072 2281.8582803164345 14.151992769907498 - -5.472468682737724 0.009515652523164973
246856 538.2932945174817 14.050696589397134 - -3.182473822025776 0.020407770121888335
647310 285.50115488814845 14.280369321275854 - -5.533161091983817 0.027122827931260772
257392 567.1583583517 14.050696589397134 - -3.182473822025776 0.020040212239917865
649540 2464.800784806551 14.151992769907498 - -5.472468682737724 0.00914723904422531
1121614 500.39866354587883 14.278391933935831 - -5.588907606633131 0.02053692866045696
688560 309.4049478378367 14.280369321275854 - -5.533161091983817 0.026138989476136222
690850 2666.254761415521 14.151992769907498 - -5.472468682737724 0.0088002918344932
729615 331.4003311164022 14.280369321275854 - -5.533161091983817 0.0252249822776102
 Adding parameter  x0  with limits  [-5.0, 5.0]
   Adapting  x0
 Adding parameter  x1  with limits  [-5.0, 5.0]
   Adapting  x1
 Adding parameter  x2  with limits  [-5.0, 5.0]
   Adapting  x2
 Adding parameter  x3  with limits  [-5.0, 5.0]
   Adapting  x3
 Adding parameter  x0  with limits  [-5.0, 5.0]
   Adapting  x0
 Adding parameter  x1  with limits  [-5.0, 5.0]
   Adapting  x1
 Adding parameter  x2  with limits  [-5.0, 5.0]
   Adapting  x2
 Adding parameter  x3  with limits  [-5.0, 5.0]
   Adapting  x3
10000 5.438155651086576 13.98378477850573 - -2.3025850929940455 0.2584478647919598
20132 10.85295925910994 14.072787437330263 - -3.472587377748828 0.18203903347087813
30212 21.887912163413453 14.082879396266572 - -4.014700469756118 0.11396342531146936
40286 43.714985856182885 14.082879396266572 - -4.015237815282212 0.07302571982233813
50483 72.38479970053066 14.083327015294099 - -4.015411531950764 0.058968615382718095
60716 94.73649283884414 14.088350117052919 - -4.01566731913722 0.05141119709340103
1283210 603.4775829760476 14.278391933935831 - -5.588907606633131 0.01871856426945222
70790 118.70392123306945 14.088350117052919 - -4.01566731913722 0.04474615486464764
769915 355.1300602003966 14.280369321275854 - -5.533161091983817 0.024371622330713476
80954 141.37031536464315 14.088350117052919 - -4.01566731913722 0.04041517984947286
91414 165.2696540177248 14.088350117052919 - -4.01566731913722 0.03729407054732942
160000 12.059090147628167 14.174649987802141 - -4.485167393593395 0.11851464138671136
731696 2862.8073257686983 14.151992769907498 - -5.472468682737724 0.008487508667237577
101566 190.26778889975594 14.088350117052919 - -4.01566731913722 0.03460246110886994
111732 215.4732486054058 14.088350117052919 - -4.01566731913722 0.032634428029510665
121924 245.1236384644157 14.088350117052919 - -4.01566731913722 0.030737794910148497
810895 374.0049003614289 14.280369321275854 - -5.533161091983817 0.02356583264894703
132019 268.1845399503693 14.088350117052919 - -4.01566731913722 0.029343667740452658
142414 298.27421633851554 14.088350117052919 - -4.01566731913722 0.028017529272438287
320083 207.9721880311917 14.176422783827912 - -4.485485864933667 0.026191949543840576
152620 323.84612770693275 14.088350117052919 - -4.01566731913722 0.026727021466742232
772696 3051.988719591545 14.151992769907498 - -5.472468682737724 0.008209724797842615
163204 346.58945816526204 14.090220706997835 - -4.01566731913722 0.025781296506899923
852935 397.54423594574104 14.280369321275854 - -5.533161091983817 0.022806305327601258
173292 371.77570228464236 14.090220706997835 - -4.01566731913722 0.024752243096431613
1444881 701.7256481582801 14.278391933935831 - -5.588907606633131 0.01730542353528222
183588 398.0970850053252 14.090220706997835 - -4.01566731913722 0.02393614522292654
480145 427.9568363891157 14.178397097106519 - -4.485485864933667 0.01723606810283297
194287 428.5115819781766 14.090220706997835 - -4.01566731913722 0.023198659500959437
204463 455.01683657096237 14.090220706997835 - -4.01566731913722 0.022431105575720384
894146 426.2970808794164 14.280369321275854 - -5.533161091983817 0.022201175152017246
214759 480.7619883682662 14.090220706997835 - -4.01566731913722 0.02180089175106994
225427 510.2436485682243 14.090220706997835 - -4.01566731913722 0.021216614793779415
235514 537.586717967208 14.090220706997835 - -4.01566731913722 0.020653633319450523
934664 446.18788995496146 14.280369321275854 - -5.533161091983817 0.021570900277125514
640984 572.5737214281191 14.189685791307568 - -4.485485864933667 0.013989490025286603
245810 555.6994668488941 14.091390414517193 - -4.01566731913722 0.020162509365409944
1605909 805.0786712726228 14.278391933935831 - -5.588907606633131 0.01610631332791426
256326 579.4764903133197 14.091390414517193 - -4.01566731913722 0.019664071552755638
976298 469.97471592816026 14.280369321275854 - -5.533161091983817 0.021019934976588363
 Adding parameter  x0  with limits  [-5.0, 5.0]
   Adapting  x0
 Adding parameter  x1  with limits  [-5.0, 5.0]
   Adapting  x1
 Adding parameter  x2  with limits  [-5.0, 5.0]
   Adapting  x2
 Adding parameter  x3  with limits  [-5.0, 5.0]
   Adapting  x3
10000 3.3480495193222266 14.10042776735576 - -2.3025850929940455 0.3982406360026104
20087 8.248609206125007 14.10042776735576 - -3.284200818716385 0.20049366827300452
30107 15.445583458830848 14.111150286861138 - -3.2848037732115896 0.12453477287624781
40208 24.253742104744205 14.111150286861138 - -3.2848037732115896 0.08744518618791364
50448 33.00294031377933 14.111150286861138 - -3.2848037732115896 0.07056376493690329
60708 42.41821363528919 14.111150286861138 - -3.2848037732115896 0.061749172936823464
71100 40.88057027277039 14.128816943482109 - -3.2848037732115896 0.05985282183812037
802114 780.2259622004289 14.189685791307568 - -4.485485864933667 0.01181417290134381
81484 48.62830870503316 14.128816943482109 - -3.2848037732115896 0.05230213281276034
1016401 491.14643703955227 14.280369321275854 - -5.533161091983817 0.02055197361163159
91584 55.44876787524353 14.128816943482109 - -3.2848037732115896 0.047102446762030556
101692 62.21463845174475 14.128816943482109 - -3.2848037732115896 0.04315590702355591
112024 70.29517176136942 14.128816943482109 - -3.2848037732115896 0.041665023158818267
1766389 901.5569816197184 14.278391933935831 - -5.588907606633131 0.015168277931809197
122207 77.97260078458999 14.128816943482109 - -3.2848037732115896 0.03882784496578318
132239 86.50477353069655 14.129383280079038 - -3.2848037732115896 0.03825104302534569
142671 92.96838807231586 14.129383280079038 - -3.2848037732115896 0.03603837895130956
152796 100.38754842581955 14.129383280079038 - -3.2848037732115896 0.03470618720431094
163206 110.39225866820364 14.129383280079038 - -3.2848037732115896 0.03452702215690935
173258 121.61464599371983 14.129383280079038 - -3.2848037732115896 0.03385757045187664
962774 997.7831876537886 14.189685791307568 - -4.485485864933667 0.010458210462466633
183730 110.77973026730811 14.141171649171174 - -3.2848037732115896 0.033150079817875794
 Adding parameter  x0  with limits  [-5.0, 5.0]
   Adapting  x0
 Adding parameter  x1  with limits  [-5.0, 5.0]
   Adapting  x1
 Adding parameter  x2  with limits  [-5.0, 5.0]
   Adapting  x2
 Adding parameter  x3  with limits  [-5.0, 5.0]
   Adapting  x3
194356 118.04824433983919 14.141171649171174 - -3.2848037732115896 0.03212194508773774
40000 6.770128364283677 14.100265500489169 - -3.6888794541139363 0.20841231878646438
204665 125.03694217110977 14.141171649171174 - -3.2848037732115896 0.03137665200961775
80032 44.51246032000445 14.12687654202847 - -4.4169038415897415 0.05920689931772831
120198 86.08621406789254 14.158427213483904 - -4.4169038415897415 0.03953781510713586
215299 132.60585407059907 14.141171649171174 - -3.2848037732115896 0.030332823615562946
1928173 1010.5962879830572 14.278391933935831 - -5.588907606633131 0.01437231882373214
160604 146.09196789211424 14.165489434186625 - -4.4169038415897415 0.0322331587109246
225379 139.39925269834046 14.141171649171174 - -3.2848037732115896 0.029210481896709137
200860 157.020138915723 14.186081274632794 - -4.4169038415897415 0.02691902344864989
235687 147.5469496205324 14.141171649171174 - -3.2848037732115896 0.028591689179752657
241228 204.8065054073286 14.186081274632794 - -4.4169038415897415 0.02436847421582484
246139 154.72828346261406 14.141171649171174 - -3.2848037732115896 0.0278215516229211
256771 162.91091888738472 14.141171649171174 - -3.2848037732115896 0.02759306725907626
281528 256.6352828666591 14.186081274632794 - -4.4169038415897415 0.021863629055078673
1123167 1229.063059373549 14.189685791307568 - -4.485485864933667 0.009438907675590818
322324 308.13746129786335 14.186081274632794 - -4.4169038415897415 0.019930749217661105
 Adding parameter  x0  with limits  [-5.0, 5.0]
   Adapting  x0
 Adding parameter  x1  with limits  [-5.0, 5.0]
   Adapting  x1
 Adding parameter  x2  with limits  [-5.0, 5.0]
   Adapting  x2
 Adding parameter  x3  with limits  [-5.0, 5.0]
   Adapting  x3
2089187 1110.6510508509562 14.278391933935831 - -5.588907606633131 0.013687259110245625
10000 5.420755753570765 14.006556448184982 - -2.3025850929940455 0.2403930852008828
20010 10.391544194693324 14.055957392643279 - -3.4553698605505483 0.14844288080572832
30108 29.003950699850606 14.055957392643279 - -3.874232298230534 0.08250391564530983
40358 50.32396114105215 14.067944591803967 - -3.8745235462302627 0.061020701393416664
362873 358.5515722026566 14.186081274632794 - -4.4169038415897415 0.018390226304623475
50619 63.90986776791943 14.076656500470277 - -3.8749067614102737 0.0501028633268981
60644 64.70553288274482 14.097310467943482 - -3.8749067614102737 0.04502151686139338
70994 82.07054744673935 14.097310467943482 - -3.8749067614102737 0.039412008628886566
81094 98.92939289807333 14.097310467943482 - -3.8749067614102737 0.035688717759831234
91192 110.49642970951491 14.103125008507915 - -3.8749067614102737 0.03445404370397443
101647 127.40184220649789 14.103125008507915 - -3.8749067614102737 0.03243112239905505
112159 144.27886114102716 14.103125008507915 - -3.8749067614102737 0.029781197946628476
403753 411.8384476552972 14.186081274632794 - -4.4169038415897415 0.017132706948522664
122299 159.13097659075066 14.103125008507915 - -3.8749067614102737 0.02783845626253292
132934 172.4334616468587 14.105391271746889 - -3.8749067614102737 0.026734140788766573
143350 188.4878651545617 14.105391271746889 - -3.8749067614102737 0.025409109259075493
153386 205.98369125623458 14.105391271746889 - -3.8749067614102737 0.024541884263999062
444781 465.4609884926616 14.186081274632794 - -4.4169038415897415 0.016109079307086237
163630 198.42194919494244 14.114153759817853 - -3.8749067614102737 0.024273975998377967
1283199 1462.887622234015 14.189685791307568 - -4.485485864933667 0.008658425666807001
 Adding parameter  x0  with limits  [-5.0, 5.0]
   Adapting  x0
 Adding parameter  x1  with limits  [-5.0, 5.0]
   Adapting  x1
 Adding parameter  x2  with limits  [-5.0, 5.0]
   Adapting  x2
 Adding parameter  x3  with limits  [-5.0, 5.0]
   Adapting  x3
173698 214.31616396508758 14.114153759817853 - -3.8749067614102737 0.023571073321690512
40000 7.161290084295382 14.105524525792683 - -3.6888794541139363 0.2062712376282512
183958 227.03539859913005 14.114153759817853 - -3.8749067614102737 0.022562374596533576
80004 40.990522624480896 14.127734817581613 - -3.709544867841738 0.07104548329279982
194542 242.32769355700765 14.114153759817853 - -3.8749067614102737 0.021862756368713005
120277 49.43561485354488 14.173092357137202 - -3.709544867841738 0.05751067842019612
2251163 1221.369209644929 14.278391933935831 - -5.588907606633131 0.013069817183743495
485222 491.69458574363347 14.18981433053461 - -4.4169038415897415 0.01527592351578068
204574 257.025075167169 14.114153759817853 - -3.8749067614102737 0.021297858767331836
160737 65.16728697537026 14.185107565536658 - -3.709544867841738 0.0505193663971731
214892 273.5210819891431 14.114153759817853 - -3.8749067614102737 0.02070516290299687
225342 289.5471208238188 14.114153759817853 - -3.8749067614102737 0.02043313509557162
201270 74.6524023807754 14.196236550526423 - -3.709544867841738 0.044868556711760765
235968 303.94549295256746 14.114153759817853 - -3.8749067614102737 0.019950372281981012
526010 545.270668568713 14.18981433053461 - -4.4169038415897415 0.01452402109271166
241815 78.19617307746888 14.21211519361809 - -3.709544867841738 0.04321109775455746
246726 319.73747466425925 14.114153759817853 - -3.8749067614102737 0.019310858846926494
256846 335.57567567462667 14.114153759817853 - -3.8749067614102737 0.018717940507803378
282540 93.65364933910361 14.21211519361809 - -3.709544867841738 0.03941594014065614
566878 595.7485700685668 14.18981433053461 - -4.4169038415897415 0.01370310261651583
322597 109.25036241539159 14.21211519361809 - -3.709544867841738 0.03652534490385255
1443488 1702.2917447589866 14.189685791307568 - -4.485485864933667 0.008074705501398357
362923 128.43474353770446 14.21211519361809 - -3.709544867841738 0.03385784132511444
2411295 1326.2347832369708 14.278391933935831 - -5.588907606633131 0.012512981013050553
607454 646.6519220580575 14.18981433053461 - -4.4169038415897415 0.013093005242214453
 Adding parameter  x0  with limits  [-5.0, 5.0]
   Adapting  x0
 Adding parameter  x1  with limits  [-5.0, 5.0]
   Adapting  x1
 Adding parameter  x2  with limits  [-5.0, 5.0]
   Adapting  x2
 Adding parameter  x3  with limits  [-5.0, 5.0]
   Adapting  x3
403586 146.2773732580165 14.21211519361809 - -3.709544867841738 0.03206708196828871
10000 11.049793916276714 13.978913275697197 - -2.3025850929940455 0.19498917163149682
20004 32.08794446278561 13.98726540433151 - -3.5507661519843023 0.100917732072116
30084 62.73193001921776 14.014713869078054 - -3.8362192790776644 0.059422421450699724
40184 94.00177038865672 14.038881692820944 - -3.8366509648171543 0.047225471919050965
50372 129.6457356727033 14.04432671813635 - -3.8366509648171543 0.03931478182049836
60522 160.3480459989617 14.05217963019034 - -3.8366509648171543 0.034379804253154095
70818 201.01337351581435 14.05217963019034 - -3.8366509648171543 0.030754545676323134
81090 238.01640305781945 14.05217963019034 - -3.8366509648171543 0.028089333648521748
91430 278.2903411445441 14.05217963019034 - -3.8366509648171543 0.025790604681731298
443871 163.46369268276112 14.21211519361809 - -3.709544867841738 0.030438330634389776
101930 309.7853862636584 14.056025816769884 - -3.8366509648171543 0.02406854419820978
112310 353.37720122943506 14.056025816769884 - -3.8366509648171543 0.022586112275448055
648219 700.5676563492897 14.18981433053461 - -4.4169038415897415 0.012635253526501699
122627 396.63199355583623 14.056025816769884 - -3.8366509648171543 0.02143254409780631
132977 440.70548254161156 14.056025816769884 - -3.8366509648171543 0.020437390774226325
143177 485.79346882329213 14.056025816769884 - -3.8366509648171543 0.019484133673227783
153193 528.2069191825282 14.056025816769884 - -3.8366509648171543 0.018696917335786514
163689 572.7040218472546 14.056025816769884 - -3.8366509648171543 0.017942165701803306
173784 617.8604599996322 14.056025816769884 - -3.8366509648171543 0.017257574005735868
483999 181.02242796910872 14.21211519361809 - -3.709544867841738 0.029227378411305165
184044 667.926011444835 14.056025816769884 - -3.8366509648171543 0.016768649730749666
194634 717.5381539148075 14.056025816769884 - -3.8366509648171543 0.016195680094809817
204826 769.9567891093553 14.056025816769884 - -3.8366509648171543 0.01572137223909815
688749 750.3066591681659 14.18981433053461 - -4.4169038415897415 0.012149472866649745
215256 796.5816140156654 14.05785346438811 - -3.8366509648171543 0.015281970524673803
2573485 1399.177389814842 14.280375705592503 - -5.588907606633131 0.012059503231516007
1604264 1935.779148569156 14.189685791307568 - -4.485485864933667 0.007565619031685679
225980 847.4948342594148 14.05785346438811 - -3.8366509648171543 0.014853476826186051
524223 199.16211227312937 14.21211519361809 - -3.709544867841738 0.02793144838978262
236172 888.7701449988512 14.05785346438811 - -3.8366509648171543 0.014405124885545548
246715 934.1694601141156 14.05785346438811 - -3.8366509648171543 0.01403310019650366
257544 978.4378815238629 14.05785346438811 - -3.8366509648171543 0.013683645380687654
729117 800.8616655358678 14.18981433053461 - -4.4169038415897415 0.011710329141427884
565205 215.23310671570343 14.21211519361809 - -3.709544867841738 0.026690500080242822
605573 231.24028849854773 14.21211519361809 - -3.709544867841738 0.025610898385295563
769381 849.4559750294569 14.18981433053461 - -4.4169038415897415 0.011297583108851589
 Adding parameter  x0  with limits  [-5.0, 5.0]
   Adapting  x0
 Adding parameter  x1  with limits  [-5.0, 5.0]
   Adapting  x1
 Adding parameter  x2  with limits  [-5.0, 5.0]
   Adapting  x2
 Adding parameter  x3  with limits  [-5.0, 5.0]
   Adapting  x3
10000 3.542349273621216 14.091385653944911 - -2.3025850929940455 0.3993237280123789
20176 5.174392200847026 14.091385653944911 - -3.228430037673012 0.28828971131377856
30277 8.797730497433676 14.091385653944911 - -4.008671925083892 0.21168616609537302
40423 16.544427353148905 14.091385653944911 - -4.7206408598844245 0.13306484574690192
50467 18.795457215399914 14.148467923829616 - -5.2222498285454915 0.11382171970686757
60667 20.701890704932698 14.193837175499663 - -5.22317575453757 0.10040191095702343
2736253 1510.3372598899755 14.280375705592503 - -5.588907606633131 0.011637856751504538
70742 28.39811683099742 14.193837175499663 - -5.223491560635252 0.07827960105072503
80922 35.86731062989925 14.193837175499663 - -5.223733252479329 0.06716414338826455
91470 45.725319516705056 14.193837175499663 - -5.224116761592371 0.05831968451077648
101790 47.927674307629204 14.205788516329624 - -5.224116761592371 0.05716895014170228
646898 245.46248662674498 14.21211519361809 - -3.709544867841738 0.024527864232273953
112395 56.656702398661736 14.205788516329624 - -5.224116761592371 0.0534813643494998
122574 65.67018742867286 14.205788516329624 - -5.224116761592371 0.05074385591400363
133260 76.14852252459752 14.205788516329624 - -5.224116761592371 0.04891394539088783
143652 83.84702633119865 14.205788516329624 - -5.224116761592371 0.0460755759305421
1766135 2170.6341956146807 14.189685791307568 - -4.485485864933667 0.007142446115255417
153717 91.39793235508017 14.206843884963416 - -5.224116761592371 0.044185744493124464
164288 100.92779481973253 14.206843884963416 - -5.224116761592371 0.04238864385519744
810289 904.3330382930474 14.18981433053461 - -4.4169038415897415 0.010983310433088445
175200 113.3636022891391 14.206843884963416 - -5.224116761592371 0.04166640864822409
185820 121.82215444018894 14.206843884963416 - -5.224116761592371 0.04033484389634092
196710 130.18276312315845 14.206843884963416 - -5.224116761592371 0.03894170596621556
687398 262.2295638184354 14.21211519361809 - -3.709544867841738 0.023655373379802686
206772 138.17626085076182 14.206843884963416 - -5.224116761592371 0.03767218506549499
217185 147.36020406299411 14.206843884963416 - -5.224116761592371 0.03621861071436251
227949 155.19209691886786 14.206843884963416 - -5.224116761592371 0.03511093195521011
239001 163.67412901344355 14.206843884963416 - -5.224116761592371 0.034089832234435354
249089 171.09867938932743 14.206843884963416 - -5.224116761592371 0.033435096439791166
259377 178.0056969648615 14.206843884963416 - -5.224116761592371 0.032543927189553526
850546 959.0079751729952 14.18981433053461 - -4.4169038415897415 0.010708717250173853
728411 279.08946462178193 14.21211519361809 - -3.709544867841738 0.02282921575667311
2897345 1613.6785829316996 14.280375705592503 - -5.588907606633131 0.011299287376960548
 Adding parameter  x0  with limits  [-5.0, 5.0]
   Adapting  x0
 Adding parameter  x1  with limits  [-5.0, 5.0]
   Adapting  x1
 Adding parameter  x2  with limits  [-5.0, 5.0]
   Adapting  x2
 Adding parameter  x3  with limits  [-5.0, 5.0]
   Adapting  x3
768841 296.6249872060007 14.21211519361809 - -3.709544867841738 0.022291076404445703
10000 1.410082086208682 14.095670035956315 - -2.3025850929940455 0.7161876600947099
20080 2.2637709211512353 14.204701955968881 - -3.6144252681889886 0.4897918160755766
30160 4.966769523371291 14.204701955968881 - -4.902831128489754 0.25699596025974475
40204 17.818497084148213 14.204701955968881 - -5.796556235830491 0.11355758125164846
50352 27.98840624092133 14.24161712853496 - -5.797364752246991 0.08386327194264034
60498 38.265680851498615 14.260635772119798 - -5.797364752246991 0.06969001136358242
70674 54.06250155364788 14.260635772119798 - -5.797364752246991 0.05931256271020024
80911 70.19114244011591 14.260635772119798 - -5.797364752246991 0.049302494403321774
891991 1014.6855681763377 14.18981433053461 - -4.4169038415897415 0.010460314833146214
91207 85.9550509916453 14.260635772119798 - -5.797364752246991 0.04492008108105018
101239 102.26150779400997 14.260635772119798 - -5.797364752246991 0.040902046083562286
111592 108.85348828807123 14.266287571571464 - -5.797364752246991 0.038869034045930985
121912 123.40890842822883 14.266287571571464 - -5.797364752246991 0.03594545192824368
132010 118.52409517140917 14.277636695963846 - -5.797364752246991 0.03446564918056741
142057 130.57679105909614 14.277636695963846 - -5.797364752246991 0.03223155237205151
152105 142.89881978545236 14.277636695963846 - -5.797364752246991 0.030684352663875484
1926935 2403.2188561469893 14.189685791307568 - -4.485485864933667 0.006760775592865533
162473 157.18738926382116 14.277636695963846 - -5.797364752246991 0.029022803063033852
172733 171.44941692653177 14.277636695963846 - -5.797364752246991 0.02800893613944291
183023 184.8529757608464 14.277636695963846 - -5.797364752246991 0.027109025357452216
193658 199.99480403447572 14.277636695963846 - -5.797364752246991 0.02631663067543571
810415 315.2827892942826 14.21211519361809 - -3.709544867841738 0.021614227856167508
203822 211.81270237852095 14.277636695963846 - -5.797364752246991 0.025427420352282182
214308 226.10858318428035 14.277636695963846 - -5.797364752246991 0.024430506792109907
224934 238.48897912338816 14.277636695963846 - -5.797364752246991 0.023700054744457542
932031 1070.209704874231 14.18981433053461 - -4.4169038415897415 0.010176808797419166
235074 252.75576939596752 14.277636695963846 - -5.797364752246991 0.02290851616284694
851165 330.19685190670765 14.212635230612268 - -3.709544867841738 0.021140031662811164
245474 267.2445661517653 14.277636695963846 - -5.797364752246991 0.022276304593805304
255566 280.2330893513075 14.277636695963846 - -5.797364752246991 0.021788198165884516
3059975 1727.093902531243 14.280375705592503 - -5.588907606633131 0.01092229211305503
891221 346.7923464898275 14.212635230612268 - -3.709544867841738 0.0205188226255423
973423 1121.8554256327727 14.18981433053461 - -4.4169038415897415 0.009880105702101166
932381 350.8969869876198 14.214770695306395 - -3.709544867841738 0.020061101329467538
 Adding parameter  x0  with limits  [-5.0, 5.0]
   Adapting  x0
 Adding parameter  x1  with limits  [-5.0, 5.0]
   Adapting  x1
 Adding parameter  x2  with limits  [-5.0, 5.0]
   Adapting  x2
 Adding parameter  x3  with limits  [-5.0, 5.0]
   Adapting  x3
2087423 2638.201650800986 14.189685791307568 - -4.485485864933667 0.006454111679894954
10000 10.164395983520391 13.96555966037709 - -2.3025850929940455 0.22797789032777646
20125 16.5748919629191 14.031535676471652 - -3.594568774642695 0.13470546325862956
30237 37.81141038167093 14.06178716135325 - -3.9926776630252943 0.07603605091693132
40437 76.59460786885714 14.06178716135325 - -3.992895267204153 0.052176864422800784
50637 115.94230841474933 14.066695737069148 - -3.9931735861594704 0.04159717324082205
60805 146.82160179232213 14.06923050014972 - -3.9931735861594704 0.03617846133083289
972585 365.9896631682129 14.214770695306395 - -3.709544867841738 0.019524573504907997
1014073 1176.366725055798 14.18981433053461 - -4.4169038415897415 0.009617424677697032
71081 71.42154037881642 14.138189405624033 - -3.9931735861594704 0.03416073099168136
81406 87.61359676428316 14.138189405624033 - -3.9931735861594704 0.030017805302187003
91641 104.51408318225734 14.138189405624033 - -3.9931735861594704 0.027318945324840336
101679 119.17454400302546 14.138189405624033 - -3.9931735861594704 0.025255144536619235
111899 135.14751896791398 14.138189405624033 - -3.9931735861594704 0.02345254650006432
 Adding parameter  x0  with limits  [-5.0, 5.0]
   Adapting  x0
 Adding parameter  x1  with limits  [-5.0, 5.0]
   Adapting  x1
 Adding parameter  x2  with limits  [-5.0, 5.0]
   Adapting  x2
 Adding parameter  x3  with limits  [-5.0, 5.0]
   Adapting  x3
10000 1.000167453445763 14.166027665024574 - -2.3025850929940455 0.9993323716542025
20010 1.210921917224819 14.166027665024574 - -3.3789517727148355 0.838831583837496
122273 152.47956134315928 14.138189405624033 - -3.9931735861594704 0.02250684178699714
30150 2.036958385337041 14.26549214591575 - -4.386179499581093 0.5871720515135647
40239 3.3222205603531143 14.26549214591575 - -5.3645056223747005 0.3819784811211741
50263 8.109347207496723 14.288167636958022 - -6.3581276971851794 0.22620119775208894
60361 13.93581474442059 14.306414378643357 - -7.2957884547955265 0.14282450256614637
70393 34.09369869385733 14.306414378643357 - -8.126158747215197 0.09018973995248798
80491 70.08951953597216 14.329037467286582 - -8.126872777948853 0.05869786818795408
90688 113.20415785809182 14.329037467286582 - -8.126872777948853 0.04716132162646293
132605 168.80796775096235 14.138189405624033 - -3.9931735861594704 0.021257712554000496
100867 155.64906966464005 14.33026056014335 - -8.126872777948853 0.040407039833644166
111211 195.5361997231932 14.33026056014335 - -8.126872777948853 0.03596122934920465
121291 234.53110728802721 14.33026056014335 - -8.126872777948853 0.032551218157816905
1013548 380.52645315291716 14.214770695306395 - -3.709544867841738 0.018982086691328847
131456 274.1090447807385 14.33026056014335 - -8.126872777948853 0.029850727206372454
142805 186.27473724453952 14.138189405624033 - -3.9931735861594704 0.020605762313118083
141896 295.96911184281646 14.33563093175166 - -8.126872777948853 0.027781112242614734
3221784 1839.4533031056653 14.280375705592503 - -5.588907606633131 0.010611932144789905
152368 342.6079139865647 14.33563093175166 - -8.126872777948853 0.025924754057459
153379 202.09393221350027 14.138189405624033 - -3.9931735861594704 0.019731255334135406
162992 380.9653741819834 14.336144692791803 - -8.126872777948853 0.024411015439169636
173297 415.8541231075968 14.336144692791803 - -8.126872777948853 0.02306390284825731
163603 218.4887300674651 14.138189405624033 - -3.9931735861594704 0.018807451259148754
183872 463.59315116224803 14.336144692791803 - -8.126872777948853 0.02195060245400979
174227 237.5057622389458 14.138189405624033 - -3.9931735861594704 0.018412213020314316
194498 505.62195074144756 14.336144692791803 - -8.126872777948853 0.021049328017321827
204560 545.5239755518328 14.336144692791803 - -8.126872777948853 0.02024192317583476
215090 589.4466122450307 14.336144692791803 - -8.126872777948853 0.019463774594189236
184667 255.89234890425686 14.138189405624033 - -3.9931735861594704 0.017952339488128126
225841 632.8880478663384 14.336144692791803 - -8.126872777948853 0.01866408370281282
235969 674.5286692708286 14.336144692791803 - -8.126872777948853 0.018069056918442808
194789 271.22967730501534 14.138189405624033 - -3.9931735861594704 0.017281240832603764
246277 724.8639712683832 14.336144692791803 - -8.126872777948853 0.017554180967439898
256993 769.7668632371463 14.336144692791803 - -8.126872777948853 0.017028417286584326
205289 289.1767695129949 14.138189405624033 - -3.9931735861594704 0.016883271477070687
216013 306.4628016470968 14.138189405624033 - -3.9931735861594704 0.01629995047624083
226426 323.78539266606316 14.138189405624033 - -3.9931735861594704 0.015911339386951086
237086 341.9631045083989 14.138189405624033 - -3.9931735861594704 0.015423119052842596
3381889 1947.2652133268446 14.280375705592503 - -5.588907606633131 0.010328512603620681
2248400 2875.815405109066 14.189685791307568 - -4.485485864933667 0.0061798595589566945
247106 358.320787943957 14.138189405624033 - -3.9931735861594704 0.015189281653947813
257342 374.77396736975135 14.138189405624033 - -3.9931735861594704 0.014887474708257114
3545684 2054.948874887159 14.280375705592503 - -5.588907606633131 0.010036004693260088
 Adding parameter  x0  with limits  [-5.0, 5.0]
   Adapting  x0
 Adding parameter  x1  with limits  [-5.0, 5.0]
   Adapting  x1
 Adding parameter  x2  with limits  [-5.0, 5.0]
   Adapting  x2
 Adding parameter  x3  with limits  [-5.0, 5.0]
   Adapting  x3
40000 25.91087752395213 14.008982159805413 - -3.3639015969184585 0.08575728319920875
80140 178.8895757906186 14.008982159805413 - -3.3639015969184585 0.032467075751816864
120271 345.4373768287537 14.008982159805413 - -3.3639015969184585 0.022912198549405908
 Adding parameter  x0  with limits  [-5.0, 5.0]
   Adapting  x0
 Adding parameter  x1  with limits  [-5.0, 5.0]
   Adapting  x1
 Adding parameter  x2  with limits  [-5.0, 5.0]
   Adapting  x2
 Adding parameter  x3  with limits  [-5.0, 5.0]
   Adapting  x3
40000 5.163385604449152 14.104066852477262 - -3.6888794541139363 0.24520967034017324
160741 532.101198903979 14.008982159805413 - -3.3639015969184585 0.01835432687414241
80004 39.99308583702652 14.135372403299991 - -4.270060575807915 0.06781970126729724
120264 110.00887847351117 14.138823338952074 - -4.270060575807915 0.04447457468223438
201325 715.3418241549055 14.008982159805413 - -3.3639015969184585 0.0159190915125358
160468 180.55084945223635 14.138823338952074 - -4.270060575807915 0.03484454476678405
201028 222.7797864055744 14.14741401518144 - -4.270060575807915 0.029551792466870737
241475 895.2390661993811 14.008982159805413 - -3.3639015969184585 0.014074552622691945
 Adding parameter  x0  with limits  [-5.0, 5.0]
   Adapting  x0
 Adding parameter  x1  with limits  [-5.0, 5.0]
   Adapting  x1
 Adding parameter  x2  with limits  [-5.0, 5.0]
   Adapting  x2
 Adding parameter  x3  with limits  [-5.0, 5.0]
   Adapting  x3
241726 291.08428507209976 14.14741401518144 - -4.270060575807915 0.025730284694021024
10000 1.298911061182121 14.01938599941141 - -2.3025850929940455 0.7768112692760176
20030 2.2967575074182447 14.065251286347062 - -3.530762586016799 0.516772466636794
30040 2.327939032746749 14.226104882943094 - -4.670196869205164 0.4622567433736498
40050 8.09591503288048 14.236622941015595 - -5.770807160535947 0.21211808601253523
50114 6.452880898763157 14.343472803067481 - -6.815315190210856 0.20161602711402507
60119 16.84485125759276 14.344466565575416 - -7.023637381919011 0.1152869751764785
70318 22.100483760170928 14.364816452411345 - -7.023861170663372 0.08502506997972688
80470 28.416154752106753 14.37695584933509 - -7.024164292823922 0.0733848778043924
282142 357.45411958251026 14.14741401518144 - -4.270060575807915 0.023003533691879168
90504 38.87210570154583 14.37695584933509 - -7.024164292823922 0.06477415609915059
100654 47.17608086353058 14.37695584933509 - -7.024164292823922 0.055579932626582236
282231 1054.8438351270152 14.010823096947105 - -3.3639015969184585 0.012755197105020166
110878 57.80370471943637 14.37695584933509 - -7.024164292823922 0.05048802314637076
121350 70.79491025757324 14.37695584933509 - -7.024164292823922 0.049145322793828224
322642 428.9682931179347 14.14741401518144 - -4.270060575807915 0.020971157539120475
131535 80.38648176298238 14.37695584933509 - -7.024164292823922 0.04489696991099417
141909 89.72574455293058 14.37695584933509 - -7.024164292823922 0.04261601863182997
152421 99.7890701300501 14.37695584933509 - -7.024164292823922 0.03993509246980355
322299 1242.5296762582416 14.010823096947105 - -3.3639015969184585 0.01177201563565766
162502 110.36296059020313 14.37695584933509 - -7.024164292823922 0.03731525284916006
362836 498.40454201245495 14.14741401518144 - -4.270060575807915 0.019458988976361963
172940 118.69537868304872 14.37695584933509 - -7.024164292823922 0.035003350581161885
183404 128.55799973608845 14.37695584933509 - -7.024164292823922 0.03292859911197636
2410205 3116.5067553936387 14.189685791307568 - -4.485485864933667 0.005948347540472686
194060 138.15130950941025 14.37695584933509 - -7.024164292823922 0.031280774898667006
362352 1433.0397932143005 14.010823096947105 - -3.3639015969184585 0.01098156762694454
403356 570.3747468301461 14.14741401518144 - -4.270060575807915 0.018395853399240603
204230 147.82579414572226 14.37695584933509 - -7.024164292823922 0.03008825368250182
214865 156.47311541412785 14.37695584933509 - -7.024164292823922 0.028770560061241835
444130 628.7600532372824 14.148990125161712 - -4.270060575807915 0.017357729623965527
225169 166.24835916947688 14.37695584933509 - -7.024164292823922 0.0275568220357764
402719 1619.5640215944177 14.010823096947105 - -3.3639015969184585 0.010310735806598895
484135 696.0500030667177 14.148990125161712 - -4.270060575807915 0.016391886910453055
235865 177.066524408876 14.37695584933509 - -7.024164292823922 0.02662001079986617
3708964 2161.689509182537 14.280375705592503 - -5.588907606633131 0.00979144567756576
246057 187.89592227407195 14.37695584933509 - -7.024164292823922 0.025575041010535704
443363 1810.427515996439 14.010823096947105 - -3.3639015969184585 0.009718811048985393
524805 763.730278289256 14.148990125161712 - -4.270060575807915 0.015541688314958566
256353 197.3121129252923 14.37695584933509 - -7.024164292823922 0.024589191261849132
 Adding parameter  x0  with limits  [-5.0, 5.0]
   Adapting  x0
 Adding parameter  x1  with limits  [-5.0, 5.0]
   Adapting  x1
 Adding parameter  x2  with limits  [-5.0, 5.0]
   Adapting  x2
 Adding parameter  x3  with limits  [-5.0, 5.0]
   Adapting  x3
10000 1.081277390729337 14.195895658268489 - -2.3025850929940455 0.9255162948801121
483653 2016.0759781198426 14.010823096947105 - -3.3639015969184585 0.009243992873938966
20048 1.3824736120946495 14.195895658268489 - -3.4882920885130893 0.7304833521407857
30194 3.082523426922004 14.195895658268489 - -4.515408375476129 0.3756283527464722
565329 835.737896511705 14.148990125161712 - -4.270060575807915 0.01487924777155707
40283 7.352070889411706 14.210270808653402 - -5.533894619664953 0.24947270509193573
50406 16.1981891633781 14.225753053701272 - -6.514848864864831 0.14429656297087123
60451 20.291219188281243 14.284379421207756 - -6.98634243727172 0.09258828149815225
70552 35.04962371855247 14.294375683069095 - -6.98634243727172 0.07103792784074
80662 48.05209863532622 14.304246912052578 - -6.98634243727172 0.05773922652416652
90670 65.31600290620335 14.304246912052578 - -6.98634243727172 0.05028504154630933
100702 80.11617489074737 14.304246912052578 - -6.98634243727172 0.04409309708985926
111142 99.07754308853598 14.304246912052578 - -6.98634243727172 0.039708499497085194
121492 117.49898950555473 14.304246912052578 - -6.98634243727172 0.03684451329270594
131508 137.378618518527 14.304246912052578 - -6.98634243727172 0.034496995193907413
606449 913.9131128577723 14.148990125161712 - -4.270060575807915 0.014221237969073111
524507 2222.098323827179 14.010823096947105 - -3.3639015969184585 0.008810802912415485
141924 154.00708505993188 14.304246912052578 - -6.98634243727172 0.032221911402997495
152019 172.49485198385486 14.304246912052578 - -6.98634243727172 0.030748683625408058
162113 191.10331515623972 14.304246912052578 - -6.98634243727172 0.029239403363255048
172627 181.90968246997733 14.315003752620262 - -6.98634243727172 0.02809153770916181
182897 198.74892489014243 14.315003752620262 - -6.98634243727172 0.02677787450866394
192977 216.11470711190145 14.315003752620262 - -6.98634243727172 0.025714371355740742
646559 989.666188367207 14.148990125161712 - -4.270060575807915 0.013665944230923217
565659 2420.633723141916 14.010823096947105 - -3.3639015969184585 0.00843465368754231
203393 230.86036370454102 14.315003752620262 - -6.98634243727172 0.024939363469202915
214241 244.80497570777104 14.315003752620262 - -6.98634243727172 0.023981679419869197
224383 262.228684970102 14.315003752620262 - -6.98634243727172 0.023247222923961523
234657 282.004577231756 14.315003752620262 - -6.98634243727172 0.022412492293127317
687043 1056.094269009797 14.148990125161712 - -4.270060575807915 0.013202153217167872
245063 300.9958876447587 14.315003752620262 - -6.98634243727172 0.022050719440599647
605919 2614.6365138110136 14.010823096947105 - -3.3639015969184585 0.008107678674048694
255623 317.77615944495216 14.315003752620262 - -6.98634243727172 0.021239977896931203
727195 1129.2966626108027 14.148990125161712 - -4.270060575807915 0.012736354301661455
3870424 2264.62289496521 14.280375705592503 - -5.588907606633131 0.009541114056402629
646316 2766.8756109854985 14.012297223343044 - -3.3639015969184585 0.007822908934034782
 Adding parameter  x0  with limits  [-5.0, 5.0]
   Adapting  x0
 Adding parameter  x1  with limits  [-5.0, 5.0]
   Adapting  x1
 Adding parameter  x2  with limits  [-5.0, 5.0]
   Adapting  x2
 Adding parameter  x3  with limits  [-5.0, 5.0]
   Adapting  x3
10000 2.6941839350233563 14.058543571969041 - -2.3025850929940455 0.4624991799501776
20005 5.481786231216935 14.072607995431229 - -3.459466289786131 0.290495373249321
30055 7.0716879211053945 14.159808757371106 - -4.5895772455136115 0.21255860850062572
40105 21.568283447302257 14.165585314338598 - -5.683846784747584 0.12320024036247394
768439 1208.3366111713024 14.148990125161712 - -4.270060575807915 0.01233400296166092
50203 62.78187848040206 14.165585314338598 - -5.912295388291487 0.06436608174538709
60235 104.1549645360466 14.174347388563682 - -5.912775349903773 0.04665642046274107
70245 151.55627840592052 14.177419332432251 - -5.913096893314903 0.03804586940236421
80325 197.5105799326626 14.177419332432251 - -5.913096893314903 0.03364640095100485
90621 252.39434714422754 14.177419332432251 - -5.913096893314903 0.03015500101053341
100718 312.56814442318074 14.177419332432251 - -5.913096893314903 0.027211232091416453
 Adding parameter  x0  with limits  [-5.0, 5.0]
   Adapting  x0
 Adding parameter  x1  with limits  [-5.0, 5.0]
   Adapting  x1
 Adding parameter  x2  with limits  [-5.0, 5.0]
   Adapting  x2
 Adding parameter  x3  with limits  [-5.0, 5.0]
   Adapting  x3
111029 365.1548452318327 14.177419332432251 - -5.913096893314903 0.025226616760999146
121156 412.29785166975887 14.177419332432251 - -5.913096893314903 0.023512159744186967
131542 458.27666357807965 14.177419332432251 - -5.913096893314903 0.022223954206658042
686636 2962.0205980695778 14.012297223343044 - -3.3639015969184585 0.007564106883139855
142108 514.8780052546492 14.177419332432251 - -5.913096893314903 0.020889789418791466
152342 572.3958416553636 14.177419332432251 - -5.913096893314903 0.019868151404743184
809749 1277.111905161587 14.148990125161712 - -4.270060575807915 0.011956342251621545
162882 632.8888733011144 14.1774990350272 - -5.913096893314903 0.018948697474939432
173426 693.1666239791634 14.1774990350272 - -5.913096893314903 0.01816164837413247
160000 106.96930009142568 14.008982159805413 - -3.3664337017258643 0.04166435366117877
184031 714.7943678750906 14.181020272427663 - -5.913096893314903 0.01746606215038324
194125 768.7687352333772 14.181020272427663 - -5.913096893314903 0.016836852358202696
204331 823.6960106257224 14.181020272427663 - -5.913096893314903 0.016224555743139937
214705 875.2652889455653 14.181020272427663 - -5.913096893314903 0.015730155796614992
225471 935.3846835254383 14.181020272427663 - -5.913096893314903 0.01519354039613108
726731 3155.23191269955 14.012297223343044 - -3.3639015969184585 0.007321779508571383
320064 785.7914653501748 14.008982159805413 - -3.3664337017258643 0.015155508014974327
235650 992.4702885957129 14.181020272427663 - -5.913096893314903 0.014754301275363603
850725 1352.7512902389858 14.148990125161712 - -4.270060575807915 0.011607764285048406
246297 1055.575822971141 14.181020272427663 - -5.913096893314903 0.014330526503586481
257074 1108.9375261118128 14.181020272427663 - -5.913096893314903 0.013930989393916036
480619 1484.307058980308 14.01259613400668 - -3.3664337017258643 0.010797694338025184
890950 1418.6525373513275 14.148990125161712 - -4.270060575807915 0.011297768666009482
4034068 2389.302575505087 14.280375705592503 - -5.588907606633131 0.009315046463359873
640794 2259.2198895356523 14.01259613400668 - -3.3664337017258643 0.008743178419436526
 Adding parameter  x0  with limits  [-5.0, 5.0]
   Adapting  x0
 Adding parameter  x1  with limits  [-5.0, 5.0]
   Adapting  x1
 Adding parameter  x2  with limits  [-5.0, 5.0]
   Adapting  x2
 Adding parameter  x3  with limits  [-5.0, 5.0]
   Adapting  x3
10000 1.3956299924336766 14.063246011566969 - -2.3025850929940455 0.7503848597106549
20108 1.6439064148259055 14.19112154372721 - -3.560477739309412 0.6283260985376523
30195 4.1694375586295 14.19112154372721 - -4.7795361810533885 0.2893422576315419
40275 16.21366012529809 14.203348774601153 - -5.966159347044211 0.16022809554737627
50355 23.140919444165647 14.265929815803567 - -7.017307216325515 0.09561636702821806
60399 65.2459470479867 14.265929815803567 - -7.017962309699745 0.05892318943856582
932375 1494.366932509283 14.148990125161712 - -4.270060575807915 0.011022291607724364
70479 109.49685395627223 14.265929815803567 - -7.018339028483631 0.04428530903916397
80647 143.5031690817354 14.27039583121007 - -7.018339028483631 0.03720877334327555
90865 183.74820880949065 14.271215731278591 - -7.018339028483631 0.032734461737169734
101161 216.28659312539958 14.274348703791885 - -7.018339028483631 0.02957381848004663
111303 261.3975403390022 14.274348703791885 - -7.018339028483631 0.02721520528160103
121677 302.6187689682039 14.274348703791885 - -7.018339028483631 0.025146838956927254
132097 349.4435860040098 14.274348703791885 - -7.018339028483631 0.023403415074819266
142429 394.8998589815277 14.274348703791885 - -7.018339028483631 0.022148043693753998
152869 442.5718531546636 14.274348703791885 - -7.018339028483631 0.021004127607490045
801544 3060.752874227224 14.01259613400668 - -3.3664337017258643 0.007504940728021802
163358 484.94524517326084 14.274348703791885 - -7.018339028483631 0.02006340908928721
 Adding parameter  x0  with limits  [-5.0, 5.0]
   Adapting  x0
 Adding parameter  x1  with limits  [-5.0, 5.0]
   Adapting  x1
 Adding parameter  x2  with limits  [-5.0, 5.0]
   Adapting  x2
 Adding parameter  x3  with limits  [-5.0, 5.0]
   Adapting  x3
10000 1.191096088740612 14.068268802027676 - -2.3025850929940455 0.8441506970040159
20064 2.4162747500774944 14.18193989792506 - -3.4741380060638702 0.4921358915498954
173966 528.4699611540514 14.274348703791885 - -7.018339028483631 0.01904950930170623
30112 4.840088020377212 14.221848218404078 - -4.578400966240794 0.3701305560677487
40192 8.859592441785242 14.245397749192207 - -5.622205018413909 0.21945679626104658
50257 9.757489344583158 14.292501246188213 - -6.62979790869485 0.16171985346787093
60405 26.59751424565108 14.292501246188213 - -6.6967898601728955 0.10393511785915892
972863 1564.531677588305 14.148990125161712 - -4.270060575807915 0.010738415512028619
70449 46.76125384865355 14.292501246188213 - -6.697275061540978 0.07583476895744798
80585 69.87389992591933 14.292501246188213 - -6.697275061540978 0.06508045430071673
90810 91.16114346706416 14.292501246188213 - -6.697275061540978 0.05669389802166421
184061 572.6759302184763 14.274348703791885 - -7.018339028483631 0.018198974855961687
100908 111.18826690995387 14.292501246188213 - -6.697275061540978 0.05048164539972978
111128 128.44138326739443 14.292501246188213 - -6.697275061540978 0.04568167602869312
121136 146.43215429236568 14.292501246188213 - -6.697275061540978 0.042147935226075094
131285 166.07217258610638 14.292501246188213 - -6.697275061540978 0.039422131228667556
194696 620.910207590597 14.274348703791885 - -7.018339028483631 0.01744665899211413
141723 188.338215733782 14.292501246188213 - -6.697275061540978 0.0365239462345491
152027 208.37442126802142 14.292501246188213 - -6.697275061540978 0.03447836471218834
162257 231.18119980528172 14.292501246188213 - -6.697275061540978 0.03264078180251397
204944 663.4156207042657 14.274348703791885 - -7.018339028483631 0.01679934538591784
172937 250.589303990279 14.292501246188213 - -6.697275061540978 0.03105369837706249
183241 271.3074083379455 14.292501246188213 - -6.697275061540978 0.029593940582986703
215612 705.1303165368095 14.274348703791885 - -7.018339028483631 0.016264155674935717
194007 294.5029480852361 14.292501246188213 - -6.697275061540978 0.028479834723794537
204290 314.2762743212154 14.292501246188213 - -6.697275061540978 0.027537021036978575
214807 336.20323517697335 14.292501246188213 - -6.697275061540978 0.02634846152519461
225752 746.7412014182532 14.274348703791885 - -7.018339028483631 0.015709399569540743
224899 355.1343812711223 14.292501246188213 - -6.697275061540978 0.02556969762373193
235135 375.0595855246527 14.292501246188213 - -6.697275061540978 0.024827686080113924
236035 769.8570857871797 14.276603977301976 - -7.018339028483631 0.015305680050009015
1013807 1637.7317073960658 14.148990125161712 - -4.270060575807915 0.01049821698915746
245551 398.4110384905076 14.292501246188213 - -6.697275061540978 0.023998642759397122
256399 418.4840917714519 14.292501246188213 - -6.697275061540978 0.023444521809992763
246370 814.974829053598 14.276603977301976 - -7.018339028483631 0.014892621993995577
256991 861.4527844704435 14.276603977301976 - -7.018339028483631 0.014413407659741768
 Adding parameter  x0  with limits  [-5.0, 5.0]
   Adapting  x0
 Adding parameter  x1  with limits  [-5.0, 5.0]
   Adapting  x1
 Adding parameter  x2  with limits  [-5.0, 5.0]
   Adapting  x2
 Adding parameter  x3  with limits  [-5.0, 5.0]
   Adapting  x3
40000 10.727332491436389 14.064282565361008 - -3.6888794541139363 0.1657044262423163
80014 89.63261848289662 14.077142898101002 - -4.003039091707919 0.05421351627379339
120124 169.8087560195807 14.09025265701547 - -4.003039091707919 0.03646981070918057
160516 263.3011933930026 14.091673070744722 - -4.003039091707919 0.029225193456273106
201116 333.6434935403532 14.097713350852006 - -4.003039091707919 0.024823641158309998
241661 423.7720096194777 14.097713350852006 - -4.003039091707919 0.021868496762857473
282509 524.8681321721227 14.097713350852006 - -4.003039091707919 0.01972852288425899
323249 616.3585059090522 14.097713350852006 - -4.003039091707919 0.01820245325782833
364160 708.2160215605345 14.098092401855121 - -4.003039091707919 0.017029178042417315
 Adding parameter  x0  with limits  [-5.0, 5.0]
   Adapting  x0
 Adding parameter  x1  with limits  [-5.0, 5.0]
   Adapting  x1
 Adding parameter  x2  with limits  [-5.0, 5.0]
   Adapting  x2
 Adding parameter  x3  with limits  [-5.0, 5.0]
   Adapting  x3
404228 807.7999807973302 14.098092401855121 - -4.003039091707919 0.016041267421383572
 Adding parameter  x0  with limits  [-5.0, 5.0]
   Adapting  x0
 Adding parameter  x1  with limits  [-5.0, 5.0]
   Adapting  x1
 Adding parameter  x2  with limits  [-5.0, 5.0]
   Adapting  x2
 Adding parameter  x3  with limits  [-5.0, 5.0]
   Adapting  x3
10000 1.0743798172840295 14.169566474907185 - -2.3025850929940455 0.9307546898461236
20010 2.052060613593075 14.169566474907185 - -3.456316680883235 0.5237408269196394
30130 4.2035136486296665 14.169566474907185 - -4.438769615011059 0.29702232355159486
40305 13.903984225020311 14.173549664832684 - -5.39004131578046 0.16395766522219044
50352 8.499913847699947 14.295565348195641 - -6.315886260459426 0.16085014479667473
60450 20.144133235224324 14.295565348195641 - -6.5742521822751465 0.09507637045334728
70494 31.08979111288235 14.297552367274458 - -6.574539332313013 0.07222013573601643
160000 7.5495133801509695 14.198380847656917 - -3.7121480810532907 0.1736779431381471
80538 43.31320638218406 14.297552367274458 - -6.574740965542852 0.05789503338300064
90762 55.52536306527364 14.299122268285151 - -6.574894046293247 0.05173468060240532
445353 869.632414822532 14.100976484783043 - -4.003039091707919 0.015137380649233857
100968 68.62774343198706 14.299122268285151 - -6.575016783329302 0.045326146888608226
111304 81.70135641158592 14.299122268285151 - -6.575221995724851 0.04051645402163728
121798 93.87176444117122 14.299122268285151 - -6.575221995724851 0.03710751579431395
132372 107.95010111783103 14.299122268285151 - -6.575221995724851 0.034891666176159145
142916 120.16321415523218 14.299122268285151 - -6.575221995724851 0.03283416931434324
 Adding parameter  x0  with limits  [-5.0, 5.0]
   Adapting  x0
 Adding parameter  x1  with limits  [-5.0, 5.0]
   Adapting  x1
 Adding parameter  x2  with limits  [-5.0, 5.0]
   Adapting  x2
 Adding parameter  x3  with limits  [-5.0, 5.0]
   Adapting  x3
153536 133.23254197179372 14.299122268285151 - -6.575221995724851 0.030723643247947
320016 63.5227548654254 14.20428439568865 - -3.7121480810532907 0.04599895208440682
485415 970.2308176974154 14.100976484783043 - -4.003039091707919 0.014330091981410024
163994 145.79978207950776 14.299122268285151 - -6.575221995724851 0.02897245733599836
174746 160.86746935544494 14.299122268285151 - -6.575221995724851 0.027933722487996825
185172 179.72957902639743 14.299122268285151 - -6.575221995724851 0.02732701563864805
195988 193.7579820546776 14.299122268285151 - -6.575221995724851 0.02617112754372984
160000 38.58673572378876 14.07649171118029 - -3.9954046143671973 0.08071893939280574
206176 171.46092255257335 14.312647981717395 - -6.575221995724851 0.025661115735280928
526183 1068.0371727339477 14.100976484783043 - -4.003039091707919 0.013649682917058507
216916 183.42051620535412 14.312647981717395 - -6.575221995724851 0.024846223680071985
 Adding parameter  x0  with limits  [-5.0, 5.0]
   Adapting  x0
 Adding parameter  x1  with limits  [-5.0, 5.0]
   Adapting  x1
 Adding parameter  x2  with limits  [-5.0, 5.0]
   Adapting  x2
 Adding parameter  x3  with limits  [-5.0, 5.0]
   Adapting  x3
480374 128.39403517099342 14.20502704082207 - -3.7121480810532907 0.03367275333032709
40000 17.810557408656557 14.031870385236452 - -3.1665205945342727 0.11187328664958163
226948 192.04237424875475 14.312647981717395 - -6.575221995724851 0.02398667517559195
 Adding parameter  x0  with limits  [-5.0, 5.0]
   Adapting  x0
 Adding parameter  x1  with limits  [-5.0, 5.0]
   Adapting  x1
 Adding parameter  x2  with limits  [-5.0, 5.0]
   Adapting  x2
 Adding parameter  x3  with limits  [-5.0, 5.0]
   Adapting  x3
80128 110.92413151834833 14.039251051253522 - -3.1668916520524446 0.04643876528772312
237244 204.71957656711731 14.312647981717395 - -6.575221995724851 0.023601262894435288
10000 1.0062914653384702 13.988505210857022 - -2.3025850929940455 0.9932581171375154
20126 1.0211165790201604 14.30737156832706 - -3.43977686362963 0.9788782168913865
320176 336.7750005537319 14.100959869100798 - -3.995553041779044 0.024915893686044313
30206 1.672892409415522 14.30737156832706 - -4.414713790936519 0.658516102743028
40280 1.9120599588866054 14.30737156832706 - -5.312025556212871 0.579389223022758
50312 2.073175069010517 14.422965930455458 - -6.165589458178721 0.530480009547997
247661 217.72273740338875 14.312647981717395 - -6.575221995724851 0.022931571096227288
60374 2.8127782225435682 14.422965930455458 - -7.010169342498876 0.4063955653779564
120328 206.99337334769626 14.040484101023171 - -3.1668916520524446 0.0335021323512847
70542 4.947633322189852 14.422965930455458 - -7.828626714024268 0.2600233191424486
80702 7.9655861566244335 14.44529423973488 - -8.409796315907093 0.20860910678904276
567227 1171.4353527255412 14.100976484783043 - -4.003039091707919 0.013083794330639801
90746 15.457961365245831 14.44798054276493 - -8.410221757308957 0.14436947609160766
100871 21.654128126425455 14.466798889431425 - -8.410771056965723 0.12177871289638159
258496 230.72436266555525 14.312647981717395 - -6.575221995724851 0.022035537543708114
110993 28.25056453698549 14.466798889431425 - -8.410771056965723 0.10144714318386094
160828 266.5182731875336 14.052908368834341 - -3.1668916520524446 0.02758495381869418
121271 33.763259674322065 14.466798889431425 - -8.410771056965723 0.09025304825202285
131367 38.325432601436475 14.466798889431425 - -8.410771056965723 0.08255096731072832
141522 45.00016486716139 14.466798889431425 - -8.410771056965723 0.07494396691090259
151686 52.09505339777922 14.466798889431425 - -8.410771056965723 0.07074763637280064
161982 57.89144950629043 14.466798889431425 - -8.410771056965723 0.06658953495756614
201004 359.0112770931801 14.052908368834341 - -3.1668916520524446 0.024045474439703698
640646 198.05801538806028 14.20502704082207 - -3.7121480810532907 0.027371273021536763
172759 58.15118529728357 14.473993613661527 - -8.410771056965723 0.06506379721882492
480576 693.0571168758221 14.100959869100798 - -3.995553041779044 0.017148343413146205
183343 62.145641735175566 14.473993613661527 - -8.410771056965723 0.06173605235465278
193595 66.02914861207377 14.473993613661527 - -8.410771056965723 0.05887219321648021
608387 1275.3569008511386 14.100976484783043 - -4.003039091707919 0.012604191879076734
241234 447.9610017868768 14.052908368834341 - -3.1668916520524446 0.02151441179002439
204507 71.34448922245525 14.473993613661527 - -8.410771056965723 0.055908232039126864
214777 74.9107923757971 14.473993613661527 - -8.410771056965723 0.053920569317799524
225157 79.88362889535372 14.473993613661527 - -8.410771056965723 0.051784753764839125
235557 84.57929155050093 14.473993613661527 - -8.410771056965723 0.05002518078032944
281784 546.477004495306 14.052908368834341 - -3.1668916520524446 0.019615441236550228
246457 88.6303712128555 14.473993613661527 - -8.410771056965723 0.04827240466539196
256618 94.63484899066378 14.473993613661527 - -8.410771056965723 0.04706146247248897
649596 1373.1793744798856 14.100976484783043 - -4.003039091707919 0.01212543519647536
641022 1068.4839897389027 14.100959869100798 - -3.995553041779044 0.013808556927658805
321969 643.0257384308159 14.052908368834341 - -3.1668916520524446 0.01802680335491966
800726 264.73670812803863 14.205930176904701 - -3.7121480810532907 0.023957781894529875
362518 689.1273723007581 14.057617764024132 - -3.1668916520524446 0.016871533337148307
690952 1473.7735500777792 14.100976484783043 - -4.003039091707919 0.011695159075605243
403067 785.1226268225059 14.057617764024132 - -3.1668916520524446 0.01585508257258129
802062 1467.1015700864898 14.100959869100798 - -3.995553041779044 0.011721459775198203
731938 1579.3419855455604 14.100976484783043 - -4.003039091707919 0.011321128649955043
961952 311.69901760770784 14.211401034850988 - -3.7121480810532907 0.02116585381143087
444056 879.0151253259846 14.057617764024132 - -3.1668916520524446 0.014882918298953912
 Adding parameter  x0  with limits  [-5.0, 5.0]
   Adapting  x0
 Adding parameter  x1  with limits  [-5.0, 5.0]
   Adapting  x1
 Adding parameter  x2  with limits  [-5.0, 5.0]
   Adapting  x2
 Adding parameter  x3  with limits  [-5.0, 5.0]
   Adapting  x3
485015 982.6452237005784 14.057617764024132 - -3.1668916520524446 0.01414937339168986
10000 1.0815113742249118 14.177166899776365 - -2.3025850929940455 0.924802520256865
20176 1.0881112676336162 14.177166899776365 - -3.2272407411998283 0.9191956551831328
30199 1.9740250481102846 14.177166899776365 - -4.011598801813158 0.6305475542693091
772420 1689.6316067510493 14.100976484783043 - -4.003039091707919 0.010968823377002553
40345 2.2902545998613175 14.280439982392895 - -4.733819229858811 0.4997797476724786
962864 1868.0857871939002 14.100959869100798 - -3.995553041779044 0.010339387205115704
50390 3.019286815183978 14.280439982392895 - -5.421953868595211 0.3886510494805178
60528 5.728821820314579 14.29063130314851 - -6.10656471813287 0.2932340554318635
70592 6.924075551718243 14.327703160018674 - -6.767188706987255 0.2222840138511147
80814 9.152300006596928 14.36238284184428 - -7.424190440910848 0.18376750728659696
90952 14.495695689769647 14.36238284184428 - -7.83723955070005 0.13235211921315948
101050 19.049731862296532 14.393231692132103 - -7.838201551736241 0.10496300148151129
111150 25.74896387166623 14.393231692132103 - -7.838536504008675 0.08937530934547094
121170 34.470684142587515 14.393231692132103 - -7.839053433459317 0.07687557012856118
131715 43.849837313156016 14.393231692132103 - -7.839053433459317 0.06748231276129282
142238 47.466515280935326 14.401010838259696 - -7.839053433459317 0.06433920539291539
152303 55.36861686519002 14.401010838259696 - -7.839053433459317 0.0582035661825493
162481 63.91162842446789 14.401010838259696 - -7.839053433459317 0.0534977766965747
172725 70.71625285811014 14.401010838259696 - -7.839053433459317 0.05011780521493667
525650 1083.1085384489443 14.057617764024132 - -3.1668916520524446 0.013587129446690402
183346 78.81918698619961 14.401010838259696 - -7.839053433459317 0.048048518638980776
193474 88.3901818596325 14.401010838259696 - -7.839053433459317 0.04580087284152034
203528 95.12777670318437 14.401010838259696 - -7.839053433459317 0.04383875544957362
1123520 377.3529580302672 14.211401034850988 - -3.7121480810532907 0.018890692837346325
213780 105.66355112725431 14.401010838259696 - -7.839053433459317 0.04251418253363152
813838 1794.9892797855844 14.100976484783043 - -4.003039091707919 0.010646513912649806
224615 113.40511917340811 14.401010838259696 - -7.839053433459317 0.04084032781528695
234755 121.54345443070154 14.401010838259696 - -7.839053433459317 0.03986007010341302
244845 116.82334383919252 14.40904302522618 - -7.839053433459317 0.03907299273386876
255265 124.82785714191996 14.40904302522618 - -7.839053433459317 0.03747313011540294
566688 1176.1774623239553 14.057617764024132 - -3.1668916520524446 0.013027509722836382
1123088 2266.6563965325527 14.100959869100798 - -3.995553041779044 0.0093539134442429
854363 1897.0928651302752 14.100976484783043 - -4.003039091707919 0.010335700986540023
 Adding parameter  x0  with limits  [-5.0, 5.0]
   Adapting  x0
 Adding parameter  x1  with limits  [-5.0, 5.0]
   Adapting  x1
 Adding parameter  x2  with limits  [-5.0, 5.0]
   Adapting  x2
 Adding parameter  x3  with limits  [-5.0, 5.0]
   Adapting  x3
10000 1.5007797135522956 14.054150159402363 - -2.3025850929940455 0.697785668577831
20125 3.9802402967374393 14.06467028311686 - -3.6200651381135764 0.3783592220556941
30268 1.6612091666800934 14.276861875834042 - -4.83646046243807 0.607806421499431
40318 2.163320914103117 14.352925153787858 - -5.9819563370050295 0.4891557846110232
50424 4.509476237921918 14.370519231604687 - -6.441742076867573 0.29125529793394883
606880 1262.2887079141701 14.057617764024132 - -3.1668916520524446 0.012542918716305737
60435 8.357520128507083 14.370519231604687 - -6.44226440646942 0.17401597810643135
70675 11.789962094323094 14.370519231604687 - -6.442435918347038 0.13400976293149983
80935 16.485426414164987 14.370519231604687 - -6.442686639170716 0.11234455647917707
90945 20.280463001321607 14.370519231604687 - -6.442686639170716 0.09447234853484159
101382 24.69572570568333 14.370519231604687 - -6.442686639170716 0.08287992739554838
111718 27.990782959251234 14.370519231604687 - -6.442686639170716 0.07408581831014266
122248 32.96588225963436 14.370519231604687 - -6.442686639170716 0.07020440556061666
132754 37.71476305549068 14.370519231604687 - -6.442686639170716 0.06436146820878884
1285000 447.59056478550116 14.211401034850988 - -3.7121480810532907 0.01728408100661788
143330 41.25347964638722 14.370519231604687 - -6.442686639170716 0.059341656248426904
894491 1999.7858963554504 14.100976484783043 - -4.003039091707919 0.010083673637345976
153860 45.491220364598604 14.37654825023821 - -6.442686639170716 0.06014293858263795
647397 1349.9429436071603 14.057617764024132 - -3.1668916520524446 0.012093809996890968
164555 51.07524724602738 14.37654825023821 - -6.442686639170716 0.05648094279616999
1283424 2686.8923453174193 14.100959869100798 - -3.995553041779044 0.008607923292869288
175251 56.519452327324785 14.37654825023821 - -6.442686639170716 0.05297139567813359
185638 60.549052565532634 14.37654825023821 - -6.442686639170716 0.0503819776947755
935363 2110.044216620941 14.100976484783043 - -4.003039091707919 0.009826531100831775
196376 64.49755762692858 14.37654825023821 - -6.442686639170716 0.04791017202501696
207101 69.66824251561023 14.37654825023821 - -6.442686639170716 0.046386988956970854
687507 1454.232044616487 14.057617764024132 - -3.1668916520524446 0.01168554594055948
217181 74.98472585504999 14.37654825023821 - -6.442686639170716 0.04494514223900753
975751 2215.8530148027758 14.100976484783043 - -4.003039091707919 0.009590655183563666
227741 81.07296531063812 14.37654825023821 - -6.442686639170716 0.04395790965314143
237817 84.48340974505395 14.37654825023821 - -6.442686639170716 0.04244433460516388
248212 88.9331728576164 14.37654825023821 - -6.442686639170716 0.04133532917909644
1016990 2327.6806360279584 14.100976484783043 - -4.003039091707919 0.009389004326784267
1444226 3100.4752677420433 14.100959869100798 - -3.995553041779044 0.007996152914708317
 Adding parameter  x0  with limits  [-5.0, 5.0]
   Adapting  x0
 Adding parameter  x1  with limits  [-5.0, 5.0]
   Adapting  x1
 Adding parameter  x2  with limits  [-5.0, 5.0]
   Adapting  x2
 Adding parameter  x3  with limits  [-5.0, 5.0]
   Adapting  x3
10000 1.8351819129736475 14.03920165264821 - -2.3025850929940455 0.601059913367862
259014 94.03402947117354 14.37654825023821 - -6.442686639170716 0.04012671243005006
20044 1.9853812270915188 14.19376622258055 - -3.606584211387106 0.5374486402929038
30077 6.64408526615294 14.199352611303585 - -4.837393669666602 0.2749490510418205
40163 21.10450570895801 14.199352611303585 - -6.056156559465173 0.13132705145900092
50250 38.01618702235485 14.239206491183785 - -6.740281122425481 0.07594017050890982
60390 83.39467417501149 14.239206491183785 - -6.740781372560976 0.04995472256140278
728517 1554.6413034515706 14.057617764024132 - -3.1668916520524446 0.011312540416784107
70430 94.11991969312584 14.266028856767162 - -6.741093677373009 0.040488635980072726
1445605 516.7604472257162 14.211401034850988 - -3.7121480810532907 0.015999560009293055
80495 128.5171837080956 14.266028856767162 - -6.741093677373009 0.03454113285112882
90659 164.6927556885484 14.266028856767162 - -6.741093677373009 0.03056130923450936
100834 204.09495512789317 14.266028856767162 - -6.741093677373009 0.02757279079458575
111082 244.14966445056717 14.266028856767162 - -6.741093677373009 0.025493506073399126
121422 282.51532467052255 14.266028856767162 - -6.741093677373009 0.023796907019114542
131582 320.4653778125271 14.266028856767162 - -6.741093677373009 0.02216883976980126
141728 359.40552145864535 14.266028856767162 - -6.741093677373009 0.020958425258587845
152294 397.46366055210495 14.266028856767162 - -6.741093677373009 0.01979315045019468
162681 376.9052986122949 14.276365643543802 - -6.741093677373009 0.019074456965840036
173306 411.3514770136693 14.276365643543802 - -6.741093677373009 0.018208258162550776
183738 444.9454216736925 14.276365643543802 - -6.741093677373009 0.017484411151692657
193818 475.0724256601722 14.276365643543802 - -6.741093677373009 0.016835659537539786
204423 242.86448241573297 14.328706642056842 - -6.741093677373009 0.016594092791083186
214615 259.33292266525734 14.328706642056842 - -6.741093677373009 0.016013014121496603
769291 1594.3620459219787 14.060485739103385 - -3.1668916520524446 0.010977504791817748
225059 275.71748375883385 14.328706642056842 - -6.741093677373009 0.015476949238378229
235545 295.0249520479839 14.328706642056842 - -6.741093677373009 0.014968200734471205
245724 312.14847490429855 14.328706642056842 - -6.741093677373009 0.014794052378969013
256098 328.72150714584524 14.328706642056842 - -6.741093677373009 0.014389329026968448
809723 1698.3251429487514 14.060485739103385 - -3.1668916520524446 0.010707048882497914
1607533 579.8192242582908 14.211401034850988 - -3.7121480810532907 0.014919938640704797
851163 1796.843820963549 14.060485739103385 - -3.1668916520524446 0.01041646488084973
 Adding parameter  x0  with limits  [-5.0, 5.0]
   Adapting  x0
 Adding parameter  x1  with limits  [-5.0, 5.0]
   Adapting  x1
 Adding parameter  x2  with limits  [-5.0, 5.0]
   Adapting  x2
 Adding parameter  x3  with limits  [-5.0, 5.0]
   Adapting  x3
 Adding parameter  x0  with limits  [-5.0, 5.0]
   Adapting  x0
 Adding parameter  x1  with limits  [-5.0, 5.0]
   Adapting  x1
 Adding parameter  x2  with limits  [-5.0, 5.0]
   Adapting  x2
 Adding parameter  x3  with limits  [-5.0, 5.0]
   Adapting  x3
40000 13.187253788401463 14.054622596818033 - -3.6888794541139363 0.1321313895250643
80075 57.64139046101333 14.096085120004231 - -3.847652989457281 0.044891694345319505
160000 31.83914248562445 14.098168312889632 - -3.884590248026907 0.06851787470707198
120330 130.4302516248281 14.096085120004231 - -3.847652989457281 0.029739095322534777
160778 191.81779063665869 14.096085120004231 - -3.847652989457281 0.023920613026739035
201170 249.32881865192445 14.10257984889817 - -3.847652989457281 0.02171097998613511
 Adding parameter  x0  with limits  [-5.0, 5.0]
   Adapting  x0
 Adding parameter  x1  with limits  [-5.0, 5.0]
   Adapting  x1
 Adding parameter  x2  with limits  [-5.0, 5.0]
   Adapting  x2
 Adding parameter  x3  with limits  [-5.0, 5.0]
   Adapting  x3
10000 1.5719432020175252 14.149724512092115 - -2.3025850929940455 0.6809458873815892
241778 315.77802656711754 14.10257984889817 - -3.847652989457281 0.01942078289554472
20050 2.2255604281954047 14.149724512092115 - -3.6057695473909295 0.5321228066137715
30055 2.8450045319619717 14.255330979413872 - -4.761706902678308 0.4113753898360098
40065 7.538509030339213 14.26340276910794 - -5.903378680806865 0.2202024885414803
50140 12.740087694760803 14.303625588509886 - -6.971371293421703 0.1454537750805897
320181 263.8098054802292 14.098168312889632 - -3.884590248026907 0.020807183487812544
60220 31.16365772410607 14.303625588509886 - -6.9724479129407335 0.08907620194429962
 Adding parameter  x0  with limits  [-5.0, 5.0]
   Adapting  x0
 Adding parameter  x1  with limits  [-5.0, 5.0]
   Adapting  x1
 Adding parameter  x2  with limits  [-5.0, 5.0]
   Adapting  x2
 Adding parameter  x3  with limits  [-5.0, 5.0]
   Adapting  x3
892203 1898.9892468907606 14.060485739103385 - -3.1668916520524446 0.010146452180380544
70260 49.0039174042428 14.307291199962659 - -6.972655618829942 0.07025426157795268
282056 380.0491179158379 14.10257984889817 - -3.847652989457281 0.01752956995675675
80468 69.57138248061963 14.307291199962659 - -6.972800096183368 0.05954291072234632
40000 3.674425598013281 14.158066540852733 - -3.6888794541139363 0.40372979404680615
90504 88.20320457797095 14.309384215223908 - -6.973024815285437 0.05237923386099631
100785 110.15216716635051 14.309384215223908 - -6.973024815285437 0.04720162854359298
80098 13.099888936703314 14.228241802495962 - -5.802632957067073 0.1492186518902537
110861 132.21300866236507 14.309384215223908 - -6.973024815285437 0.04284314273831365
322576 451.7356534019364 14.10257984889817 - -3.847652989457281 0.016193962623131854
120196 52.79017046151046 14.27246653890584 - -5.8029256542739045 0.05391184998797297
121001 153.4432037339951 14.309384215223908 - -6.973024815285437 0.03919195972861756
131109 132.11399230414557 14.330121938536786 - -6.973024815285437 0.03789027949429833
1769519 651.9154123810127 14.211401034850988 - -3.7121480810532907 0.014216999861138281
160384 108.69952930544285 14.27246653890584 - -5.8029256542739045 0.038683485062223875
141423 150.03202593517764 14.330121938536786 - -6.973024815285437 0.03671038631663362
480761 510.29838514819704 14.103053007364618 - -3.884590248026907 0.014782040345748412
151861 163.83101541475298 14.330121938536786 - -6.973024815285437 0.03467306760963121
362644 521.5334209288409 14.10257984889817 - -3.847652989457281 0.015025282304343517
200512 163.04695442738227 14.27246653890584 - -5.8029256542739045 0.030849784954258202
162213 181.07722347882935 14.330121938536786 - -6.973024815285437 0.032837183203012696
172308 198.8766974165784 14.330121938536786 - -6.973024815285437 0.03153433101500305
240832 225.06739392481785 14.27246653890584 - -5.8029256542739045 0.026201880782158807
182718 217.42152544420884 14.330121938536786 - -6.973024815285437 0.030363774929668214
403138 591.2489629487006 14.10257984889817 - -3.847652989457281 0.014210458841349468
932451 1993.9232056797819 14.060485739103385 - -3.1668916520524446 0.009876023704907444
192798 237.74188645651924 14.330121938536786 - -6.973024815285437 0.029582726885398848
281488 286.35079306247314 14.27246653890584 - -5.8029256542739045 0.023018910862838315
202948 257.4734275138871 14.330121938536786 - -6.973024815285437 0.028416508790299246
641159 692.3506697502892 14.112346698313358 - -3.884590248026907 0.012149799706586278
443394 656.1484217032132 14.10257984889817 - -3.847652989457281 0.013385174538589393
213210 276.31475462966995 14.330121938536786 - -6.973024815285437 0.02736591449931337
322237 350.72292200004136 14.27246653890584 - -5.8029256542739045 0.02082931699887847
223668 297.5123393434952 14.330121938536786 - -6.973024815285437 0.02665862737370742
233743 316.139996976595 14.330121938536786 - -6.973024815285437 0.025949435002357354
484376 727.1062401680098 14.10257984889817 - -3.847652989457281 0.012632146668371019
244416 333.62788622150106 14.330121938536786 - -6.973024815285437 0.025165311564512436
362287 410.06265538159835 14.27246653890584 - -5.8029256542739045 0.01919457619780511
254472 306.94214696630155 14.339350112921698 - -6.973024815285437 0.024736455263463172
801221 951.1361663178415 14.112346698313358 - -3.884590248026907 0.010467236981698012
525686 798.3712018684171 14.10257984889817 - -3.847652989457281 0.011988100456641736
973583 2090.0087984820398 14.060485739103385 - -3.1668916520524446 0.009615361376814853
402707 471.7177571234348 14.27246653890584 - -5.8029256542739045 0.017757281901114638
566174 869.1310594030695 14.10257984889817 - -3.847652989457281 0.01139954763835617
443174 533.8193477322362 14.27246653890584 - -5.8029256542739045 0.016563507271024305
1930589 727.1767735718556 14.211401034850988 - -3.7121480810532907 0.01341590860894994
962294 1210.405226283508 14.112346698313358 - -3.884590248026907 0.009224913889873456
606350 908.5367491597206 14.10515508663632 - -3.847652989457281 0.011109452207726899
483422 594.7145122947256 14.27246653890584 - -5.8029256542739045 0.015611251347881496
1013758 2191.1881188565444 14.060485739103385 - -3.1668916520524446 0.009392020445207767
646416 974.8531830007475 14.10515508663632 - -3.847652989457281 0.01068923879765378
523562 658.979082905836 14.27246653890584 - -5.8029256542739045 0.014759779663172719
687548 1043.1487623328976 14.10515508663632 - -3.847652989457281 0.010309150207478426
1123124 1478.0274358398522 14.112346698313358 - -3.884590248026907 0.008313446003180786
563637 720.7390737363412 14.27246653890584 - -5.8029256542739045 0.014009453290548786
604471 791.2420561751896 14.27246653890584 - -5.8029256542739045 0.01347903100850065
728298 1113.2901726432638 14.10515508663632 - -3.847652989457281 0.00993809757666372
645424 855.4143575412584 14.27246653890584 - -5.8029256542739045 0.012957889422819075
769823 1183.5592307156621 14.10515508663632 - -3.847652989457281 0.00961341330034278
1284090 1654.7797432954403 14.116587952372582 - -3.884590248026907 0.00774015627547658
2092863 801.3900259320512 14.211401034850988 - -3.7121480810532907 0.012774630904745985
685476 924.1340813838068 14.27246653890584 - -5.8029256542739045 0.012538290205278805
 Adding parameter  x0  with limits  [-5.0, 5.0]
   Adapting  x0
 Adding parameter  x1  with limits  [-5.0, 5.0]
   Adapting  x1
 Adding parameter  x2  with limits  [-5.0, 5.0]
   Adapting  x2
 Adding parameter  x3  with limits  [-5.0, 5.0]
   Adapting  x3
10000 5.165335140826038 13.977872259757122 - -2.3025850929940455 0.33579383745813474
20080 2.65397505923135 14.169111298476627 - -3.573749146860305 0.526431999588048
30081 4.139148980367482 14.232045679810414 - -4.724637580093786 0.3258383970924066
40131 13.413923323464594 14.232045679810414 - -5.910955449181001 0.15236185590262233
50213 36.084656060113105 14.232045679810414 - -5.951817482939715 0.09208718358476348
60253 57.778771848525736 14.232045679810414 - -5.951817482939715 0.06908152347208774
726737 990.5953123642936 14.27246653890584 - -5.8029256542739045 0.012064019356582637
70303 81.42006009010316 14.232045679810414 - -5.951817482939715 0.057310384000401976
80523 90.88076009484081 14.242465707978026 - -5.951817482939715 0.05075065868531708
810503 1251.0491174385631 14.10515508663632 - -3.847652989457281 0.009298218102909438
90723 109.56840203563988 14.242465707978026 - -5.951817482939715 0.04548178076073945
100887 131.10898261735827 14.242465707978026 - -5.951817482939715 0.04154165710417058
111219 155.1066774933313 14.242465707978026 - -5.951817482939715 0.03788395641316742
121555 167.36022074011217 14.24528619821052 - -5.951817482939715 0.03619539981526287
767417 1057.0177018072873 14.27246653890584 - -5.8029256542739045 0.011680815405767936
851927 1236.2359166219344 14.110376953135871 - -3.847652989457281 0.009093690879938941
131617 188.6326976453374 14.24528619821052 - -5.951817482939715 0.034191244757230635
141749 210.13477934497996 14.24528619821052 - -5.951817482939715 0.03245831531611127
151877 229.3891969964634 14.24528619821052 - -5.951817482939715 0.030716697446305046
162357 250.83631279870343 14.24528619821052 - -5.951817482939715 0.029158627370632163
1446122 1916.0010357622407 14.116587952372582 - -3.884590248026907 0.007178334548139535
172587 273.249740774245 14.24528619821052 - -5.951817482939715 0.0279581095272055
808104 1058.2190312324676 14.276664753709285 - -5.8029256542739045 0.011345345036740813
183087 296.3026717083906 14.24528619821052 - -5.951817482939715 0.02704210398645136
892430 1306.7667714948964 14.110376953135871 - -3.847652989457281 0.008870384012663421
193237 321.13865147731985 14.24528619821052 - -5.951817482939715 0.026305700394286154
203793 340.7652986082621 14.24528619821052 - -5.951817482939715 0.02546596239583995
213972 365.03312005576754 14.24528619821052 - -5.951817482939715 0.024823728882418506
933784 1372.7516151494876 14.110376953135871 - -3.847652989457281 0.008608143936246935
224385 385.04795879870085 14.24528619821052 - -5.951817482939715 0.02398221088804372
848368 1121.5138896990834 14.276664753709285 - -5.8029256542739045 0.010985131156328393
235006 406.70666757779526 14.24528619821052 - -5.951817482939715 0.02322347097866374
 Adding parameter  x0  with limits  [-5.0, 5.0]
   Adapting  x0
 Adding parameter  x1  with limits  [-5.0, 5.0]
   Adapting  x1
 Adding parameter  x2  with limits  [-5.0, 5.0]
   Adapting  x2
 Adding parameter  x3  with limits  [-5.0, 5.0]
   Adapting  x3
245666 429.2267459258247 14.24528619821052 - -5.951817482939715 0.022514775650771007
40000 9.679805964807157 14.101939216671651 - -3.331904555166206 0.18453696070886283
974550 1439.8017316278765 14.110376953135871 - -3.847652989457281 0.008400658843230172
80050 38.78802402538742 14.12723072135434 - -3.3325092719756033 0.0693394282397662
2253375 874.668393099524 14.211401034850988 - -3.7121480810532907 0.012295095700426523
255866 450.5915486420995 14.24528619821052 - -5.951817482939715 0.02195692378986449
120363 71.87803333607968 14.12723072135434 - -3.3325092719756033 0.048317648266645516
1607258 2176.243943670306 14.116587952372582 - -3.884590248026907 0.006723900896797083
888409 1186.9488564083094 14.276664753709285 - -5.8029256542739045 0.010674933254470423
160590 99.50374165416363 14.12723072135434 - -3.3325092719756033 0.03792383892424795
1016328 1511.8469374292063 14.110376953135871 - -3.847652989457281 0.008224619400962212
201030 111.89302199788142 14.143118978067148 - -3.3325092719756033 0.03523245804698396
929233 1247.7773241962286 14.276664753709285 - -5.8029256542739045 0.010348839816354672
241538 138.86713666562835 14.143118978067148 - -3.3325092719756033 0.031162987924051113
282194 167.8190469106514 14.143118978067148 - -3.3325092719756033 0.027666524922820238
969325 1312.2571018618466 14.276664753709285 - -5.8029256542739045 0.01009935765620269
322313 166.89721036317167 14.154754096233084 - -3.3325092719756033 0.025447553668650293
363313 195.5230289274312 14.154754096233084 - -3.3325092719756033 0.024172760712076687
1769477 2374.0394775822683 14.118516123535985 - -3.884590248026907 0.006360677254286611
1010925 1376.4472467789642 14.276664753709285 - -5.8029256542739045 0.009846287971443005
404201 222.33521253491367 14.154754096233084 - -3.3325092719756033 0.022385624296115406
444241 247.90640362163026 14.154754096233084 - -3.3325092719756033 0.020913928898768006
2415663 953.3062980759173 14.211401034850988 - -3.7121480810532907 0.011909911685373127
484837 273.35361279693194 14.154754096233084 - -3.3325092719756033 0.019985452547844163
 Adding parameter  x0  with limits  [-5.0, 5.0]
   Adapting  x0
 Adding parameter  x1  with limits  [-5.0, 5.0]
   Adapting  x1
 Adding parameter  x2  with limits  [-5.0, 5.0]
   Adapting  x2
 Adding parameter  x3  with limits  [-5.0, 5.0]
   Adapting  x3
40000 5.565893369408394 14.126865290536836 - -3.6888794541139363 0.2690640343297199
80086 21.76862724500925 14.148043981502171 - -5.2577934790504095 0.1150692280429297
120266 39.07443603254055 14.217950862202686 - -5.258575798667857 0.0677692064030419
160397 70.23919764451875 14.217950862202686 - -5.258794617049474 0.05216047384194102
 Adding parameter  x0  with limits  [-5.0, 5.0]
   Adapting  x0
 Adding parameter  x1  with limits  [-5.0, 5.0]
   Adapting  x1
 Adding parameter  x2  with limits  [-5.0, 5.0]
   Adapting  x2
 Adding parameter  x3  with limits  [-5.0, 5.0]
   Adapting  x3
10000 1.641963827697103 14.1246694563992 - -2.3025850929940455 0.6284799091362119
20080 4.255990370917186 14.1246694563992 - -3.5363108554693294 0.33473889821031977
30212 5.875215987912597 14.174655036532105 - -4.62285056290317 0.23339794149742474
201005 100.71539319468006 14.217950862202686 - -5.258794617049474 0.04245597024494632
40222 13.764701279244667 14.174655036532105 - -5.680293574533208 0.14436079545976266
50254 12.91098120760672 14.287144103942294 - -5.809037376708793 0.1355336689447228
526054 301.599736319795 14.154754096233084 - -3.3325092719756033 0.01912326426129891
60488 21.766282992682754 14.287144103942294 - -5.809037376708793 0.09084516402155453
70751 29.89214317284391 14.287144103942294 - -5.809037376708793 0.07587521639043172
1930913 2640.9117033708794 14.118516123535985 - -3.884590248026907 0.006065515165420024
241682 130.95973526628242 14.217950862202686 - -5.258794617049474 0.03644790067016574
80915 38.178675015360795 14.287144103942294 - -5.809037376708793 0.06451741036916991
90966 46.49495095063317 14.287144103942294 - -5.809037376708793 0.056682402395514545
101394 46.08366592564498 14.299296722916246 - -5.809037376708793 0.05391890439392072
282772 164.22620808011126 14.217950862202686 - -5.258794617049474 0.03251029696280917
111574 53.87919583901038 14.299296722916246 - -5.809037376708793 0.05022062136893968
121606 61.11838530371999 14.299296722916246 - -5.809037376708793 0.04558140351089154
323134 195.48042937610634 14.217950862202686 - -5.258794617049474 0.02982930951473887
 Adding parameter  x0  with limits  [-5.0, 5.0]
   Adapting  x0
 Adding parameter  x1  with limits  [-5.0, 5.0]
   Adapting  x1
 Adding parameter  x2  with limits  [-5.0, 5.0]
   Adapting  x2
 Adding parameter  x3  with limits  [-5.0, 5.0]
   Adapting  x3
131686 70.65662214025754 14.299296722916246 - -5.809037376708793 0.0432198333704255
40000 1.4367799607946488 14.23528537237929 - -3.6888794541139363 0.7428143179175161
80112 4.13661202348116 14.277999960795553 - -5.73889218510296 0.3286365606573722
566385 326.74433288331005 14.154754096233084 - -3.3325092719756033 0.018182194961569982
141920 79.70123981259962 14.299296722916246 - -5.809037376708793 0.040594858380048754
120202 21.921826975630275 14.309257328709291 - -7.724435050338738 0.12189342585236211
363821 225.56539673843162 14.217950862202686 - -5.258794617049474 0.027595419009025075
160346 138.08125829844866 14.325962340933952 - -8.223629441229086 0.04442024400845241
152224 87.73905042554043 14.299296722916246 - -5.809037376708793 0.03821363931479419
200578 338.389703548181 14.325962340933952 - -8.22380929734468 0.027834071944220353
240667 535.9303705464749 14.325962340933952 - -8.22380929734468 0.021954913928166446
162720 95.90939570068112 14.299296722916246 - -5.809037376708793 0.03669358539329058
404699 258.0156956700732 14.217950862202686 - -5.258794617049474 0.025799687034011257
281043 698.5871652088105 14.330126818184786 - -8.22380929734468 0.018536165521063793
173130 103.44780576584593 14.299296722916246 - -5.809037376708793 0.0345239295568652
321555 787.3189038789469 14.338855384767976 - -8.22380929734468 0.016383810714443003
444849 286.7884139829025 14.217950862202686 - -5.258794617049474 0.024262289740149913
183720 112.59345904158754 14.299296722916246 - -5.809037376708793 0.033836271662268554
362431 966.3455641235975 14.338855384767976 - -8.22380929734468 0.014805721902908051
193954 122.54683207332812 14.299296722916246 - -5.809037376708793 0.03355548756755974
607035 351.94169494882266 14.154754096233084 - -3.3325092719756033 0.01746775115251687
402671 1163.0504159417744 14.338855384767976 - -8.22380929734468 0.013555850750330615
485337 317.9446838513409 14.217950862202686 - -5.258794617049474 0.02307587510259597
204454 129.39894500269182 14.299296722916246 - -5.809037376708793 0.03240316529184307
443778 1343.0312725017825 14.338855384767976 - -8.22380929734468 0.012591214902118876
214568 126.72958919794637 14.305314561474633 - -5.809037376708793 0.03252500312929239
526461 351.2564626687844 14.217950862202686 - -5.258794617049474 0.021968090848387526
484833 1533.111843883757 14.338855384767976 - -8.22380929734468 0.011795566670513296
224981 134.16469502583533 14.305314561474633 - -5.809037376708793 0.03117287740845306
525951 1723.7845539410562 14.338855384767976 - -8.22380929734468 0.011083315750572791
235758 140.929904245164 14.305314561474633 - -5.809037376708793 0.030069542779291705
567799 382.70839960069793 14.217950862202686 - -5.258794617049474 0.02107913875063035
647055 377.71064240831635 14.154754096233084 - -3.3325092719756033 0.016798798782333372
566499 1909.9797751967253 14.338855384767976 - -8.22380929734468 0.010525519776929834
2091679 2911.513206631619 14.118516123535985 - -3.884590248026907 0.0058068847865193896
245898 148.49191327524136 14.305314561474633 - -5.809037376708793 0.029097686791099243
608602 414.64314973978867 14.217950862202686 - -5.258794617049474 0.020212432533157004
606969 2092.2234757468304 14.338855384767976 - -8.22380929734468 0.010013850718607728
256338 152.66102368709392 14.30785328113435 - -5.809037376708793 0.02889519552500836
647308 2281.5581954255354 14.338855384767976 - -8.22380929734468 0.009588480469955755
650476 444.2241993848875 14.217950862202686 - -5.258794617049474 0.019331356475132146
688438 404.2420791046945 14.154754096233084 - -3.3325092719756033 0.016104527919030578
2576163 1027.3512811919409 14.211401034850988 - -3.7121480810532907 0.011507938854818125
688132 2482.6239010095524 14.338855384767976 - -8.22380929734468 0.009209500534009058
691636 477.35540347500194 14.217950862202686 - -5.258794617049474 0.01857830794790163
733716 511.18556142954526 14.217950862202686 - -5.258794617049474 0.017941692126739215
729710 431.13871556155294 14.154754096233084 - -3.3325092719756033 0.015579427363278754
728380 2676.3169771524263 14.338855384767976 - -8.22380929734468 0.008866876222892442
775345 544.5503231551957 14.217950862202686 - -5.258794617049474 0.01727942109477805
769616 2866.791307736519 14.338855384767976 - -8.22380929734468 0.008548300591273964
816079 578.3250575524053 14.217950862202686 - -5.258794617049474 0.016730750851526564
810191 3053.0337236028186 14.339038769485251 - -8.22380929734468 0.00827692211347246
770318 457.5083286041829 14.154754096233084 - -3.3325092719756033 0.015077533596641414
857821 608.0532447512584 14.217950862202686 - -5.258794617049474 0.016232551152254367
2253439 3179.142726588594 14.118516123535985 - -3.884590248026907 0.005553858591082282
898400 640.5656794596629 14.217950862202686 - -5.258794617049474 0.01581627753631082
939846 673.0172831409504 14.217950862202686 - -5.258794617049474 0.015475544377487828
982278 709.7613791181897 14.217950862202686 - -5.258794617049474 0.015086012438408923
810462 484.76121092819267 14.154754096233084 - -3.3325092719756033 0.014683364155181898
1022902 744.2240473600168 14.217950862202686 - -5.258794617049474 0.014708543683835012
850587 512.7146998728078 14.154754096233084 - -3.3325092719756033 0.014321646745671207
 Adding parameter  x0  with limits  [-5.0, 5.0]
   Adapting  x0
 Adding parameter  x1  with limits  [-5.0, 5.0]
   Adapting  x1
 Adding parameter  x2  with limits  [-5.0, 5.0]
   Adapting  x2
 Adding parameter  x3  with limits  [-5.0, 5.0]
   Adapting  x3
10000 1.7717366590635906 14.08399700027742 - -2.3025850929940455 0.6129425252656728
20086 3.8458070994899867 14.08399700027742 - -3.5504790843779097 0.32635776342530093
30097 7.8666574715872635 14.152065399868107 - -4.71175313417073 0.22117207850447004
40107 18.646105422324247 14.191199118338728 - -5.801997173168323 0.1457867183811691
50205 25.254716269885 14.239990487369846 - -6.502614677093434 0.09521614068658425
60397 59.13278478094939 14.239990487369846 - -6.503517611692026 0.06083732342094274
70557 98.59959046471091 14.239990487369846 - -6.503517611692026 0.04677473460197812
2736649 1097.9105707610554 14.211401034850988 - -3.7121480810532907 0.011078297253059777
 Adding parameter  x0  with limits  [-5.0, 5.0]
   Adapting  x0
 Adding parameter  x1  with limits  [-5.0, 5.0]
   Adapting  x1
 Adding parameter  x2  with limits  [-5.0, 5.0]
   Adapting  x2
 Adding parameter  x3  with limits  [-5.0, 5.0]
   Adapting  x3
80591 137.42586360516822 14.239990487369846 - -6.503517611692026 0.040055152034722874
40000 1.752119809507545 14.15358964687394 - -3.6888794541139363 0.594760021303713
90679 151.3594012425636 14.248738456729669 - -6.503517611692026 0.035339473706122115
80095 3.024592187304028 14.328474903464562 - -6.017716918252048 0.3441436985409151
100776 186.27445998862584 14.248738456729669 - -6.503517611692026 0.031633179156038804
120110 17.90842415802275 14.357752726774079 - -7.104699341437988 0.09255917598474984
111182 224.36635122837907 14.248738456729669 - -6.503517611692026 0.028711703245748833
160241 53.063971437678966 14.370455061983236 - -7.104874029184087 0.04898592684027032
121514 261.4244267896694 14.248738456729669 - -6.503517611692026 0.02663377274667749
200696 95.17242931508467 14.370455061983236 - -7.104874029184087 0.03698812039198369
131714 299.13068131347984 14.248738456729669 - -6.503517611692026 0.024975967985634017
241164 134.73763656830099 14.374365425064612 - -7.104874029184087 0.03128088811901882
142010 337.09536382126157 14.248738456729669 - -6.503517611692026 0.023550503490653785
891487 537.9144732830395 14.154754096233084 - -3.3325092719756033 0.01384567811037553
281428 177.7483965480377 14.374365425064612 - -7.104874029184087 0.026800300099849073
152567 371.4351465399292 14.248738456729669 - -6.503517611692026 0.022294819890635722
163031 408.8109493455288 14.248738456729669 - -6.503517611692026 0.021262354267602455
321628 225.65012607689306 14.374365425064612 - -7.104874029184087 0.0238580059507169
173495 420.25275881712247 14.252914367160226 - -6.503517611692026 0.020576134415655617
362154 273.2304964842886 14.374365425064612 - -7.104874029184087 0.0219335175871792
183815 457.47405487586906 14.252914367160226 - -6.503517611692026 0.01984721038586906
402600 322.04966501773544 14.374365425064612 - -7.104874029184087 0.02019200228453102
193867 493.96244295828666 14.252914367160226 - -6.503517611692026 0.01915400183962561
203975 531.8511331845673 14.252914367160226 - -6.503517611692026 0.01839868501574729
443004 369.1467576559412 14.374365425064612 - -7.104874029184087 0.01870639780340372
214265 568.0620932918907 14.252914367160226 - -6.503517611692026 0.017853147181865005
931663 563.3043345656864 14.154754096233084 - -3.3325092719756033 0.013481287365351348
 Adding parameter  x0  with limits  [-5.0, 5.0]
   Adapting  x0
 Adding parameter  x1  with limits  [-5.0, 5.0]
   Adapting  x1
 Adding parameter  x2  with limits  [-5.0, 5.0]
   Adapting  x2
 Adding parameter  x3  with limits  [-5.0, 5.0]
   Adapting  x3
224821 606.1092945600602 14.252914367160226 - -6.503517611692026 0.01729811711002399
40000 13.61551032398146 14.052910943915343 - -3.6888794541139363 0.13299186320903847
80004 136.8530101640747 14.052910943915343 - -3.957682137076464 0.04041977145406095
235091 644.6830761364602 14.252914367160226 - -6.503517611692026 0.01680680726101171
483519 418.6531602606212 14.374365425064612 - -7.104874029184087 0.017677274709878683
120304 169.04035513316813 14.098863323941593 - -3.9578589977991063 0.026994280218245077
160759 271.8567785139115 14.100620604972553 - -3.9578589977991063 0.021336929382090784
245712 683.4524794478872 14.252914367160226 - -6.503517611692026 0.016441276806428352
201009 203.37824324106433 14.145416152005055 - -3.9578589977991063 0.018934720654905233
255732 722.1493791858106 14.252914367160226 - -6.503517611692026 0.01599362963782799
241495 260.5056460948805 14.145416152005055 - -3.9578589977991063 0.016308462107065186
524235 463.665937836144 14.374365425064612 - -7.104874029184087 0.016505912094868243
281587 316.28099483562744 14.145416152005055 - -3.9578589977991063 0.014753996704350725
 Adding parameter  x0  with limits  [-5.0, 5.0]
   Adapting  x0
 Adding parameter  x1  with limits  [-5.0, 5.0]
   Adapting  x1
 Adding parameter  x2  with limits  [-5.0, 5.0]
   Adapting  x2
 Adding parameter  x3  with limits  [-5.0, 5.0]
   Adapting  x3
322051 376.5166622126376 14.145416152005055 - -3.9578589977991063 0.013540379927719134
973087 590.1314453033516 14.154754096233084 - -3.3325092719756033 0.013128057391688333
362135 435.1366745669332 14.145416152005055 - -3.9578589977991063 0.012638834624565474
565001 512.3921142702345 14.374365425064612 - -7.104874029184087 0.015590501874786548
160000 14.50863517040911 14.160775048583439 - -5.075173815233827 0.1577730651677528
403043 490.72068591984515 14.145416152005055 - -3.9578589977991063 0.01181969859027655
2899099 1172.084877654217 14.211401034850988 - -3.7121480810532907 0.01068716180418768
443057 440.97593812764865 14.160623789763756 - -3.9578589977991063 0.011382737663946452
605385 561.1937522519913 14.374365425064612 - -7.104874029184087 0.014816954516257554
320170 109.41675020164385 14.209131783934776 - -5.359144884597152 0.03916877654034318
483679 489.11496447631833 14.160623789763756 - -3.9578589977991063 0.010891778836054598
1013521 618.5700787136125 14.154754096233084 - -3.3325092719756033 0.012846613786811381
645769 608.9646004700376 14.374365425064612 - -7.104874029184087 0.01415275835706022
480285 219.2870427683603 14.221580738524535 - -5.359144884597152 0.025569873788918
686844 660.9356149852536 14.374365425064612 - -7.104874029184087 0.013652512009060296
523891 539.528841572729 14.160623789763756 - -3.9578589977991063 0.010379854255040403
641485 338.89746459449054 14.221580738524535 - -5.359144884597152 0.02089027959669108
727386 710.1415962215157 14.374365425064612 - -7.104874029184087 0.013232964362352625
564596 590.6582755418515 14.160623789763756 - -3.9578589977991063 0.010031002522144263
767622 761.3522280982227 14.374365425064612 - -7.104874029184087 0.012775224597110136
802090 462.4132946508306 14.221580738524535 - -5.359144884597152 0.01779904816825815
604922 637.5224182224379 14.160623789763756 - -3.9578589977991063 0.009615907985370833
808866 810.8241058627743 14.374365425064612 - -7.104874029184087 0.012359584201104236
962218 592.3687092656262 14.221580738524535 - -5.359144884597152 0.015830974655422245
 Adding parameter  x0  with limits  [-5.0, 5.0]
   Adapting  x0
 Adding parameter  x1  with limits  [-5.0, 5.0]
   Adapting  x1
 Adding parameter  x2  with limits  [-5.0, 5.0]
   Adapting  x2
 Adding parameter  x3  with limits  [-5.0, 5.0]
   Adapting  x3
850257 841.002215535256 14.376063029893567 - -7.104874029184087 0.012046640229401358
40000 2.4197825841360485 14.216905483030173 - -3.6888794541139363 0.5239517656245449
80128 10.753742010364551 14.222238952145474 - -5.752826574835123 0.20694512847717506
646138 657.9428845087024 14.163931251880431 - -3.9578589977991063 0.009385582576732452
120196 36.84826613437565 14.269700072512988 - -6.967849215347645 0.07578596938739308
160262 117.59889349717143 14.286059334892805 - -6.968348341886582 0.043217265782815234
200533 193.56085020962973 14.293510118052408 - -6.968348341886582 0.03187190634779268
1122282 723.6927464359173 14.221580738524535 - -5.359144884597152 0.014433890487956019
687368 704.7849105981836 14.163931251880431 - -3.9578589977991063 0.009022193417437608
891155 893.7050784439859 14.376063029893567 - -7.104874029184087 0.011755813639351683
240712 278.8113794155095 14.293626052066221 - -6.968348341886582 0.026470162447497458
281032 361.4723963035404 14.294181856118502 - -6.968348341886582 0.022683806016734788
727504 750.8247401648921 14.163931251880431 - -3.9578589977991063 0.008811442665018779
3061051 1251.3880010330518 14.211401034850988 - -3.7121480810532907 0.010358804140454654
321452 447.3826539718853 14.294181856118502 - -6.968348341886582 0.020541608099173967
932573 943.4256356749472 14.376063029893567 - -7.104874029184087 0.0113986549413691
362132 532.5146944443303 14.295060130442643 - -6.968348341886582 0.018599140315679382
1282349 852.011151926416 14.221580738524535 - -5.359144884597152 0.013306618294379447
768452 798.693976744906 14.163931251880431 - -3.9578589977991063 0.008542708662003524
402610 584.4201969210782 14.299645400078568 - -6.968348341886582 0.017122227477248866
973123 996.1173178359221 14.376063029893567 - -7.104874029184087 0.011061477472202279
443245 538.4160887360108 14.31628770078842 - -6.968348341886582 0.01631806886852009
809052 844.6664135006458 14.163931251880431 - -3.9578589977991063 0.008277604775000185
483769 612.8521332590625 14.31628770078842 - -6.968348341886582 0.015267410895136264
1443059 993.4767584630201 14.221580738524535 - -5.359144884597152 0.012473922697433457
 Adding parameter  x0  with limits  [-5.0, 5.0]
   Adapting  x0
 Adding parameter  x1  with limits  [-5.0, 5.0]
   Adapting  x1
 Adding parameter  x2  with limits  [-5.0, 5.0]
   Adapting  x2
 Adding parameter  x3  with limits  [-5.0, 5.0]
   Adapting  x3
40000 24.477826007642193 14.00521075907829 - -3.6888794541139363 0.10893466108721725
80044 151.60383029531363 14.046179859503292 - -3.8623730967843257 0.03586640451479692
524441 681.9279469073224 14.31628770078842 - -6.968348341886582 0.014398173393266047
120214 297.03558666462317 14.052524982406045 - -3.8623730967843257 0.025394972562925545
849093 890.7034600796839 14.163931251880431 - -3.9578589977991063 0.008049663886824947
1014548 1045.9129560572571 14.376063029893567 - -7.104874029184087 0.010757662147270367
160534 475.28217336577825 14.052524982406045 - -3.8623730967843257 0.020121809558346658
565481 748.7572305564752 14.31628770078842 - -6.968348341886582 0.013675217453227513
200834 652.9405397913004 14.05335290242522 - -3.8623730967843257 0.017003536672315765
889539 940.5199264091511 14.163931251880431 - -3.9578589977991063 0.007822295350580561
1603635 1126.7985881524758 14.221580738524535 - -5.359144884597152 0.011649774704381687
241076 818.6264756860515 14.054740115404563 - -3.8623730967843257 0.01493120829572908
605745 820.2693018198656 14.31628770078842 - -6.968348341886582 0.013073367656042984
281774 950.1860218323917 14.058784169703594 - -3.8623730967843257 0.013649826910160891
930768 989.9275171458187 14.163931251880431 - -3.9578589977991063 0.007617706056574487
646056 891.2799575488285 14.31628770078842 - -6.968348341886582 0.012572526926737873
322208 1128.9631479996197 14.058784169703594 - -3.8623730967843257 0.012581474546536624
686408 961.7052102198385 14.31628770078842 - -6.968348341886582 0.012131048049373568
1765531 1257.5072120358443 14.221580738524535 - -5.359144884597152 0.010961241815827659
971926 1040.5587223010302 14.163931251880431 - -3.9578589977991063 0.007515189791222134
362628 1302.6691376425977 14.058784169703594 - -3.8623730967843257 0.011693123663737934
3221539 1326.062496190395 14.211401034850988 - -3.7121480810532907 0.010042350437109918
726758 1032.7545044341068 14.31628770078842 - -6.968348341886582 0.011671846165121428
402828 1476.1457807861404 14.058784169703594 - -3.8623730967843257 0.01099543402081116
1012276 1091.7711903337304 14.163931251880431 - -3.9578589977991063 0.007356928488587382
443222 1665.797545082226 14.058784169703594 - -3.8623730967843257 0.010361420106931704
767658 1112.1400420654986 14.31628770078842 - -6.968348341886582 0.011261737866121566
1928762 1393.9798081872154 14.221580738524535 - -5.359144884597152 0.010408820252921351
483578 1851.2647173994274 14.058784169703594 - -3.8623730967843257 0.0098536343736281
808146 1188.538397181582 14.31628770078842 - -6.968348341886582 0.010869344735038079
 Adding parameter  x0  with limits  [-5.0, 5.0]
   Adapting  x0
 Adding parameter  x1  with limits  [-5.0, 5.0]
   Adapting  x1
 Adding parameter  x2  with limits  [-5.0, 5.0]
   Adapting  x2
 Adding parameter  x3  with limits  [-5.0, 5.0]
   Adapting  x3
40000 2.634938803765966 14.17855827672263 - -3.6888794541139363 0.42543754431529723
524213 2037.3429911483602 14.058784169703594 - -3.8623730967843257 0.009407544503293477
80128 21.302679015067028 14.17855827672263 - -5.874256346202441 0.09801522464647686
849498 1268.2748190507655 14.31628770078842 - -6.968348341886582 0.01055482669823784
120260 184.7950657433205 14.17855827672263 - -5.923280350660023 0.03441648393558478
160460 383.568864232946 14.17855827672263 - -5.923280350660023 0.024255971785925427
2092292 1537.196830808437 14.221580738524535 - -5.359144884597152 0.009972814201888868
200575 572.9501880013461 14.17947984063262 - -5.923280350660023 0.019726401417931423
564572 2217.1837849349836 14.058784169703594 - -3.8623730967843257 0.008996863550539295
240689 784.3152816206497 14.17947984063262 - -5.923280350660023 0.01683430463646972
890047 1340.0069452300622 14.31628770078842 - -6.968348341886582 0.010223258402381589
281243 1002.9171017314295 14.17947984063262 - -5.923280350660023 0.014810647601873554
321515 1185.7133796483579 14.181360732110818 - -5.923280350660023 0.013422781022955224
931608 1420.6775423868532 14.31628770078842 - -6.968348341886582 0.009928010085209207
605372 2405.5171284847456 14.058784169703594 - -3.8623730967843257 0.008647760433691514
361925 1396.0097796921325 14.181360732110818 - -5.923280350660023 0.012336159562853657
 Adding parameter  x0  with limits  [-5.0, 5.0]
   Adapting  x0
 Adding parameter  x1  with limits  [-5.0, 5.0]
   Adapting  x1
 Adding parameter  x2  with limits  [-5.0, 5.0]
   Adapting  x2
 Adding parameter  x3  with limits  [-5.0, 5.0]
   Adapting  x3
2254488 1674.2360434559132 14.221580738524535 - -5.359144884597152 0.009543042294964197
160000 10.24223146959225 14.173149980352255 - -5.075173815233827 0.20574986170365545
402581 1620.1418414056195 14.181360732110818 - -5.923280350660023 0.011462217713840142
971824 1494.6197399717994 14.31628770078842 - -6.968348341886582 0.0096881230074377
442671 1836.3854948106123 14.181360732110818 - -5.923280350660023 0.010812523790287047
646137 2585.8223428613533 14.058784169703594 - -3.8623730967843257 0.008322345317752436
320110 134.57797918945053 14.244676631549698 - -5.83106740919766 0.03618910793649945
482705 2062.4670568956813 14.181360732110818 - -5.923280350660023 0.01023660081612766
522961 2306.124689464101 14.181360732110818 - -5.923280350660023 0.0096737692264673
480397 309.7215163656633 14.272165231406634 - -5.83106740919766 0.020793917435427356
3384090 1408.4007771591282 14.211401034850988 - -3.7121480810532907 0.00979072828151953
1013690 1571.9032622109921 14.31628770078842 - -6.968348341886582 0.00942618549861833
686697 2773.3696626055125 14.058784169703594 - -3.8623730967843257 0.00803816235268904
563666 2541.8575405987754 14.181360732110818 - -5.923280350660023 0.009222216517399566
603926 2783.0670078800713 14.181360732110818 - -5.923280350660023 0.008828136247129864
640763 555.915396741423 14.272165231406634 - -5.83106740919766 0.015846886227189085
2414839 1810.2446518070797 14.221580738524535 - -5.359144884597152 0.00915795924701533
644278 3013.957867599563 14.181360732110818 - -5.923280350660023 0.008474423265001986
727036 2965.275836940887 14.058784169703594 - -3.8623730967843257 0.007757193247964517
801495 815.9836927334392 14.272165231406634 - -5.83106740919766 0.0133591992190873
767076 3155.9902965720207 14.058784169703594 - -3.8623730967843257 0.007526570144054653
2575319 1948.7971757963041 14.221580738524535 - -5.359144884597152 0.008816665801502465
962075 1081.5376032293298 14.272165231406634 - -5.83106740919766 0.011606550139598581
 Adding parameter  x0  with limits  [-5.0, 5.0]
   Adapting  x0
 Adding parameter  x1  with limits  [-5.0, 5.0]
   Adapting  x1
 Adding parameter  x2  with limits  [-5.0, 5.0]
   Adapting  x2
 Adding parameter  x3  with limits  [-5.0, 5.0]
   Adapting  x3
40000 2.2854929304450238 14.148152195834882 - -3.6888794541139363 0.48418654604853567
80120 7.740028316443849 14.245446365420692 - -5.823400862060727 0.20937848036396622
120195 39.00530407819727 14.285349973528888 - -6.739310810786281 0.07979332806497394
160445 116.78695018951282 14.285349973528888 - -6.739512688247348 0.0441603726628943
200870 191.44186011826417 14.288674309524504 - -6.739512688247348 0.03326001309747026
240872 282.487573988323 14.288674309524504 - -6.739512688247348 0.02836789806461257
281009 367.01272329929157 14.288674309524504 - -6.739512688247348 0.02488142913907846
1122248 1353.138100739757 14.272165231406634 - -5.83106740919766 0.010327600810579448
2736662 2089.843895084046 14.221580738524535 - -5.359144884597152 0.008502768345897523
321351 457.86626292729204 14.288674309524504 - -6.739512688247348 0.022199753378315066
361923 546.0690588707797 14.288674309524504 - -6.739512688247348 0.02019460426405365
402717 624.5242229104932 14.289920161783106 - -6.739512688247348 0.01876769916985863
 Adding parameter  x0  with limits  [-5.0, 5.0]
   Adapting  x0
 Adding parameter  x1  with limits  [-5.0, 5.0]
   Adapting  x1
 Adding parameter  x2  with limits  [-5.0, 5.0]
   Adapting  x2
 Adding parameter  x3  with limits  [-5.0, 5.0]
   Adapting  x3
40000 3.340619386821473 14.147852546261115 - -3.6888794541139363 0.403359466503166
443145 715.143514357404 14.289920161783106 - -6.739512688247348 0.01753365184783435
80064 10.554676500189768 14.250348349678239 - -6.026059191872481 0.1642323553821198
120096 69.29203911432533 14.274129579785525 - -6.919032240574774 0.0543753145332786
483535 809.8076845517536 14.289920161783106 - -6.739512688247348 0.016471511491199204
160323 211.18801779840817 14.276803010052546 - -6.919032240574774 0.029697747387449302
523960 893.2044526955407 14.289920161783106 - -6.739512688247348 0.01557585292865806
200499 359.56816616036105 14.276803010052546 - -6.919032240574774 0.02210491736172485
3544740 1483.953104203746 14.211401034850988 - -3.7121480810532907 0.00952550925242699
564043 986.3209591769505 14.289920161783106 - -6.739512688247348 0.014803053035163789
240969 474.063707186064 14.282716200985648 - -6.919032240574774 0.01835189524869009
281541 624.3019153031696 14.282716200985648 - -6.919032240574774 0.016029384106695008
604273 1084.7001899537952 14.289920161783106 - -6.739512688247348 0.014129412626639467
1283141 1624.3007895826543 14.272165231406634 - -5.83106740919766 0.009376344266478107
2899606 2229.00536023477 14.221580738524535 - -5.359144884597152 0.00821236550039205
322095 770.2392596525257 14.282716200985648 - -6.919032240574774 0.014480685592561321
645221 1179.055945155053 14.289920161783106 - -6.739512688247348 0.013566359045665362
362595 921.0720484359069 14.282716200985648 - -6.919032240574774 0.013157901875624017
686325 1248.5539092403592 14.291703917997156 - -6.739512688247348 0.013089033380728513
403395 1080.6728570036476 14.282716200985648 - -6.919032240574774 0.012127106066844603
727203 1340.5695704022148 14.291703917997156 - -6.739512688247348 0.012599484149953247
767633 1434.1039752450968 14.291703917997156 - -6.739512688247348 0.012171765251585661
443479 1244.1829444177608 14.282716200985648 - -6.919032240574774 0.011371711530374137
 Adding parameter  x0  with limits  [-5.0, 5.0]
   Adapting  x0
 Adding parameter  x1  with limits  [-5.0, 5.0]
   Adapting  x1
 Adding parameter  x2  with limits  [-5.0, 5.0]
   Adapting  x2
 Adding parameter  x3  with limits  [-5.0, 5.0]
   Adapting  x3
484303 1407.5520964485875 14.282716200985648 - -6.919032240574774 0.01073349780211482
808557 1530.9619758186886 14.291703917997156 - -6.739512688247348 0.011740344455444968
160000 5.057837917797212 14.216905483030173 - -5.075173815233827 0.29482987007152167
3062480 2377.174011565871 14.221580738524535 - -5.359144884597152 0.007957711745003353
1444069 1903.9785212809363 14.272165231406634 - -5.83106740919766 0.008606663234028745
525143 1572.012572091662 14.282716200985648 - -6.919032240574774 0.010129805018686875
320080 49.48036967652989 14.293167570850565 - -6.982363442230522 0.05426981661795889
849007 1630.9097723374175 14.291703917997156 - -6.739512688247348 0.011398602835357912
565917 1746.1059833649283 14.282716200985648 - -6.919032240574774 0.00969560887824694
480474 276.3046489396327 14.313719598320095 - -6.982611744024891 0.023181275602782922
889303 1725.9109473349993 14.291703917997156 - -6.739512688247348 0.01106905387103911
606813 1913.3080708049008 14.282716200985648 - -6.919032240574774 0.009244610740727938
930367 1699.2884989067074 14.296568871443855 - -6.739512688247348 0.010747680071774943
641191 549.10187004928 14.313719598320095 - -6.982611744024891 0.016480789164495517
972103 1794.3603386688362 14.296568871443855 - -6.739512688247348 0.01046122011104336
3225200 2519.9943803335414 14.221580738524535 - -5.359144884597152 0.0077172231523594545
647763 2077.1387958961604 14.282716200985648 - -6.919032240574774 0.008821627670491506
802190 840.734047341949 14.313719598320095 - -6.982611744024891 0.013250533831801026
1605280 2190.714130377834 14.272165231406634 - -5.83106740919766 0.00804104048055114
1013641 1889.1651677988325 14.296568871443855 - -6.739512688247348 0.010223064517135387
688869 2249.457117605224 14.282716200985648 - -6.919032240574774 0.00844493885720086
3707440 1560.1065840499418 14.211401034850988 - -3.7121480810532907 0.009246426756903342
962250 1083.4640489665994 14.316941884455076 - -6.982611744024891 0.011447541896314256
730119 2423.1572476031793 14.282716200985648 - -6.919032240574774 0.008146212194598384
3386830 2668.6919014556984 14.221580738524535 - -5.359144884597152 0.0075147943838754965
1123146 1390.7226284797778 14.316941884455076 - -6.982611744024891 0.010167287810666784
771079 2594.9612522343955 14.282716200985648 - -6.919032240574774 0.007864180098925852
 Adding parameter  x0  with limits  [-5.0, 5.0]
   Adapting  x0
 Adding parameter  x1  with limits  [-5.0, 5.0]
   Adapting  x1
 Adding parameter  x2  with limits  [-5.0, 5.0]
   Adapting  x2
 Adding parameter  x3  with limits  [-5.0, 5.0]
   Adapting  x3
40000 2.0886825658945387 14.169566474907185 - -3.6888794541139363 0.5134810448205437
1765498 2359.214001128007 14.275506596461861 - -5.83106740919766 0.007564295399548989
80120 7.3549236700451495 14.230892598729532 - -5.746330977902157 0.18417761986191356
120188 25.915100978953205 14.296379883406019 - -6.449859127481122 0.07537177183778732
811999 2778.875451069677 14.282716200985648 - -6.919032240574774 0.007602702506073023
160529 72.18562401023975 14.296379883406019 - -6.4500749936449395 0.04331750116275617
201007 123.42752861359835 14.296379883406019 - -6.4500749936449395 0.03167927877534749
1284362 1685.553300949151 14.316941884455076 - -6.982611744024891 0.009137222217390233
241375 171.78127754991584 14.296379883406019 - -6.4500749936449395 0.02545908711400987
281653 223.81139560439834 14.296379883406019 - -6.4500749936449395 0.02195807992900852
321781 279.417912095729 14.296379883406019 - -6.4500749936449395 0.01981880712960469
853129 2958.722377724603 14.282716200985648 - -6.919032240574774 0.00737437470259104
362535 332.9786625237715 14.296379883406019 - -6.4500749936449395 0.017960038796822227
3548500 2810.283283353298 14.221580738524535 - -5.359144884597152 0.007324799866110332
402891 387.1807829921535 14.296379883406019 - -6.4500749936449395 0.01687884529143828
1445522 1985.823581222634 14.316941884455076 - -6.982611744024891 0.008412673961689713
443427 444.4489529340225 14.296379883406019 - -6.4500749936449395 0.015827403785331578
893816 3136.4397469232154 14.282716200985648 - -6.919032240574774 0.007160640179786201
484363 474.16238289545106 14.30064070781163 - -6.4500749936449395 0.015174170478965176
1926568 2634.281524297653 14.275506596461861 - -5.83106740919766 0.007161445693677814
525483 525.53232780243 14.30064070781163 - -6.4500749936449395 0.014394055661164445
566589 571.1766968763837 14.301632578017605 - -6.4500749936449395 0.01367951433800061
1605806 2294.793030821804 14.316941884455076 - -6.982611744024891 0.00783420334956277
606783 629.7285009023492 14.301632578017605 - -6.4500749936449395 0.013068869897106001
3709309 2954.094547644018 14.221580738524535 - -5.359144884597152 0.007143248971416907
3870022 1635.7641594920797 14.211401034850988 - -3.7121480810532907 0.009037834687794418
647131 684.1055809525794 14.301632578017605 - -6.4500749936449395 0.012686430164891974
688291 741.3669135033199 14.301632578017605 - -6.4500749936449395 0.012096019357826183
1767366 2616.5797799904335 14.316941884455076 - -6.982611744024891 0.007382535420128979
2087293 2906.2184022369597 14.275506596461861 - -5.83106740919766 0.006794640670978213
729763 797.3395192886787 14.301632578017605 - -6.4500749936449395 0.011698383984573114
770947 815.3756209881969 14.304904813996044 - -6.4500749936449395 0.011348212639318813
3872956 3098.827035494725 14.221580738524535 - -5.359144884597152 0.0069567672295273025
812422 869.5973753238428 14.304904813996044 - -6.4500749936449395 0.011005536644270831
 Adding parameter  x0  with limits  [-5.0, 5.0]
   Adapting  x0
 Adding parameter  x1  with limits  [-5.0, 5.0]
   Adapting  x1
 Adding parameter  x2  with limits  [-5.0, 5.0]
   Adapting  x2
 Adding parameter  x3  with limits  [-5.0, 5.0]
   Adapting  x3
40000 1.5948497676434985 14.105133240361916 - -3.6888794541139363 0.6521368032598116
1929640 2932.358362840769 14.316941884455076 - -6.982611744024891 0.006959037037205897
80018 1.2514545948702538 14.32876809369872 - -5.68575427213681 0.8004873776464982
120108 3.200623117741194 14.425405037067547 - -7.5305804623015575 0.34525527035213494
160268 11.816500818692786 14.447635028801471 - -8.215034348494479 0.14450179638709168
853054 921.3374281434865 14.304904813996044 - -6.4500749936449395 0.010647681730361007
200660 33.50848405960885 14.449857111359721 - -8.215312783690486 0.08729618671771029
241106 55.58707688804642 14.449857111359721 - -8.215312783690486 0.06561507675552271
281188 77.56716717726373 14.45116838896049 - -8.215312783690486 0.05537972697666518
321272 86.31103003889612 14.467041077483414 - -8.215312783690486 0.04969203480844829
894502 979.5485658603097 14.304904813996044 - -6.4500749936449395 0.010344798734314037
362198 106.86713439084649 14.467041077483414 - -8.215312783690486 0.04492524632963667
402728 125.58755084964162 14.467041077483414 - -8.215312783690486 0.04100874099830662
443912 146.5143043667702 14.467041077483414 - -8.215312783690486 0.037848951819838994
2249293 3189.8642207830353 14.275506596461861 - -5.83106740919766 0.006499934009923504
935120 1033.3732713883737 14.304904813996044 - -6.4500749936449395 0.010048846838649107
484052 164.97327652724394 14.467041077483414 - -8.215312783690486 0.03631338997467994
2089660 3252.985112234258 14.316941884455076 - -6.982611744024891 0.006601408310159896
524884 187.2179915586995 14.467041077483414 - -8.215312783690486 0.03400400089637302
975424 1084.5413309790576 14.304904813996044 - -6.4500749936449395 0.009776331789830103
565820 209.43221907158608 14.467041077483414 - -8.215312783690486 0.032391389264440164
607238 233.24536990806735 14.467041077483414 - -8.215312783690486 0.030735416001145363
647663 255.33315760192247 14.467041077483414 - -8.215312783690486 0.029262637052096075
1016190 1137.3472110988448 14.304904813996044 - -6.4500749936449395 0.009537966665083752
4030386 1712.022326593939 14.211401034850988 - -3.7121480810532907 0.008831072126256783
687887 277.3158310216973 14.467041077483414 - -8.215312783690486 0.028144595332027133
729071 300.47485121156654 14.467041077483414 - -8.215312783690486 0.027077977668882078
770310 324.20379527295313 14.467041077483414 - -8.215312783690486 0.025984759596317672
 Adding parameter  x0  with limits  [-5.0, 5.0]
   Adapting  x0
 Adding parameter  x1  with limits  [-5.0, 5.0]
   Adapting  x1
 Adding parameter  x2  with limits  [-5.0, 5.0]
   Adapting  x2
 Adding parameter  x3  with limits  [-5.0, 5.0]
   Adapting  x3
811687 346.9430167504831 14.467041077483414 - -8.215312783690486 0.025145601841164815
160000 49.13569406948588 14.052910943915343 - -4.005990337256529 0.06349062469957001
851839 367.96691876950274 14.467041077483414 - -8.215312783690486 0.024451594401632557
320204 160.09284933669005 14.160295429901979 - -4.006250280070574 0.020188614767216752
893230 388.79134238656854 14.467041077483414 - -8.215312783690486 0.023656028093038784
 Adding parameter  x0  with limits  [-5.0, 5.0]
   Adapting  x0
 Adding parameter  x1  with limits  [-5.0, 5.0]
   Adapting  x1
 Adding parameter  x2  with limits  [-5.0, 5.0]
   Adapting  x2
 Adding parameter  x3  with limits  [-5.0, 5.0]
   Adapting  x3
480284 348.6233496433274 14.160295429901979 - -4.006250280070574 0.01362977417479355
160000 2.4751433851586713 14.288145471274303 - -5.075173815233827 0.5103607391695633
933550 409.7346599064623 14.467041077483414 - -8.215312783690486 0.022864867239065556
 Adding parameter  x0  with limits  [-5.0, 5.0]
   Adapting  x0
 Adding parameter  x1  with limits  [-5.0, 5.0]
   Adapting  x1
 Adding parameter  x2  with limits  [-5.0, 5.0]
   Adapting  x2
 Adding parameter  x3  with limits  [-5.0, 5.0]
   Adapting  x3
320146 43.437167758287565 14.314847237874986 - -8.2339155123082 0.08481274698316231
480206 660.1594685940277 14.336254119181364 - -8.234114299705734 0.01863545025527178
975090 399.48139820591126 14.472483822892299 - -8.215312783690486 0.022416459664924872
160000 9.345315096657298 14.147852546261115 - -5.075173815233827 0.21807918412616425
641019 544.6017369045252 14.160295429901979 - -4.006250280070574 0.011069700200678474
640338 1388.67451830228 14.336846535017948 - -8.234114299705734 0.012613597689329044
1017050 419.9783843130516 14.472483822892299 - -8.215312783690486 0.021853973847958733
320130 99.86575686263394 14.258985865246004 - -6.934142760434773 0.041148835337602586
 Adding parameter  x0  with limits  [-5.0, 5.0]
   Adapting  x0
 Adding parameter  x1  with limits  [-5.0, 5.0]
   Adapting  x1
 Adding parameter  x2  with limits  [-5.0, 5.0]
   Adapting  x2
 Adding parameter  x3  with limits  [-5.0, 5.0]
   Adapting  x3
40000 2.2086020347541884 14.177166899776365 - -3.6888794541139363 0.619565104759657
80050 5.2812850115682055 14.229912293132765 - -5.347488410554486 0.2922827048957814
120235 12.838012671591171 14.264148509456621 - -6.903947398197699 0.15484092733378668
160275 23.48758779852576 14.359542766590161 - -7.852972997271498 0.10590526529023382
801439 2099.276574983717 14.338878265969466 - -8.234114299705734 0.010061452514929738
480194 592.7253746170679 14.279888526368518 - -6.934142760434773 0.01618407998458084
200375 54.615894369935546 14.37679243688472 - -7.85337892380437 0.062406598904310426
240823 62.7752650738345 14.403323340899703 - -7.85337892380437 0.04830000461251279
801049 695.1938822849897 14.164688217126361 - -4.006250280070574 0.00939423487060985
281101 89.05410816108136 14.403323340899703 - -7.85337892380437 0.040975113419178984
321404 116.37419115106303 14.403323340899703 - -7.85337892380437 0.03711516497173465
962554 2873.7559722357987 14.338878265969466 - -8.234114299705734 0.008582720452608992
362141 143.28710224647432 14.40585943543632 - -7.85337892380437 0.03416010635046087
640504 1191.7387332091746 14.279888526368518 - -6.934142760434773 0.011708770889805622
402302 168.49195596929678 14.40585943543632 - -7.85337892380437 0.03068771442614569
442974 196.30821467797412 14.40585943543632 - -7.85337892380437 0.028497524323116002
 Adding parameter  x0  with limits  [-5.0, 5.0]
   Adapting  x0
 Adding parameter  x1  with limits  [-5.0, 5.0]
   Adapting  x1
 Adding parameter  x2  with limits  [-5.0, 5.0]
   Adapting  x2
 Adding parameter  x3  with limits  [-5.0, 5.0]
   Adapting  x3
484212 226.19069873536714 14.40585943543632 - -7.85337892380437 0.026740540937672422
1123245 3691.0405029596964 14.338878265969466 - -8.234114299705734 0.007604624841511943
525225 224.57671544294527 14.413347186213851 - -7.85337892380437 0.02558571734142596
962221 878.8447922771484 14.164688217126361 - -4.006250280070574 0.008236375905916351
801304 1834.053352212563 14.279888526368518 - -6.934142760434773 0.009428362183977378
160000 14.429901689194399 14.128223347316743 - -4.228876455180207 0.12049733239541202
566175 253.96954971499798 14.413347186213851 - -7.85337892380437 0.02439849869008654
607450 278.5181701350708 14.413347186213851 - -7.85337892380437 0.02355970815477267
320062 230.88909263982617 14.1434370508793 - -4.229254761991539 0.028772109541055513
648658 301.7819092105865 14.413347186213851 - -7.85337892380437 0.022537284219698746
689598 325.9559199184511 14.413347186213851 - -7.85337892380437 0.02166507337483113
962372 2503.160669242564 14.279888526368518 - -6.934142760434773 0.008066494333620939
730100 350.0935724351739 14.413347186213851 - -7.85337892380437 0.020698644886273012
480712 445.62755504991435 14.151506543931099 - -4.229254761991539 0.019613144069503798
1123013 1065.6182624856563 14.164688217126361 - -4.006250280070574 0.0074955924223283135
770168 376.87394129825094 14.413347186213851 - -7.85337892380437 0.01996495136085571
 Adding parameter  x0  with limits  [-5.0, 5.0]
   Adapting  x0
 Adding parameter  x1  with limits  [-5.0, 5.0]
   Adapting  x1
 Adding parameter  x2  with limits  [-5.0, 5.0]
   Adapting  x2
 Adding parameter  x3  with limits  [-5.0, 5.0]
   Adapting  x3
811853 408.71123174195304 14.413347186213851 - -7.85337892380437 0.019215158314896136
40000 3.3716979950802304 14.080784819638055 - -3.6888794541139363 0.37950541813985794
80044 3.4737610825912277 14.292427636481213 - -5.9797967422403 0.3011496418247052
640903 708.9923179473356 14.151506543931099 - -4.229254761991539 0.015623011725887453
120142 9.608538407387588 14.390265861189397 - -6.3921642297723675 0.14154269008114304
1123264 3158.7540709742702 14.280666104965132 - -6.934142760434773 0.007164920730218123
852613 425.9629157144903 14.414582442238009 - -7.85337892380437 0.01867915907234127
160370 25.509602355528507 14.400696978751338 - -6.3921642297723675 0.10035995916432179
200459 37.2361414846976 14.400696978751338 - -6.3921642297723675 0.07524223453099219
894193 451.53020015672087 14.414582442238009 - -7.85337892380437 0.01805419917648065
240779 47.729651282593494 14.400696978751338 - -6.3921642297723675 0.06082675134804575
281387 60.533946743408436 14.400696978751338 - -6.3921642297723675 0.05254270386248382
936173 477.05732202140604 14.414582442238009 - -7.85337892380437 0.017552134336406237
1284749 1253.8612552785687 14.164688217126361 - -4.006250280070574 0.006903868617863332
800923 979.7695101209192 14.151506543931099 - -4.229254761991539 0.013229654843402007
321977 75.19156711505995 14.400696978751338 - -6.3921642297723675 0.04763616717949384
 Adding parameter  x0  with limits  [-5.0, 5.0]
   Adapting  x0
 Adding parameter  x1  with limits  [-5.0, 5.0]
   Adapting  x1
 Adding parameter  x2  with limits  [-5.0, 5.0]
   Adapting  x2
 Adding parameter  x3  with limits  [-5.0, 5.0]
   Adapting  x3
977403 503.3524264216258 14.414582442238009 - -7.85337892380437 0.017093226358317885
361991 91.25105242675684 14.400696978751338 - -6.3921642297723675 0.045611176605386536
160000 2.146577716423775 14.31628830248425 - -5.075173815233827 0.4841122674361382
1017561 531.9729817462044 14.414582442238009 - -7.85337892380437 0.016733110828246096
402839 106.51705907121111 14.400696978751338 - -6.3921642297723675 0.042266885353007086
320110 26.58571712838772 14.364123760038641 - -7.066693923741096 0.07868741699912335
443699 121.54763288966872 14.400696978751338 - -6.3921642297723675 0.03922855730384738
962317 1252.8764879322039 14.151661337244958 - -4.229254761991539 0.011783508720370867
484824 118.10201304776602 14.411110269393072 - -6.3921642297723675 0.0369913169668838
480275 193.15036151161215 14.36811523894682 - -7.066693923741096 0.025978908334064937
1446343 1445.7930286956223 14.164688217126361 - -4.006250280070574 0.006415635164336657
525942 130.1946769171846 14.411110269393072 - -6.3921642297723675 0.03494311856422856
640955 352.3292175636422 14.3738957940327 - -7.066693923741096 0.018355856409994167
567110 142.4193737478942 14.411110269393072 - -6.3921642297723675 0.03295634299342128
1123723 1533.9198308555262 14.151661337244958 - -4.229254761991539 0.01068229598701163
607913 151.60009554837322 14.411110269393072 - -6.3921642297723675 0.03113827755622333
801269 533.5558875350615 14.373947997147011 - -7.066693923741096 0.014906662610403137
 Adding parameter  x0  with limits  [-5.0, 5.0]
   Adapting  x0
 Adding parameter  x1  with limits  [-5.0, 5.0]
   Adapting  x1
 Adding parameter  x2  with limits  [-5.0, 5.0]
   Adapting  x2
 Adding parameter  x3  with limits  [-5.0, 5.0]
   Adapting  x3
648793 162.96601707201947 14.411110269393072 - -6.3921642297723675 0.02968517846045917
160000 4.57689768335235 14.105133240361916 - -5.075173815233827 0.3457902728837352
1606634 1632.822590927683 14.164688217126361 - -4.006250280070574 0.005999524537884516
320200 4.651447673398341 14.426671943662344 - -8.203818539907559 0.26581979584168847
961487 640.8626298381245 14.38270932640853 - -7.066693923741096 0.012901025184383387
689482 174.63771966788195 14.411110269393072 - -6.3921642297723675 0.028417242466874812
1285453 1808.3595634396095 14.151661337244958 - -4.229254761991539 0.009853905512718765
480310 76.22073053581016 14.457728009934645 - -8.285180342368287 0.06018237901733114
 Adding parameter  x0  with limits  [-5.0, 5.0]
   Adapting  x0
 Adding parameter  x1  with limits  [-5.0, 5.0]
   Adapting  x1
 Adding parameter  x2  with limits  [-5.0, 5.0]
   Adapting  x2
 Adding parameter  x3  with limits  [-5.0, 5.0]
   Adapting  x3
40000 2.7153723534974095 14.134423086310177 - -3.6888794541139363 0.41948065286505176
729730 188.10548748441684 14.411110269393072 - -6.3921642297723675 0.027364479335637397
80033 7.796021679603143 14.258638654028871 - -5.967888810579276 0.19190612404947402
120066 67.43686333199419 14.263825594221819 - -6.645617992083847 0.05169414308607324
640508 141.70986329936522 14.467536267992395 - -8.285180342368287 0.040705216291004716
160296 141.73836150179213 14.289039121737755 - -6.645617992083847 0.030412528327066313
200378 159.62353242307634 14.320518130247683 - -6.645617992083847 0.02332801746530029
1122060 814.971934647023 14.38270932640853 - -7.066693923741096 0.011390062419722484
769900 200.59360643185994 14.411110269393072 - -6.3921642297723675 0.026170802017839834
240503 225.06523635751867 14.320518130247683 - -6.645617992083847 0.01929285784677278
801623 233.8036993554045 14.467536267992395 - -8.285180342368287 0.032617687770733074
280763 293.66262506912483 14.320518130247683 - -6.645617992083847 0.017013863686125855
321251 205.9158535121024 14.36032172295889 - -6.645617992083847 0.015837463992794735
1445643 2080.2988045361994 14.151661337244958 - -4.229254761991539 0.0091701766671339
1768286 1828.7895417455245 14.164688217126361 - -4.006250280070574 0.005654976801384347
811474 213.95960667764598 14.411110269393072 - -6.3921642297723675 0.025368207184643343
962743 291.320319725624 14.475382703893317 - -8.285180342368287 0.027597003477820195
361901 244.21958029849054 14.36032172295889 - -6.645617992083847 0.01439628233187605
1282098 997.9154980233366 14.38270932640853 - -7.066693923741096 0.010536295697143767
402556 286.51335318017203 14.36032172295889 - -6.645617992083847 0.013570971138931685
852724 230.34974359350088 14.411110269393072 - -6.3921642297723675 0.025124914303833935
1123852 367.4724719265204 14.475382703893317 - -8.285180342368287 0.024322615625690276
443363 327.4333030123786 14.36032172295889 - -6.645617992083847 0.012817320018308513
484363 368.15082840364363 14.36032172295889 - -6.645617992083847 0.011920410448338189
892924 242.28794123409844 14.411110269393072 - -6.3921642297723675 0.024433688849862183
1285764 443.8053369712142 14.475382703893317 - -8.285180342368287 0.021815410277161194
525251 410.2669778486386 14.36032172295889 - -6.645617992083847 0.011328233026354455
1442130 1180.0703122153718 14.38270932640853 - -7.066693923741096 0.00969334606406441
1606250 2359.031888754489 14.151661337244958 - -4.229254761991539 0.00862529022658676
566075 450.1818219806925 14.36032172295889 - -6.645617992083847 0.01069660924154863
1930346 2028.7412167730015 14.164688217126361 - -4.006250280070574 0.005372659354009327
934468 257.79430273188734 14.411110269393072 - -6.3921642297723675 0.023816846303288425
1447264 523.7024096671573 14.475382703893317 - -8.285180342368287 0.020107978362753548
606433 490.4077221276214 14.36032172295889 - -6.645617992083847 0.010183246994618516
1603655 1373.541302362465 14.38270932640853 - -7.066693923741096 0.009067006072597488
647683 530.0552497567949 14.36032172295889 - -6.645617992083847 0.00974107818958401
975040 270.5992275756537 14.411110269393072 - -6.3921642297723675 0.023059025054316597
1609376 604.368637253976 14.475382703893317 - -8.285180342368287 0.01864403989185786
1765240 1557.6389118841153 14.38270932640853 - -7.066693923741096 0.008464198773088905
687952 570.4010606868251 14.36032172295889 - -6.645617992083847 0.009460713911174794
1767066 2646.5485580892564 14.151661337244958 - -4.229254761991539 0.008156794816594053
1016762 283.93764282780097 14.411110269393072 - -6.3921642297723675 0.022414012416370067
727972 609.4333017975542 14.36032172295889 - -6.645617992083847 0.009140819274397714
1770505 690.1149691601154 14.475382703893317 - -8.285180342368287 0.017452694204260644
2091136 2229.8906337553844 14.164688217126361 - -4.006250280070574 0.0051204777192418996
1926920 1742.8132590041023 14.38270932640853 - -7.066693923741096 0.007941820143132324
768622 650.5253777194966 14.36032172295889 - -6.645617992083847 0.008810644284468748
1932271 772.5067472562037 14.475382703893317 - -8.285180342368287 0.01640671034047189
809657 692.7796575953988 14.36032172295889 - -6.645617992083847 0.00853968282077669
1928238 2951.3703327474545 14.151661337244958 - -4.229254761991539 0.007741381696722671
2087120 1937.4330231140275 14.38270932640853 - -7.066693923741096 0.007607195801819101
850341 733.3284663981452 14.36032172295889 - -6.645617992083847 0.008347709718677751
2092861 856.4334094305445 14.475382703893317 - -8.285180342368287 0.015478519075137176
2253075 2429.1882465842004 14.164688217126361 - -4.006250280070574 0.004915446888041754
890949 775.2070460638532 14.36032172295889 - -6.645617992083847 0.00811809066151448
 Adding parameter  x0  with limits  [-5.0, 5.0]
   Adapting  x0
 Adding parameter  x1  with limits  [-5.0, 5.0]
   Adapting  x1
 Adding parameter  x2  with limits  [-5.0, 5.0]
   Adapting  x2
 Adding parameter  x3  with limits  [-5.0, 5.0]
   Adapting  x3
40000 2.717924067961997 14.149724512092115 - -3.6888794541139363 0.46208567678624923
80020 3.4742279107792866 14.330451247902387 - -6.000523391596328 0.3670379359328087
120034 24.717399318392488 14.335836076904835 - -7.026764848436023 0.10438557987375117
160175 75.94360628084068 14.340155643696358 - -7.027043619984545 0.052875734797522556
932043 815.5392411794579 14.36032172295889 - -6.645617992083847 0.007892692910933034
2253177 942.0696188314074 14.475382703893317 - -8.285180342368287 0.014756223808342683
200635 141.04083449783582 14.340155643696358 - -7.027043619984545 0.03862168460803898
241000 194.87279587033376 14.34411677100578 - -7.027043619984545 0.03224826266337467
2089238 3228.2399169561672 14.151930542265337 - -4.229254761991539 0.00736401988876172
281641 258.6387784659397 14.34411677100578 - -7.027043619984545 0.02793655733245681
2248085 2135.3862235447077 14.38270932640853 - -7.066693923741096 0.007270552713066248
322297 312.4947525081683 14.34411677100578 - -7.027043619984545 0.02457085642093797
973435 855.9332919771506 14.36032172295889 - -6.645617992083847 0.007680817702238998
362733 372.59855913312606 14.34411677100578 - -7.027043619984545 0.022317256990520937
402773 431.7656315469894 14.34411677100578 - -7.027043619984545 0.02065334720499661
2415277 1026.149204289225 14.475382703893317 - -8.285180342368287 0.01413424461897349
443138 498.90274973864103 14.34411677100578 - -7.027043619984545 0.019353723932241825
1014785 899.819510709534 14.36032172295889 - -6.645617992083847 0.007534498797017145
2414547 2629.6433111674455 14.164688217126361 - -4.006250280070574 0.004730395766241414
483350 564.2973017015049 14.34411677100578 - -7.027043619984545 0.018228826949722766
524405 628.0175548860506 14.34411677100578 - -7.027043619984545 0.01723578119122575
564797 694.9171802239584 14.34411677100578 - -7.027043619984545 0.016385687969405448
2577805 1108.5918220631556 14.475382703893317 - -8.285180342368287 0.013543799591537743
2408096 2326.6468703950172 14.38270932640853 - -7.066693923741096 0.006957202413610359
605597 759.6152006928539 14.34411677100578 - -7.027043619984545 0.015624446769414307
646517 829.8356738409444 14.344283867858106 - -7.027043619984545 0.014945280051383599
687797 900.7956070223852 14.344283867858106 - -7.027043619984545 0.014342059989315228
2738161 1201.9954670039535 14.475382703893317 - -8.285180342368287 0.013018334483184789
 Adding parameter  x0  with limits  [-5.0, 5.0]
   Adapting  x0
 Adding parameter  x1  with limits  [-5.0, 5.0]
   Adapting  x1
 Adding parameter  x2  with limits  [-5.0, 5.0]
   Adapting  x2
 Adding parameter  x3  with limits  [-5.0, 5.0]
   Adapting  x3
727893 961.9665635017717 14.344283867858106 - -7.027043619984545 0.013818956637477136
160000 51.73982311590084 14.053186473185491 - -3.173812836090691 0.062481081529533904
2576491 2831.048853574416 14.164688217126361 - -4.006250280070574 0.004556582604610279
 Adding parameter  x0  with limits  [-5.0, 5.0]
   Adapting  x0
 Adding parameter  x1  with limits  [-5.0, 5.0]
   Adapting  x1
 Adding parameter  x2  with limits  [-5.0, 5.0]
   Adapting  x2
 Adding parameter  x3  with limits  [-5.0, 5.0]
   Adapting  x3
10000 1.0407569970413681 13.732206934575892 - -2.3025850929940455 0.9607213432047443
20080 2.1875931518311234 14.198636388978281 - -3.5997749790311153 0.5858335706714866
2568576 2473.095755712571 14.384058774654545 - -7.066693923741096 0.006671930295186299
30137 2.1874802308359467 14.273885791150413 - -4.895323726844261 0.512779171018563
40141 1.4638609319923372 14.450120083568496 - -6.147515103440671 0.6898132209616923
320225 372.88933170543487 14.055305572343196 - -3.173962910592243 0.02371643215924585
50221 2.7617451184887454 14.450120083568496 - -7.298087131039492 0.4044058681522999
60231 6.356918832528823 14.450120083568496 - -8.427551883190366 0.21670022797884592
70348 16.10763594702058 14.450120083568496 - -8.52816391092293 0.10736924075979982
768773 1031.874457812702 14.344283867858106 - -7.027043619984545 0.013340420907043819
80468 31.76995840532679 14.450120083568496 - -8.528568196353946 0.07822517919658221
90770 47.01434949849161 14.450646120936975 - -8.528568196353946 0.06476966248205995
100775 63.37992627054578 14.450646120936975 - -8.528568196353946 0.05552969924333662
111097 79.10376463766508 14.450646120936975 - -8.528568196353946 0.04902120466964566
121309 94.22371800662091 14.450646120936975 - -8.528568196353946 0.043922225358111806
131599 108.7072940688939 14.450646120936975 - -8.528568196353946 0.04116206447279702
141959 123.75203645007406 14.450646120936975 - -8.528568196353946 0.038009148534059095
152200 139.13068227246683 14.450646120936975 - -8.528568196353946 0.03559469140166571
162676 154.19110546574206 14.450646120936975 - -8.528568196353946 0.03360099359674284
480385 728.7012396750673 14.057490969154337 - -3.173962910592243 0.016965654583215212
2899621 1288.7051671895902 14.475382703893317 - -8.285180342368287 0.012542633211961097
173233 169.75950341497125 14.450646120936975 - -8.528568196353946 0.03197113674029813
809300 1094.263234488619 14.344283867858106 - -7.027043619984545 0.01291276286954015
183329 184.20357662236668 14.450646120936975 - -8.528568196353946 0.0305367276529706
193394 198.82613756671225 14.450646120936975 - -8.528568196353946 0.02928977272205425
203669 215.08654257635735 14.450646120936975 - -8.528568196353946 0.028004632321302313
213779 232.6271951002529 14.450646120936975 - -8.528568196353946 0.02699058425675569
224459 248.38957589892016 14.450646120936975 - -8.528568196353946 0.025965621943780028
849470 1166.005377376287 14.344283867858106 - -7.027043619984545 0.012503674363974608
640682 1072.3683425539164 14.05934163591097 - -3.173962910592243 0.013679996953145554
234777 265.35464409518613 14.450646120936975 - -8.528568196353946 0.025016607846021978
244826 280.9235587074357 14.450646120936975 - -8.528568196353946 0.0241554227005686
2730012 2672.013062180214 14.384058774654545 - -7.066693923741096 0.006417385531130299
254953 242.05749770860461 14.4654886772007 - -8.528568196353946 0.023825263043910395
889495 1234.9211434387694 14.344283867858106 - -7.027043619984545 0.012150971165044351
801882 1367.3747449609357 14.06274338494881 - -3.173962910592243 0.011778805037419352
3061981 1387.1080603008602 14.475382703893317 - -8.285180342368287 0.012135349732496819
2738551 3035.2577079099206 14.164688217126361 - -4.006250280070574 0.004400150954108236
930695 1307.037933720854 14.344283867858106 - -7.027043619984545 0.01184617474055331
2891932 2858.53682432053 14.384058774654545 - -7.066693923741096 0.0061704882484763255
961962 1734.076607816308 14.06274338494881 - -3.173962910592243 0.010506142681245629
972170 1381.5937327576944 14.344283867858106 - -7.027043619984545 0.011481366443754085
3224521 1487.5547112250276 14.475382703893317 - -8.285180342368287 0.011742987267187149
1013066 1454.702619489015 14.344283867858106 - -7.027043619984545 0.011221540680348316
 Adding parameter  x0  with limits  [-5.0, 5.0]
   Adapting  x0
 Adding parameter  x1  with limits  [-5.0, 5.0]
   Adapting  x1
 Adding parameter  x2  with limits  [-5.0, 5.0]
   Adapting  x2
 Adding parameter  x3  with limits  [-5.0, 5.0]
   Adapting  x3
10000 1.0 13.831040701514626 - -2.3025850929940455 0.999499874937461
20010 1.0010739083760585 13.831040701514626 - -3.379633203746315 0.9984271574016488
30150 1.1145753469764583 14.235972421092473 - -4.386495633804857 0.9021793198701487
40298 1.2424410445325518 14.235972421092473 - -5.394453554204836 0.811780625025373
50448 1.5954332654939034 14.366314967317601 - -6.403870264068475 0.6604707142096798
60588 4.483651319846885 14.36958576009717 - -7.363220485403077 0.3932152745854853
70724 4.662382901083486 14.417290831681624 - -8.290253313809133 0.3062971551492563
80804 7.959812462082132 14.461191240225125 - -9.192445121303788 0.21498179797744488
90869 18.581520406911736 14.480608086327107 - -10.09138621484283 0.13496315333803688
101061 40.58512327038868 14.495943959923391 - -10.812955244889297 0.08664988188588764
111078 88.82334523583229 14.501212549196413 - -10.813336705889537 0.05782021083994205
1122087 2087.789136570265 14.06274338494881 - -3.173962910592243 0.009522866698246554
121158 137.18143675433072 14.505052409090407 - -10.813579512737883 0.0476529673799515
131283 173.15877372520484 14.508808281096348 - -10.813940263102545 0.040904907997109594
141433 219.43361894848488 14.508808281096348 - -10.813940263102545 0.035893624194533624
151905 257.47653420192705 14.511503209622141 - -10.813940263102545 0.03207421901158896
162405 299.30049072267605 14.511503209622141 - -10.813940263102545 0.02969747246577906
172665 287.5689674155975 14.525866316952712 - -10.813940263102545 0.02770397506410633
182997 329.3840837754043 14.525866316952712 - -10.813940263102545 0.026113284311542417
193554 365.68327466792516 14.525866316952712 - -10.813940263102545 0.024650075549613445
3053504 3066.594573830217 14.384058774654545 - -7.066693923741096 0.00597109751082767
203874 409.6531715052176 14.525866316952712 - -10.813940263102545 0.02321268936546196
214494 449.9566761103214 14.525866316952712 - -10.813940263102545 0.02226565026642342
225204 487.5556977184031 14.525866316952712 - -10.813940263102545 0.02127514386705207
235452 529.5879138468656 14.525866316952712 - -10.813940263102545 0.02044936831890404
246134 575.0630140015452 14.525866316952712 - -10.813940263102545 0.019721585715138327
256534 617.9267153838553 14.525866316952712 - -10.813940263102545 0.019054819348190647
3386641 1581.3267933316524 14.475382703893317 - -8.285180342368287 0.011388661538087834
1282719 2470.0157243210883 14.06274338494881 - -3.173962910592243 0.00873053709812551
 Adding parameter  x0  with limits  [-5.0, 5.0]
   Adapting  x0
 Adding parameter  x1  with limits  [-5.0, 5.0]
   Adapting  x1
 Adding parameter  x2  with limits  [-5.0, 5.0]
   Adapting  x2
 Adding parameter  x3  with limits  [-5.0, 5.0]
   Adapting  x3
10000 1.0001292931704653 14.020957125884308 - -2.3025850929940455 0.9993705418981779
20048 1.0146951025169626 14.020957125884308 - -3.488597571942989 0.9850881192954059
30137 1.5081769586052831 14.260294186050727 - -4.543257973081916 0.6993039173347103
40207 1.9803284580397955 14.260294186050727 - -5.532427350368644 0.5536283840044578
50327 3.128806507652289 14.329341053432346 - -6.561332226611933 0.3958201536991942
60372 3.1760284949919075 14.429545257572553 - -7.495462876614419 0.38580711840942605
70417 9.12671177754942 14.429545257572553 - -8.388689668890022 0.20051872512245528
80593 12.279287172325738 14.46787340636587 - -9.242679374566798 0.14778754272612957
90743 21.392064655891254 14.500573976167356 - -9.773774033659642 0.1142832590330707
100848 41.6542133821941 14.502661529262985 - -9.773774033659642 0.07328005555396022
110985 56.200077523346756 14.502661529262985 - -9.773774033659642 0.05894169045748528
121335 74.04402182075049 14.502661529262985 - -9.773774033659642 0.05112522872248951
131478 92.3028378979718 14.502661529262985 - -9.773774033659642 0.0452623952393361
 Adding parameter  x0  with limits  [-5.0, 5.0]
   Adapting  x0
 Adding parameter  x1  with limits  [-5.0, 5.0]
   Adapting  x1
 Adding parameter  x2  with limits  [-5.0, 5.0]
   Adapting  x2
 Adding parameter  x3  with limits  [-5.0, 5.0]
   Adapting  x3
141638 107.54527190677726 14.502661529262985 - -9.773774033659642 0.0416857202542995
10000 1.149114886099806 13.069449326067595 - -2.3025850929940455 0.8778344003691216
20030 1.2301366542226433 14.006668232859125 - -3.566994266123812 0.8247149787668182
30063 1.2638174301261929 14.163081863734988 - -4.723246334238336 0.8010499569244969
152183 126.77697320948708 14.502661529262985 - -9.773774033659642 0.03879281481929821
40145 2.575228105233286 14.226043868088693 - -5.799613013959126 0.4702626399902564
50270 2.1399819146062353 14.403555446850243 - -6.874274081804723 0.49499689436367333
60320 5.058889948351974 14.403555446850243 - -7.9341455421564016 0.27756352921238503
70370 5.702067322394843 14.483438215214267 - -8.996785170365694 0.2105610835234119
162247 143.3985183658744 14.502661529262985 - -9.773774033659642 0.03592789010876846
80444 8.893121678291404 14.55013746575803 - -9.68993235092564 0.15865064230054482
90448 18.75293316519771 14.55013746575803 - -9.68993235092564 0.08994298699234109
100488 28.924892760497855 14.55013746575803 - -9.68993235092564 0.06580537291539508
172887 158.7998313063044 14.502661529262985 - -9.773774033659642 0.033611519751929185
110656 40.43318244304224 14.55013746575803 - -9.68993235092564 0.05808815217687731
120708 50.82515916643459 14.55013746575803 - -9.68993235092564 0.05064280631828051
182952 175.79728062091314 14.502661529262985 - -9.773774033659642 0.0314899063676036
130848 60.02869355789874 14.55013746575803 - -9.68993235092564 0.04418286575843641
141096 71.31703519137486 14.55013746575803 - -9.68993235092564 0.0414272440230059
151436 82.18024497132001 14.55013746575803 - -9.68993235092564 0.038076453925299715
192962 194.37749942305 14.502661529262985 - -9.773774033659642 0.02947295783746345
161684 93.48723792756789 14.55013746575803 - -9.68993235092564 0.036262083112954334
203238 213.57470906960128 14.502661529262985 - -9.773774033659642 0.028164822516224628
172104 103.06766085189825 14.55013746575803 - -9.68993235092564 0.03400448811429221
182166 115.22435391815979 14.55013746575803 - -9.68993235092564 0.0322214901372213
213850 232.79386952192596 14.502661529262985 - -9.773774033659642 0.026837843219338305
192282 125.09672795542777 14.552669101115175 - -9.68993235092564 0.031801064962013556
224289 252.01515658866353 14.502661529262985 - -9.773774033659642 0.02571945326296093
202414 137.90972101561084 14.552669101115175 - -9.68993235092564 0.03065214109781053
 Adding parameter  x0  with limits  [-5.0, 5.0]
   Adapting  x0
 Adding parameter  x1  with limits  [-5.0, 5.0]
   Adapting  x1
 Adding parameter  x2  with limits  [-5.0, 5.0]
   Adapting  x2
 Adding parameter  x3  with limits  [-5.0, 5.0]
   Adapting  x3
212733 148.29300665304436 14.552669101115175 - -9.68993235092564 0.02918073522038319
235118 274.2898855870629 14.502661529262985 - -9.773774033659642 0.024731382045302557
40000 2.569145398200524 14.142223035245785 - -3.6888794541139363 0.41327616196681066
223133 147.73956117626764 14.55775147908278 - -9.68993235092564 0.028506682256397152
1443009 2851.969161502582 14.06274338494881 - -3.173962910592243 0.008106673657657056
245570 293.2629004465105 14.502661529262985 - -9.773774033659642 0.023906140334775245
80020 10.135776237528457 14.21093959713991 - -5.819526720672969 0.15605491896786824
233677 159.78429361803953 14.55775147908278 - -9.68993235092564 0.027648029757921827
255758 313.10853448056747 14.502661529262985 - -9.773774033659642 0.023140105915382923
244012 172.28190056387993 14.55775147908278 - -9.68993235092564 0.026723878416312713
120106 78.19846556134058 14.242914520457925 - -5.82005484320967 0.05528713885473849
254078 182.6093556028464 14.55775147908278 - -9.68993235092564 0.0257472792171665
160138 157.99408794870894 14.242914520457925 - -5.82005484320967 0.039235499840879845
3548041 1660.4713799286449 14.475844161247693 - -8.285180342368287 0.011037457979841528
200602 211.46301640069007 14.250043895333537 - -5.82005484320967 0.03178920129768993
 Adding parameter  x0  with limits  [-5.0, 5.0]
   Adapting  x0
 Adding parameter  x1  with limits  [-5.0, 5.0]
   Adapting  x1
 Adding parameter  x2  with limits  [-5.0, 5.0]
   Adapting  x2
 Adding parameter  x3  with limits  [-5.0, 5.0]
   Adapting  x3
240604 277.33883554303145 14.251669815213521 - -5.82005484320967 0.02768854563488314
280937 349.60688952659007 14.251669815213521 - -5.82005484320967 0.024536437006630156
160000 11.406758125252143 14.17855827672263 - -5.075173815233827 0.17649597348114698
321357 429.6307144100152 14.251669815213521 - -5.82005484320967 0.0223882685801279
320140 306.96761219129394 14.18288434574332 - -5.954359745044205 0.02715648914494196
361605 501.35496466652376 14.251669815213521 - -5.82005484320967 0.02060766000695203
401703 581.8710585315503 14.251669815213521 - -5.82005484320967 0.019153375819402744
480265 1061.104249869582 14.18288434574332 - -5.954359745044205 0.014269805339755408
1603365 3230.542709918538 14.06274338494881 - -3.173962910592243 0.007601359669825629
442575 658.5609105228849 14.251669815213521 - -5.82005484320967 0.017893344783126507
 Adding parameter  x0  with limits  [-5.0, 5.0]
   Adapting  x0
 Adding parameter  x1  with limits  [-5.0, 5.0]
   Adapting  x1
 Adding parameter  x2  with limits  [-5.0, 5.0]
   Adapting  x2
 Adding parameter  x3  with limits  [-5.0, 5.0]
   Adapting  x3
10000 1.1438838363723287 13.879083411282991 - -2.3025850929940455 0.8809272473134703
20005 2.1643830202066248 13.935218826367894 - -3.458207636378935 0.5861137711212002
30037 1.414312551524448 14.183771104655845 - -4.558485204366106 0.7149342577886336
40135 3.3213487975306792 14.277136626830892 - -5.666387539941308 0.4138116807236045
50215 8.396538741962804 14.277136626830892 - -6.715109058995953 0.24310504706520486
60259 11.801039214346757 14.353997433791989 - -7.753971343258288 0.16394632486874747
70385 30.0374128135083 14.364387749298889 - -8.602249716041735 0.09578159163134588
80409 72.08622784104145 14.364387749298889 - -8.602249716041735 0.05989580931760502
90473 109.45558927842674 14.371308786077163 - -8.602249716041735 0.04815779998702474
482715 735.0559635017016 14.251669815213521 - -5.82005484320967 0.016993520569883364
100553 155.11803715785527 14.371308786077163 - -8.602249716041735 0.0397917014655544
110953 199.42493947731975 14.371308786077163 - -8.602249716041735 0.03525596509107507
641104 1955.2619630837 14.18288434574332 - -5.954359745044205 0.010479990431421754
121273 244.9048023492742 14.371308786077163 - -8.602249716041735 0.031557665470257665
131710 286.11467697847723 14.371308786077163 - -8.602249716041735 0.028908218315523485
142150 328.0545574536062 14.371308786077163 - -8.602249716041735 0.02677510440874643
152429 378.63881821246355 14.371308786077163 - -8.602249716041735 0.024841553110435843
3712001 1748.9525033354198 14.475844161247693 - -8.285180342368287 0.01072498655711807
162646 427.13825775133785 14.371308786077163 - -8.602249716041735 0.0233487689973387
173186 469.7773862119145 14.371308786077163 - -8.602249716041735 0.022129204232036157
183538 520.2380582939878 14.371308786077163 - -8.602249716041735 0.02105337098831082
194130 570.5570570968955 14.371308786077163 - -8.602249716041735 0.02006341896663179
523315 810.7696818970378 14.251811886263624 - -5.82005484320967 0.0161483000971429
204570 604.8479242800944 14.372307687885916 - -8.602249716041735 0.019224811068710046
214804 641.0055711243173 14.37297687542784 - -8.602249716041735 0.018554679570265603
225262 691.180084952898 14.37297687542784 - -8.602249716041735 0.017906236458649312
235324 730.1737532702595 14.37297687542784 - -8.602249716041735 0.01730145889516217
245802 776.6717384378906 14.37297687542784 - -8.602249716041735 0.016801040680303962
802024 2891.616972886093 14.18288434574332 - -5.954359745044205 0.008581815373816314
256605 807.8489642082471 14.374284234907773 - -8.602249716041735 0.016373829241460757
 Adding parameter  x0  with limits  [-5.0, 5.0]
   Adapting  x0
 Adding parameter  x1  with limits  [-5.0, 5.0]
   Adapting  x1
 Adding parameter  x2  with limits  [-5.0, 5.0]
   Adapting  x2
 Adding parameter  x3  with limits  [-5.0, 5.0]
   Adapting  x3
564217 895.255359330367 14.251811886263624 - -5.82005484320967 0.015427342682188738
10000 1.0005343553841388 13.796418492003424 - -2.3025850929940455 0.998965679498525
20108 1.0219409779606865 14.108738026741426 - -3.5596246182566738 0.9781356525757858
30118 2.2827306685360322 14.170971762494865 - -4.774834054508597 0.5683829892438279
40129 4.045744950560058 14.170971762494865 - -5.936108104301418 0.36598179062730324
50254 5.448691522017997 14.326027792204645 - -7.131847103700251 0.30895629505117134
60352 7.780752389571313 14.394106792636146 - -8.19483221472521 0.21921854140352753
70384 25.364223130135528 14.394106792636146 - -9.2732417960758 0.11039896965095877
80448 34.70023383824859 14.463342189409493 - -9.607937833295757 0.0811174313071647
90568 58.791648993842855 14.470641046298654 - -9.608434604294548 0.055962034179552284
100632 85.37453948485754 14.470641046298654 - -9.608434604294548 0.04423271740170457
110753 117.93432855572283 14.470641046298654 - -9.608434604294548 0.038957650275055364
120828 146.43720411727617 14.470641046298654 - -9.608434604294548 0.035112334830147876
131172 179.49529652465145 14.470641046298654 - -9.608434604294548 0.031688581965969895
141399 214.58176254904157 14.470641046298654 - -9.608434604294548 0.029112843647534362
605401 973.2546361490411 14.251811886263624 - -5.82005484320967 0.014774385077429583
151499 243.92017334805072 14.470641046298654 - -9.608434604294548 0.026835594473455834
962712 3815.6212282603706 14.18288434574332 - -5.954359745044205 0.007455200070548815
161664 274.31024064316347 14.470641046298654 - -9.608434604294548 0.025213236490956033
171711 305.0218034446142 14.470641046298654 - -9.608434604294548 0.023875433911155673
181996 342.6310439573441 14.470641046298654 - -9.608434604294548 0.022822407956476033
192204 377.7295609640164 14.470641046298654 - -9.608434604294548 0.021562192379076257
202764 409.5896960252993 14.470641046298654 - -9.608434604294548 0.020672959565148554
646521 1022.1411745145822 14.253668676641952 - -5.82005484320967 0.014226206936823273
212874 443.7412365791761 14.470641046298654 - -9.608434604294548 0.019821816144776194
222884 481.94427851013114 14.470641046298654 - -9.608434604294548 0.019146232440718527
232950 516.1892662777814 14.470641046298654 - -9.608434604294548 0.018572597621036743
243212 548.4608200636039 14.470641046298654 - -9.608434604294548 0.017945517332667943
253417 580.8863946790583 14.470641046298654 - -9.608434604294548 0.01734137860651478
3874124 1838.475361138129 14.475844161247693 - -8.285180342368287 0.010438095496211703
686871 1099.849529808063 14.253668676641952 - -5.82005484320967 0.013745717794006919
727471 1171.9006053485061 14.253668676641952 - -5.82005484320967 0.013280515423983416
 Adding parameter  x0  with limits  [-5.0, 5.0]
   Adapting  x0
 Adding parameter  x1  with limits  [-5.0, 5.0]
   Adapting  x1
 Adding parameter  x2  with limits  [-5.0, 5.0]
   Adapting  x2
 Adding parameter  x3  with limits  [-5.0, 5.0]
   Adapting  x3
 Adding parameter  x0  with limits  [-5.0, 5.0]
   Adapting  x0
 Adding parameter  x1  with limits  [-5.0, 5.0]
   Adapting  x1
 Adding parameter  x2  with limits  [-5.0, 5.0]
   Adapting  x2
 Adding parameter  x3  with limits  [-5.0, 5.0]
   Adapting  x3
160000 5.240942108467834 14.196637271655094 - -5.075173815233827 0.2795186600812838
 Adding parameter  x0  with limits  [-5.0, 5.0]
   Adapting  x0
 Adding parameter  x1  with limits  [-5.0, 5.0]
   Adapting  x1
 Adding parameter  x2  with limits  [-5.0, 5.0]
   Adapting  x2
 Adding parameter  x3  with limits  [-5.0, 5.0]
   Adapting  x3
10000 1.0000938174450704 14.176373582173198 - -2.3025850929940455 0.9994060235154785
20064 1.142373666768313 14.176373582173198 - -3.4694788890785606 0.8818034705991162
30176 2.1230097810334962 14.253991340659821 - -4.571418967839345 0.5544113403000182
40302 2.9912116627054637 14.253991340659821 - -5.621191091087981 0.42444295135034593
50452 2.9341845332694687 14.36055292676772 - -6.594618014332945 0.3986255583082206
320125 89.01882804308624 14.26154502557831 - -6.70824181675234 0.05807221163121156
60517 2.2675601877490035 14.476641999100268 - -7.562741894847117 0.4636487570644537
70606 4.069651199170623 14.476641999100268 - -8.449397821591582 0.2743606875165201
80732 14.116080002208927 14.476641999100268 - -9.310271141736262 0.15045296965968913
90875 33.804913739789995 14.476641999100268 - -9.31065043246715 0.09076024985742223
767959 1228.511378528211 14.254865731079693 - -5.82005484320967 0.012866243511325917
160000 28.826216513507042 14.101939216671651 - -3.2387597054653408 0.08652857357661678
101015 51.99520414654535 14.476641999100268 - -9.311121574996479 0.068556392187129
111063 69.20216214605436 14.476641999100268 - -9.311121574996479 0.05760945689275538
121161 86.22513337750465 14.476641999100268 - -9.311121574996479 0.050755997465514166
480519 341.2726710082289 14.2925346870609 - -6.70824181675234 0.024921726514332252
131289 106.82552495487431 14.476641999100268 - -9.311121574996479 0.0455020088766786
141478 132.38730390058427 14.476641999100268 - -9.311121574996479 0.041706124168476265
151978 147.8926007018493 14.478505275088517 - -9.311121574996479 0.03930726777508925
162098 166.0031026417435 14.478505275088517 - -9.311121574996479 0.03690223088932635
172548 188.77863446424007 14.478505275088517 - -9.311121574996479 0.035123647253423554
641066 677.5461031898312 14.2925346870609 - -6.70824181675234 0.017847105235144576
320080 119.63639607590838 14.136644262795294 - -3.2387597054653408 0.03215520931838469
182664 209.9736639545059 14.478505275088517 - -9.311121574996479 0.03352786661721718
192881 196.92462304416915 14.488749056668757 - -9.311121574996479 0.032252159904406726
203041 214.6398052386718 14.488749056668757 - -9.311121574996479 0.030957358897144304
808297 1306.0477369262608 14.254865731079693 - -5.82005484320967 0.012499027719206442
213265 232.84438034001312 14.488749056668757 - -9.311121574996479 0.029591910909208513
223300 248.57857486215997 14.488749056668757 - -9.311121574996479 0.028451297024115967
4037963 1930.738024648671 14.475844161247693 - -8.285180342368287 0.01016195003276352
233875 270.25436300823037 14.488749056668757 - -9.311121574996479 0.027440423915621414
802112 983.4594468775186 14.29571149946442 - -6.70824181675234 0.014499635269405243
244067 289.27829740564215 14.488749056668757 - -9.311121574996479 0.026679596011145598
480505 228.82841676351694 14.139374516359068 - -3.2387597054653408 0.023247004055186413
254511 303.4953664707016 14.488749056668757 - -9.311121574996479 0.025941937599972206
848311 1381.014809236901 14.254865731079693 - -5.82005484320967 0.012135369317827802
962307 1317.2423886966758 14.29571149946442 - -6.70824181675234 0.012503172697693936
640696 346.4587205492039 14.139374516359068 - -3.2387597054653408 0.01850885161093223
 Adding parameter  x0  with limits  [-5.0, 5.0]
   Adapting  x0
 Adding parameter  x1  with limits  [-5.0, 5.0]
   Adapting  x1
 Adding parameter  x2  with limits  [-5.0, 5.0]
   Adapting  x2
 Adding parameter  x3  with limits  [-5.0, 5.0]
   Adapting  x3
10000 1.0000000007003662 13.57462467645995 - -2.3025850929940455 0.9994998742367444
20065 1.0034627453541392 13.986548487794211 - -3.4445761049641006 0.9960531959216897
30193 1.0034632101016614 13.986548487794211 - -4.444472420693052 0.9960527341411689
40313 2.0025016533428723 14.239798188359227 - -5.361562832737771 0.6784070423580986
50512 1.475466950473706 14.355375994826941 - -6.2798515672746 0.7010047619361929
60727 3.2545088097809947 14.359114146363595 - -7.134692336832533 0.4674934847623753
70961 4.814234318349545 14.359114146363595 - -7.945622553048861 0.3548579720139613
81066 2.276286118707053 14.49809784567654 - -8.74087495654596 0.45913530048046064
91101 4.869269463152113 14.49809784567654 - -9.53431985842127 0.25479289696625135
888871 1461.4386967982766 14.254865731079693 - -5.82005484320967 0.011810988493434711
101175 5.892553247128785 14.57225074946375 - -10.327764760296578 0.24878612499885744
111366 8.21144742608251 14.606973942669935 - -10.895659268380099 0.20070766711815244
121452 12.048461564139462 14.61434368920857 - -10.896575438851878 0.1532152767658614
131652 18.331401903847187 14.621587840145304 - -10.896575438851878 0.1288973985355349
142052 26.00314503298206 14.621587840145304 - -10.896575438851878 0.111459674820935
152458 31.467585679717885 14.627571403623206 - -10.896575438851878 0.1008781656698365
162794 37.18028609600153 14.627571403623206 - -10.896575438851878 0.09146945511839656
173045 34.13040768277587 14.645667036839745 - -10.896575438851878 0.08551227772343124
183397 41.23110282498155 14.645667036839745 - -10.896575438851878 0.08203100971333951
194021 47.692786605795916 14.648337900297259 - -10.896575438851878 0.07525984924445957
204395 54.75816715974017 14.648337900297259 - -10.896575438851878 0.07116864019337119
214895 59.69586037749759 14.648337900297259 - -10.896575438851878 0.06781014649502562
1122753 1671.10326010399 14.29571149946442 - -6.70824181675234 0.011068474013118775
801351 463.7806458847178 14.139374516359068 - -3.2387597054653408 0.015803857456024875
225269 65.07858276007315 14.648337900297259 - -10.896575438851878 0.06466858024611409
235385 70.68949385971251 14.648337900297259 - -10.896575438851878 0.06189744424643198
245777 76.11822316627601 14.648337900297259 - -10.896575438851878 0.06008582898005225
256229 80.50462186088608 14.648337900297259 - -10.896575438851878 0.05748777681491622
929691 1546.4635957328605 14.254865731079693 - -5.82005484320967 0.011505488381346874
1284387 2016.9798251495415 14.29571149946442 - -6.70824181675234 0.010010271754587623
962743 583.8661455143185 14.139374516359068 - -3.2387597054653408 0.013882418095117316
971135 1628.1942973579255 14.254865731079693 - -5.82005484320967 0.0111915131308494
 Adding parameter  x0  with limits  [-5.0, 5.0]
   Adapting  x0
 Adding parameter  x1  with limits  [-5.0, 5.0]
   Adapting  x1
 Adding parameter  x2  with limits  [-5.0, 5.0]
   Adapting  x2
 Adding parameter  x3  with limits  [-5.0, 5.0]
   Adapting  x3
 Adding parameter  x0  with limits  [-5.0, 5.0]
   Adapting  x0
 Adding parameter  x1  with limits  [-5.0, 5.0]
   Adapting  x1
 Adding parameter  x2  with limits  [-5.0, 5.0]
   Adapting  x2
 Adding parameter  x3  with limits  [-5.0, 5.0]
   Adapting  x3
10000 1.0000005096511824 14.239016881099317 - -2.3025850929940455 0.9994993650315648
20010 1.0084616279086698 14.239016881099317 - -3.447762850809476 0.9911390467379102
30020 1.0493264808806246 14.239016881099317 - -4.454625280868019 0.9531662552132084
40056 1.743972276105684 14.239016881099317 - -5.391110720027693 0.6230308526831115
50192 3.782851374413278 14.291782566598606 - -6.3385124469269005 0.35168823799316334
60228 6.743833127501394 14.350435094253136 - -7.25560285897162 0.24407553079515376
70428 13.733095129660462 14.368223793079805 - -8.133568476524108 0.1585507377197612
80460 17.89084909577799 14.414601353101938 - -8.950259843175507 0.11670890485851658
90560 31.65188379926166 14.428889508182506 - -9.148508526215538 0.08295638733099012
100809 54.362453187722075 14.428889508182506 - -9.149122965558986 0.058434314592631875
160000 1.6960168771546258 14.326998605072149 - -5.075173815233827 0.6010288659383459
110930 58.61824470769693 14.454554044949534 - -9.149122965558986 0.05255030028886934
121178 45.36992215875634 14.490910297407307 - -9.149122965558986 0.050433845400332654
1012385 1707.4435571540846 14.254865731079693 - -5.82005484320967 0.01092386941173063
131363 55.392123033215526 14.490910297407307 - -9.149122965558986 0.04637717462112092
141683 65.07937040593964 14.490910297407307 - -9.149122965558986 0.04102761763723895
152123 76.79235248583288 14.490910297407307 - -9.149122965558986 0.03949390855501491
162544 87.78054656722435 14.490910297407307 - -9.149122965558986 0.03620770578730902
1445887 2379.503439667322 14.29571149946442 - -6.70824181675234 0.009242874289033328
173008 99.05429140597667 14.490910297407307 - -9.149122965558986 0.0338706740688326
1123131 648.0811902758702 14.145264217823433 - -3.2387597054653408 0.012708359684905818
320160 13.099409552339692 14.408607077908192 - -6.467621299465116 0.1175793952236483
183073 110.33356688641786 14.490910297407307 - -9.149122965558986 0.031662477666540415
193663 122.00067896633519 14.490910297407307 - -9.149122965558986 0.03005065773794479
204065 135.86097426442356 14.490910297407307 - -9.149122965558986 0.029028234215462693
214705 147.11581504638423 14.490910297407307 - -9.149122965558986 0.027624023513652948
225248 159.245041510944 14.490910297407307 - -9.149122965558986 0.026934697906526528
235960 168.64162468262342 14.490910297407307 - -9.149122965558986 0.025910570796572097
480430 56.818570973628056 14.409120051727438 - -6.467621299465116 0.053528780943959284
246112 179.71652266158662 14.490910297407307 - -9.149122965558986 0.02504102712654074
256540 191.44029185080055 14.490910297407307 - -9.149122965558986 0.024131403869612076
640734 105.61312546835393 14.409120051727438 - -6.467621299465116 0.03704740903134237
 Adding parameter  x0  with limits  [-5.0, 5.0]
   Adapting  x0
 Adding parameter  x1  with limits  [-5.0, 5.0]
   Adapting  x1
 Adding parameter  x2  with limits  [-5.0, 5.0]
   Adapting  x2
 Adding parameter  x3  with limits  [-5.0, 5.0]
   Adapting  x3
10000 1.0082569034920696 14.009849344443564 - -2.3025850929940455 0.9913401180410192
1605967 2747.5805800382273 14.29571149946442 - -6.70824181675234 0.008584615483661547
20080 1.3697123899763923 14.159226580893451 - -3.615501984309161 0.7523976052338378
30154 3.1916814925537107 14.159226580893451 - -4.822071414482362 0.42563033757593216
40186 2.370609110018705 14.291070966363023 - -6.012654981689283 0.48205870247147403
50218 5.164126637019702 14.33239535893326 - -7.140178613851813 0.27425625684143473
1283395 726.1447389850683 14.149042274952652 - -3.2387597054653408 0.011688249316658952
60316 12.649067851461139 14.34677194503045 - -8.260226183239988 0.1595776978045388
70459 4.297063182969649 14.516314754208382 - -9.166143890515954 0.2439134555870228
80548 9.946014874250988 14.516314754208382 - -9.166750134850982 0.11511217957313914
90760 15.624070361576942 14.52351944834815 - -9.16693475591677 0.11085749856209486
100784 15.61041574164546 14.551870230353208 - -9.167201315960998 0.10665000828187517
110959 16.66793677354095 14.569430555518217 - -9.167201315960998 0.10422159180752238
121277 20.577577909642777 14.574583734679308 - -9.167201315960998 0.10267933477827301
131689 25.038079548492355 14.574583734679308 - -9.167201315960998 0.0930159178768706
801400 157.24138777940658 14.409120051727438 - -6.467621299465116 0.029561273734822875
141931 22.930787053688015 14.592470793530591 - -9.167201315960998 0.09226753598656769
151961 25.54143118499598 14.592470793530591 - -9.167201315960998 0.08457867648017058
162361 28.814265160797692 14.592470793530591 - -9.167201315960998 0.07970579472413142
 Adding parameter  x0  with limits  [-5.0, 5.0]
   Adapting  x0
 Adding parameter  x1  with limits  [-5.0, 5.0]
   Adapting  x1
 Adding parameter  x2  with limits  [-5.0, 5.0]
   Adapting  x2
 Adding parameter  x3  with limits  [-5.0, 5.0]
   Adapting  x3
40000 4.343748958056278 14.136107289299373 - -3.6888794541139363 0.33279387188265
172561 32.14131733355292 14.592470793530591 - -9.167201315960998 0.07803122605690854
80020 6.409579528421749 14.273064302629143 - -5.962241688431079 0.18098943859861882
120115 42.70328140054 14.285364106542428 - -5.986877709527136 0.06292076745514474
182879 35.44952047370607 14.592470793530591 - -9.167201315960998 0.07397639006441582
160165 56.77422903883891 14.316456474646404 - -5.986877709527136 0.05071309717009102
193435 40.13710992542856 14.592470793530591 - -9.167201315960998 0.07237806514740798
200359 83.2458455715986 14.316456474646404 - -5.986877709527136 0.039846045906758915
204201 44.06264116468358 14.592470793530591 - -9.167201315960998 0.0680839752604241
241059 112.63656804255706 14.316456474646404 - -5.986877709527136 0.03339844732415671
214848 47.68623219899082 14.592470793530591 - -9.167201315960998 0.06418041486328722
281859 142.00526392824523 14.316456474646404 - -5.986877709527136 0.028622451277867764
962683 213.73679820922862 14.409120051727438 - -6.467621299465116 0.0249865160918604
224892 50.128376961126136 14.592470793530591 - -9.167201315960998 0.06123675354171736
1767592 3122.7575636302317 14.29571149946442 - -6.70824181675234 0.008045959035917203
235248 52.487134273458544 14.592470793530591 - -9.167201315960998 0.058745775224836164
322735 154.9019922286107 14.324948031698396 - -5.986877709527136 0.02660565829601206
245808 55.583149327617484 14.592470793530591 - -9.167201315960998 0.056416495593784595
1444215 836.7164629290078 14.149042274952652 - -3.2387597054653408 0.010796646841073062
255818 58.57158739618472 14.592470793530591 - -9.167201315960998 0.05483944396263353
363735 182.9298708627421 14.324948031698396 - -5.986877709527136 0.024558677958480248
403767 204.442012694969 14.32774147613893 - -5.986877709527136 0.024322994958379848
1124182 272.3359267707181 14.409120051727438 - -6.467621299465116 0.02213461463379349
 Adding parameter  x0  with limits  [-5.0, 5.0]
   Adapting  x0
 Adding parameter  x1  with limits  [-5.0, 5.0]
   Adapting  x1
 Adding parameter  x2  with limits  [-5.0, 5.0]
   Adapting  x2
 Adding parameter  x3  with limits  [-5.0, 5.0]
   Adapting  x3
10000 1.0001265810727926 13.930404717534815 - -2.3025850929940455 0.9993732505959624
20128 1.0001570360959549 13.930404717534815 - -3.233173129569025 0.9993427894301152
30229 1.0003038616782378 13.930404717534815 - -4.002354996404968 0.9991959633287413
444297 235.12606839272942 14.32774147613893 - -5.986877709527136 0.02324680160246803
40375 2.741803090546217 13.958500582710228 - -4.742385762863764 0.5700994571295755
50476 1.0465024194623784 14.28864323919914 - -5.424977429484192 0.9553045369772873
60592 1.1697765015137007 14.28864323919914 - -6.075217109032861 0.8583843783855968
70619 1.6401940505171442 14.43784151001035 - -6.714963512865691 0.6846360879763581
80734 2.021920316149287 14.43784151001035 - -7.330689546457052 0.5766711743594063
90814 3.3344110436394487 14.43784151001035 - -7.925120754077839 0.3948687970936484
101002 5.589929298217441 14.43784151001035 - -8.535972691910954 0.2769827442365169
111154 12.006589795780387 14.443756522510789 - -9.110899241083468 0.2045426290678322
121184 12.428934132151499 14.488619665881185 - -9.695347004720073 0.1584003939260208
131334 10.129500509752603 14.54604986131642 - -10.233593224062055 0.14797162380320955
141554 17.91250394563631 14.54604986131642 - -10.491931023498058 0.1059334585372057
151794 26.290728094065024 14.550623233080142 - -10.492879790172644 0.08725255737548401
162144 31.530127495187553 14.563270140507326 - -10.49322527298831 0.0781910486823508
484491 247.07644116009047 14.331651962298144 - -5.986877709527136 0.02200743346253292
172581 40.13260410788142 14.563270140507326 - -10.49349609221813 0.06979648370266897
182879 46.269230040485894 14.568722362953208 - -10.493719182012699 0.06679686877947866
193147 56.282425921116044 14.568722362953208 - -10.493909169664072 0.05986511250937627
203467 62.43752253955585 14.568722362953208 - -10.494074090914548 0.05644039451273061
213477 69.48134187065743 14.568722362953208 - -10.494222008968217 0.052656393556949205
223991 54.92945450390278 14.59350530638347 - -10.494354345367537 0.053715755924726945
234079 61.37136149080056 14.59350530638347 - -10.494592980376424 0.05252580379805799
244135 66.58075151129096 14.59350530638347 - -10.494592980376424 0.049514327494905
254683 73.21729317067177 14.59350530638347 - -10.494592980376424 0.04721570256038189
525451 272.1228387918431 14.331651962298144 - -5.986877709527136 0.020596772545935865
1285732 329.4569699193315 14.409120051727438 - -6.467621299465116 0.02006135004572748
1604757 951.1984609855125 14.149042274952652 - -3.2387597054653408 0.01021122999214712
565891 297.12937250253157 14.331651962298144 - -5.986877709527136 0.01963190220626076
607042 281.55871594301783 14.341619884350473 - -5.986877709527136 0.01878955890520239
1446592 384.98140565659827 14.409120051727438 - -6.467621299465116 0.018522648883936694
647642 304.9566725266716 14.341619884350473 - -5.986877709527136 0.017879510535849692
 Adding parameter  x0  with limits  [-5.0, 5.0]
   Adapting  x0
 Adding parameter  x1  with limits  [-5.0, 5.0]
   Adapting  x1
 Adding parameter  x2  with limits  [-5.0, 5.0]
   Adapting  x2
 Adding parameter  x3  with limits  [-5.0, 5.0]
   Adapting  x3
10000 1.366272103922527 13.997993002309013 - -2.3025850929940455 0.7724085839673865
 Adding parameter  x0  with limits  [-5.0, 5.0]
   Adapting  x0
 Adding parameter  x1  with limits  [-5.0, 5.0]
   Adapting  x1
 Adding parameter  x2  with limits  [-5.0, 5.0]
   Adapting  x2
 Adding parameter  x3  with limits  [-5.0, 5.0]
   Adapting  x3
20032 1.368025329675762 13.997993002309013 - -3.607669398688393 0.7714180762855315
30043 1.5215576024621138 14.243119073150062 - -4.791235393236667 0.7098040841998678
40186 1.2570982394320513 14.447970993871246 - -5.934821047547507 0.7994075782614046
50326 2.2920041500323736 14.447970993871246 - -7.0145902484141365 0.5210586680979451
60469 4.557044325016291 14.447970993871246 - -8.073421667070402 0.31738485231534574
70473 6.910479038337309 14.479435010957731 - -9.110867520501024 0.21148891586329407
80507 14.344299361316798 14.493344027478015 - -9.70700080105633 0.14126002331355528
90587 23.582836550390184 14.527122979658696 - -9.70730740844797 0.10231443952877174
100807 36.549736064516665 14.527122979658696 - -9.707693956578025 0.07871149007992459
111015 49.068803823534594 14.527122979658696 - -9.707693956578025 0.0682630034308897
121263 63.43737888403609 14.527122979658696 - -9.707693956578025 0.05944830011812961
131383 75.25837606708834 14.527122979658696 - -9.707693956578025 0.05401567034102465
160000 7.0269755976447446 14.22661383289689 - -5.075173815233827 0.21874678246806206
141563 88.1929911050639 14.527122979658696 - -9.707693956578025 0.05030779387263321
688169 326.240612873751 14.341619884350473 - -5.986877709527136 0.017188427040184008
1766685 1068.2009673472353 14.149042274952652 - -3.2387597054653408 0.009674096927017036
151841 100.79157623647544 14.529187780379935 - -9.707693956578025 0.04656770560961138
162155 115.83944229070225 14.529187780379935 - -9.707693956578025 0.04327916155678692
172251 127.26756101911543 14.529296721867368 - -9.707693956578025 0.04107978972526953
182421 143.9075559296019 14.529296721867368 - -9.707693956578025 0.03912362087298062
320128 46.05097417376874 14.29347170994562 - -6.442443533327788 0.04885215942902369
192786 157.50777244047976 14.529296721867368 - -9.707693956578025 0.03724993701989179
203496 170.67583450586636 14.529296721867368 - -9.707693956578025 0.03558101206375676
213702 185.67006391300032 14.529296721867368 - -9.707693956578025 0.034244261680295554
729668 350.7257124817282 14.341619884350473 - -5.986877709527136 0.016561515361127783
1606829 440.8932288624921 14.409120051727438 - -6.467621299465116 0.017164938306873233
 Adding parameter  x0  with limits  [-5.0, 5.0]
   Adapting  x0
 Adding parameter  x1  with limits  [-5.0, 5.0]
   Adapting  x1
 Adding parameter  x2  with limits  [-5.0, 5.0]
   Adapting  x2
 Adding parameter  x3  with limits  [-5.0, 5.0]
   Adapting  x3
223803 200.11839472413178 14.529296721867368 - -9.707693956578025 0.03283449388787438
10000 1.0316086316085669 13.737444592903808 - -2.3025850929940455 0.9692908651559834
20044 1.0006880169344803 14.358713385661419 - -3.6049542191761748 0.9988120932461855
30169 2.3500067190717093 14.358713385661419 - -4.841878123641797 0.5569755565327988
40231 3.322400991140353 14.358713385661419 - -6.0535214342719526 0.419299388401244
480540 183.8015624893403 14.312078673828049 - -6.442443533327788 0.02329912833309144
234216 212.99327327612062 14.529296721867368 - -9.707693956578025 0.031650649734078676
50263 3.688326970193144 14.435105372131071 - -7.259791597646572 0.3351715663510832
60296 9.815763764167684 14.435105372131071 - -8.467557200211203 0.16166371707375451
70340 27.429723186416872 14.444170903733738 - -9.414692607436457 0.09271327351022066
80404 62.53810610626632 14.444170903733738 - -9.415587195240267 0.056326701383293994
90612 99.1460783322191 14.444170903733738 - -9.415587195240267 0.04383968530255271
244980 227.1972719891696 14.529296721867368 - -9.707693956578025 0.03045936323731153
100867 132.72885290958672 14.44705317995261 - -9.415587195240267 0.037039384003044185
110942 170.60523190681613 14.44705317995261 - -9.415587195240267 0.03234356316559191
255204 243.4183580401009 14.529296721867368 - -9.707693956578025 0.029480384114060024
121094 215.40806024758643 14.44705317995261 - -9.415587195240267 0.02886493957453464
131222 248.53415133327596 14.448601584118698 - -9.415587195240267 0.026589836608769565
141326 286.3497695425015 14.448601584118698 - -9.415587195240267 0.02428249010513844
771086 376.49976776663334 14.341619884350473 - -5.986877709527136 0.01607741032236153
151776 325.9580398589832 14.448601584118698 - -9.415587195240267 0.022746974668968127
640844 356.3240749435202 14.312078673828049 - -6.442443533327788 0.016851452212863372
162003 364.06465855435977 14.450030192494957 - -9.415587195240267 0.02179116067338601
172163 404.52054910366274 14.450030192494957 - -9.415587195240267 0.02052483615248304
182613 449.5371040649934 14.450030192494957 - -9.415587195240267 0.019621283484617263
193017 493.47405007823585 14.450030192494957 - -9.415587195240267 0.018816861132751966
203529 479.5599479052766 14.458474293464402 - -9.415587195240267 0.01801872086988613
213984 518.5630068797936 14.458474293464402 - -9.415587195240267 0.01723740703268824
802016 536.2510232000158 14.312078673828049 - -6.442443533327788 0.013844520526264122
811736 401.4820957327996 14.341619884350473 - -5.986877709527136 0.015836860439128138
224064 558.6195556601667 14.458474293464402 - -9.415587195240267 0.016661799981885946
1927117 1188.2450873150299 14.149042274952652 - -3.2387597054653408 0.009261653096409998
234576 597.9049865007956 14.458474293464402 - -9.415587195240267 0.016082353999534327
1768963 496.99183088188033 14.409120051727438 - -6.467621299465116 0.016028526456480265
244596 635.4744382386921 14.458474293464402 - -9.415587195240267 0.01564079291144753
254736 674.4320715851512 14.458474293464402 - -9.415587195240267 0.015125506926273688
963408 718.7543700140699 14.312078673828049 - -6.442443533327788 0.01177458111409352
853336 429.56616575015613 14.341619884350473 - -5.986877709527136 0.015700154858942623
894592 454.5464806774617 14.341619884350473 - -5.986877709527136 0.015258299184672287
1124716 906.8102109275839 14.312078673828049 - -6.442443533327788 0.01043396163024968
1931223 556.8854674639268 14.409120051727438 - -6.467621299465116 0.015180677729509486
934796 478.1188723170965 14.341619884350473 - -5.986877709527136 0.014788151169225203
 Adding parameter  x0  with limits  [-5.0, 5.0]
   Adapting  x0
 Adding parameter  x1  with limits  [-5.0, 5.0]
   Adapting  x1
 Adding parameter  x2  with limits  [-5.0, 5.0]
   Adapting  x2
 Adding parameter  x3  with limits  [-5.0, 5.0]
   Adapting  x3
10000 1.6950006676174532 13.815809488669819 - -2.3025850929940455 0.6341242962843667
1285005 1099.2768199088964 14.312078673828049 - -6.442443533327788 0.009550809745230211
2088216 1306.5342216374363 14.149042274952652 - -3.2387597054653408 0.008853265302326269
20115 1.0322533071508029 14.160993126649096 - -3.5923685537330927 0.9683438916182104
30123 1.4703326269302113 14.348041682541762 - -4.732442632208797 0.7043425399114782
40133 2.4169149144539883 14.348041682541762 - -5.880797012771721 0.4519837776588548
50195 5.489846930795167 14.36094618084429 - -7.000191840622358 0.3177679828667257
60275 9.924493350134554 14.38061310812114 - -8.021563048947021 0.18608065364426893
70361 18.82499013439856 14.420640310500575 - -8.448407643195887 0.11257084510476492
80449 38.79207494001223 14.420640310500575 - -8.448675130157493 0.07974344069338556
90529 54.91826903315321 14.434850365991476 - -8.448849543692425 0.06704658859048726
100660 71.02205036489026 14.434850365991476 - -8.449109149093676 0.05722693096470144
110810 88.1905266412062 14.434850365991476 - -8.449109149093676 0.05078935778046662
120846 107.41516305311352 14.434850365991476 - -8.449109149093676 0.04604375999244457
131096 125.26465105431636 14.434850365991476 - -8.449109149093676 0.041753047203102155
141216 143.04733312433984 14.434850365991476 - -8.449109149093676 0.03874915538869612
151317 160.4001165951455 14.43532992725365 - -8.449109149093676 0.03697648539959648
1446025 1306.297488842626 14.312078673828049 - -6.442443533327788 0.008883059996395663
161457 175.45031580234718 14.43607303758014 - -8.449109149093676 0.035295315507417525
975874 495.12294536582823 14.34253854628198 - -5.986877709527136 0.014596083576618457
171888 194.6766709714271 14.437378921383832 - -8.449109149093676 0.03414380284191265
182076 210.52344524267545 14.437378921383832 - -8.449109149093676 0.03251091881778277
192106 228.91231304147894 14.437378921383832 - -8.449109149093676 0.03125148523852751
202374 247.68497671622407 14.437378921383832 - -8.449109149093676 0.02994544751565229
 Adding parameter  x0  with limits  [-5.0, 5.0]
   Adapting  x0
 Adding parameter  x1  with limits  [-5.0, 5.0]
   Adapting  x1
 Adding parameter  x2  with limits  [-5.0, 5.0]
   Adapting  x2
 Adding parameter  x3  with limits  [-5.0, 5.0]
   Adapting  x3
212914 268.74359643056505 14.437378921383832 - -8.449109149093676 0.02889749854805226
40000 1.1195705817457386 14.243268782637008 - -3.6888794541139363 0.8945008100843499
80052 3.8593558750980668 14.344708011608972 - -6.095464137126466 0.389347029491718
223090 287.09453518513396 14.437378921383832 - -8.449109149093676 0.02788506419830056
1607329 1506.2467042866228 14.312078673828049 - -6.442443533327788 0.008275923356787162
120084 15.214821223963128 14.36768622436811 - -8.36583590775586 0.1410829145275763
2092527 619.2576631133916 14.409120051727438 - -6.467621299465116 0.014494000677485304
160229 48.92315777003775 14.45054977682747 - -8.532178729175266 0.05762815169950237
233170 276.70854041273395 14.444439938110277 - -8.449109149093676 0.027112623983117905
200522 108.4495775913632 14.45054977682747 - -8.532178729175266 0.037351173240067745
243505 294.42015195554 14.444439938110277 - -8.449109149093676 0.02637798477837396
240574 166.4681582410587 14.45054977682747 - -8.532178729175266 0.03019287672630876
1016024 520.1004243309753 14.34253854628198 - -5.986877709527136 0.014349448830585655
280894 230.2577529827549 14.45054977682747 - -8.532178729175266 0.026374320661415145
253870 311.5494343069374 14.444439938110277 - -8.449109149093676 0.02561209870911295
321044 291.5563673421692 14.45054977682747 - -8.532178729175266 0.023372992542524704
361194 357.8337705424921 14.45054977682747 - -8.532178729175266 0.021256983927154357
1768148 1708.4372175219912 14.312078673828049 - -6.442443533327788 0.007760371460450416
401943 430.5413083900578 14.45054977682747 - -8.532178729175266 0.019629594364373226
442578 457.84524938325785 14.455988432085515 - -8.532178729175266 0.018291332848161094
482978 524.2666482405789 14.455988432085515 - -8.532178729175266 0.017160027410122076
2249648 1429.2808811132204 14.149042274952652 - -3.2387597054653408 0.00850031325831584
1929848 1911.3267836391612 14.312078673828049 - -6.442443533327788 0.007323808665602459
523382 569.7106686671378 14.45846861228647 - -8.532178729175266 0.016179369027844608
564193 634.2067993642823 14.45846861228647 - -8.532178729175266 0.01534386087611106
604279 610.5789159431288 14.467797677573254 - -8.532178729175266 0.014698188154876946
2252911 677.0840602052651 14.409120051727438 - -6.467621299465116 0.013826436409755845
2089898 2117.3986796275008 14.312078673828049 - -6.442443533327788 0.006925765362302634
644308 665.0368860951628 14.467797677573254 - -8.532178729175266 0.014103798848349662
684404 718.5207676122046 14.467797677573254 - -8.532178729175266 0.013495304606869098
2252074 2329.7700955192413 14.312078673828049 - -6.442443533327788 0.006568987126986069
725332 777.5427167106475 14.467797677573254 - -8.532178729175266 0.012966497422315433
 Adding parameter  x0  with limits  [-5.0, 5.0]
   Adapting  x0
 Adding parameter  x1  with limits  [-5.0, 5.0]
   Adapting  x1
 Adding parameter  x2  with limits  [-5.0, 5.0]
   Adapting  x2
 Adding parameter  x3  with limits  [-5.0, 5.0]
   Adapting  x3
 Adding parameter  x0  with limits  [-5.0, 5.0]
   Adapting  x0
 Adding parameter  x1  with limits  [-5.0, 5.0]
   Adapting  x1
 Adding parameter  x2  with limits  [-5.0, 5.0]
   Adapting  x2
 Adding parameter  x3  with limits  [-5.0, 5.0]
   Adapting  x3
10000 1.292778464703275 13.729492207212255 - -2.3025850929940455 0.7978045621321306
40000 3.824761083815544 14.08399700027742 - -3.6888794541139363 0.3641339075241221
20080 2.68230277962297 13.986626362589936 - -3.533102452542094 0.5557361101925443
30223 1.0819370215351523 14.321433174175576 - -4.637365412719018 0.924933268826347
40303 2.144547084176251 14.321433174175576 - -5.724916754027703 0.5138513993367319
80032 15.289214493935129 14.179133740230574 - -5.96901441827039 0.14469981272885962
50377 3.540013497899184 14.364905082886828 - -6.792038375604442 0.3375204955286895
60451 10.96570125767794 14.375355060530186 - -7.866699443450038 0.1938158793513317
70499 13.583338714253188 14.425847723373268 - -8.503013149246817 0.12793101123330836
120112 87.22169540075444 14.231876350852623 - -6.544978191422415 0.052706072267484735
2411348 1548.7517661409722 14.149042274952652 - -3.2387597054653408 0.00822963299971939
80599 11.820133599023166 14.490496863497961 - -8.503345540807132 0.11474306593574868
90817 18.691161094020764 14.490496863497961 - -8.503759191278387 0.08462588404206575
101054 19.111122467041046 14.509189192152391 - -8.503759191278387 0.08388619747840578
160192 208.92118995708745 14.246107815223931 - -6.54521281387686 0.031370721866911436
111064 24.681138058784004 14.50979663514696 - -8.503759191278387 0.08108281856897502
121312 21.466371253193408 14.536538655604275 - -8.503759191278387 0.08274556343310174
200260 353.9331725923598 14.24740872833761 - -6.54521281387686 0.023983065512976978
131413 24.909486788326234 14.536538655604275 - -8.503759191278387 0.07445637854619616
141493 30.08592746569859 14.536538655604275 - -8.503759191278387 0.07121142379887428
2415103 741.2563846987462 14.409120051727438 - -6.467621299465116 0.013159768314959136
766407 839.01677920532 14.467797677573254 - -8.532178729175266 0.01252680433222935
151601 33.1737189919499 14.536538655604275 - -8.503759191278387 0.06518385632245217
240706 507.8559039251033 14.24740872833761 - -6.54521281387686 0.019902947549804907
161969 37.000999439294986 14.536538655604275 - -8.503759191278387 0.06083572746494019
172237 40.8463401798045 14.536538655604275 - -8.503759191278387 0.0569217663860078
182685 44.748749972930376 14.536538655604275 - -8.503759191278387 0.05297232378586594
281306 645.0829017200529 14.249982269373014 - -6.54521281387686 0.01741351321320352
193069 48.44443694278147 14.536538655604275 - -8.503759191278387 0.050167038846234614
2412321 2538.2160701188122 14.312078673828049 - -6.442443533327788 0.006280578564680649
203359 51.78323436587638 14.536538655604275 - -8.503759191278387 0.047258256270583304
321338 797.6583086722119 14.249982269373014 - -6.54521281387686 0.015739293700129404
213509 55.26727447185286 14.536538655604275 - -8.503759191278387 0.04490124747707233
807567 899.0852274259662 14.467797677573254 - -8.532178729175266 0.012153856364779444
223743 59.12975274345352 14.536538655604275 - -8.503759191278387 0.04266980444199468
361388 945.5416037121579 14.249982269373014 - -6.54521281387686 0.014323400399664645
234257 63.07207402508453 14.536538655604275 - -8.503759191278387 0.040561175441258986
244280 66.52017967514979 14.536538655604275 - -8.503759191278387 0.03880043490353989
254394 71.35768908276884 14.536538655604275 - -8.503759191278387 0.03869729368916401
401918 1096.2797134719513 14.249982269373014 - -6.54521281387686 0.013195159412586943
848399 957.2251656611803 14.467797677573254 - -8.532178729175266 0.011832268670265059
442598 1253.3461053909073 14.249982269373014 - -6.54521281387686 0.012336643291328688
482706 1413.3618835207758 14.250236357857634 - -6.54521281387686 0.01163550731913783
888495 1012.1873867047747 14.467797677573254 - -8.532178729175266 0.011468178651757173
523064 1570.4865893492386 14.250236357857634 - -6.54521281387686 0.011037244740984841
2574689 2748.836995976951 14.312078673828049 - -6.442443533327788 0.006033142519793569
2575111 797.4038366957702 14.409120051727438 - -6.467621299465116 0.012596623345073102
2572948 1663.3255023486333 14.149042274952652 - -3.2387597054653408 0.007915535813262728
563555 1725.613597111861 14.250236357857634 - -6.54521281387686 0.010482599815326826
929879 1078.4716572683403 14.467797677573254 - -8.532178729175266 0.011178168710773461
604131 1896.8910855617896 14.250236357857634 - -6.54521281387686 0.010020778402866666
2737495 2967.2904595871955 14.312078673828049 - -6.442443533327788 0.005821834365792867
645411 2068.592194795719 14.250236357857634 - -6.54521281387686 0.009608143733587747
970757 1143.1854643499632 14.467797677573254 - -8.532178729175266 0.01088137461021745
686517 2155.6865442399635 14.252708313896791 - -6.54521281387686 0.009256340006873878
 Adding parameter  x0  with limits  [-5.0, 5.0]
   Adapting  x0
 Adding parameter  x1  with limits  [-5.0, 5.0]
   Adapting  x1
 Adding parameter  x2  with limits  [-5.0, 5.0]
   Adapting  x2
 Adding parameter  x3  with limits  [-5.0, 5.0]
   Adapting  x3
10000 1.0175142118220197 14.018327686886678 - -2.3025850929940455 0.9824281400818035
20086 1.0349207259092452 14.018327686886678 - -3.5544905510752844 0.965969986087953
30136 1.2746795460934996 14.209713945891021 - -4.732529973374716 0.7916447326310667
40141 3.2121189764648137 14.230271496219022 - -5.834802222874313 0.44768272642629786
50173 4.7818284615425934 14.345455665456623 - -6.885623847706074 0.3344675440737711
60203 10.63036441820716 14.377054838451748 - -7.869199326385825 0.1958921108912754
70247 17.69261688347109 14.409336772295754 - -8.881163808328264 0.1351169834288624
80279 44.80463573779388 14.422190211510864 - -9.29285300291943 0.08045214168216683
90449 84.14695829938157 14.422190211510864 - -9.293389915684006 0.05469595294235958
1011005 1200.8596015451974 14.467797677573254 - -8.532178729175266 0.010597989889307949
2899895 3176.4818698346685 14.312078673828049 - -6.442443533327788 0.005597888621679468
100547 99.94460272265982 14.437464280529053 - -9.293389915684006 0.045371588663982096
110571 131.16966275754442 14.437464280529053 - -9.293389915684006 0.039614533979295145
120746 164.14096072964992 14.437464280529053 - -9.293389915684006 0.03495019072055656
727001 2311.370534487456 14.252708313896791 - -6.54521281387686 0.008929894634512417
130866 198.11849303101212 14.437464280529053 - -9.293389915684006 0.03140101704748027
141177 237.72500994879672 14.437464280529053 - -9.293389915684006 0.02897702980862491
151285 274.1642252646815 14.437464280529053 - -9.293389915684006 0.026995916487507515
161765 310.2780994289842 14.437464280529053 - -9.293389915684006 0.025329601916478626
2735851 858.5813737870615 14.409120051727438 - -6.467621299465116 0.012126293517498417
172079 311.0474454845779 14.445398920620034 - -9.293389915684006 0.024093445304820386
182398 348.63708185346223 14.445398920620034 - -9.293389915684006 0.02275300625950824
192814 379.9785745730243 14.445398920620034 - -9.293389915684006 0.021721267978697473
203406 412.80221422008583 14.445398920620034 - -9.293389915684006 0.02088080744890522
767545 2473.685670407666 14.252708313896791 - -6.54521281387686 0.00863496485168252
213546 441.74378065920814 14.446145447098008 - -9.293389915684006 0.020145569524119788
223941 481.42852238951673 14.446145447098008 - -9.293389915684006 0.019360810053738815
2733652 1776.1008712186074 14.149042274952652 - -3.2387597054653408 0.007603898897972328
234175 516.2791666580451 14.446145447098008 - -9.293389915684006 0.01873870089930714
244745 552.212846471828 14.446145447098008 - -9.293389915684006 0.018160854950270804
254963 588.0662136431774 14.446145447098008 - -9.293389915684006 0.017676514972807308
808649 2647.8987148814017 14.252708313896791 - -6.54521281387686 0.008359395885227296
 Adding parameter  x0  with limits  [-5.0, 5.0]
   Adapting  x0
 Adding parameter  x1  with limits  [-5.0, 5.0]
   Adapting  x1
 Adding parameter  x2  with limits  [-5.0, 5.0]
   Adapting  x2
 Adding parameter  x3  with limits  [-5.0, 5.0]
   Adapting  x3
848906 2811.562055505163 14.252708313896791 - -6.54521281387686 0.00810392606708876
160000 4.11446982836375 14.23407153236442 - -5.075173815233827 0.3469779474437622
320176 10.293852214183556 14.386958315211483 - -7.954709294385307 0.1625429382497347
890243 2976.359093382942 14.252708313896791 - -6.54521281387686 0.007863308678272181
480214 104.61210208130296 14.409665265299608 - -8.050434192688675 0.04099841322716431
2896396 917.4082688335653 14.409120051727438 - -6.467621299465116 0.011705660870307557
 Adding parameter  x0  with limits  [-5.0, 5.0]
   Adapting  x0
 Adding parameter  x1  with limits  [-5.0, 5.0]
   Adapting  x1
 Adding parameter  x2  with limits  [-5.0, 5.0]
   Adapting  x2
 Adding parameter  x3  with limits  [-5.0, 5.0]
   Adapting  x3
40000 1.4920369041426191 14.105850935613745 - -3.6888794541139363 0.7054206372170289
640591 218.9910314259502 14.409665265299608 - -8.050434192688675 0.02703498977683544
 Adding parameter  x0  with limits  [-5.0, 5.0]
   Adapting  x0
 Adding parameter  x1  with limits  [-5.0, 5.0]
   Adapting  x1
 Adding parameter  x2  with limits  [-5.0, 5.0]
   Adapting  x2
 Adding parameter  x3  with limits  [-5.0, 5.0]
   Adapting  x3
80128 1.3319124331157322 14.302574163966435 - -5.756121888336774 0.7565058237051692
40000 1.0166875763125212 14.123880038353342 - -3.6888794541139363 0.9832148500698963
120238 2.478288337228969 14.475464599770827 - -7.738639448734884 0.43013015755584916
931453 3143.98508712723 14.252708313896791 - -6.54521281387686 0.007643564242193817
80112 1.2084602198091472 14.283776089174795 - -5.737732914025749 0.8346438440171767
160418 16.24007602796592 14.475464599770827 - -9.585044919076264 0.12568921666586466
120202 2.972852864357942 14.437430548104702 - -7.726291959228411 0.42064294470016933
200618 68.39751629824235 14.493356289192688 - -9.687005312187207 0.049263809138276896
160346 14.770761358578074 14.463009333130547 - -9.697312751953827 0.15654468717424175
240898 142.3854639617392 14.493356289192688 - -9.687176281584101 0.03369601887628592
200526 59.43552297693259 14.511493534477033 - -10.847085927490104 0.07071723992678315
802103 343.66552484975864 14.409665265299608 - -8.050434192688675 0.021440745848552753
281263 192.65594923803394 14.504332772524863 - -9.687176281584101 0.02833919092408373
240541 194.74567969573795 14.524604826036134 - -10.847331537217483 0.034782808193685386
280885 354.82398482806934 14.524604826036134 - -10.847331537217483 0.02588505727412803
321277 257.39279113604334 14.504332772524863 - -9.687176281584101 0.02426246841294049
2894572 1901.2020677627731 14.149042274952652 - -3.2387597054653408 0.007358022823795185
321495 514.9250204825155 14.524604826036134 - -10.847331537217483 0.02129554732548322
361645 325.89342587017074 14.504332772524863 - -9.687176281584101 0.02155658400311237
962791 467.57599277637337 14.409665265299608 - -8.050434192688675 0.01855614702366626
361587 673.2724760638629 14.524604826036134 - -10.847331537217483 0.018524824437741037
402370 395.56409623959644 14.504332772524863 - -9.687176281584101 0.019432037149516423
402251 811.3271532536784 14.527065625037698 - -10.847331537217483 0.016611216979166035
443010 464.57128963678286 14.504332772524863 - -9.687176281584101 0.017873924365347946
442800 984.9036524573941 14.527065625037698 - -10.847331537217483 0.01509589325321055
483404 532.9932964898563 14.504332772524863 - -9.687176281584101 0.016585400823509153
1123322 567.7774930029373 14.41260638320448 - -8.050434192688675 0.016468532373058824
482814 1152.3315300477173 14.527065625037698 - -10.847331537217483 0.014084144371087844
524192 607.970560083492 14.504332772524863 - -9.687176281584101 0.015614373154775764
523144 1326.560266213296 14.527065625037698 - -10.847331537217483 0.01317609616734565
565212 683.3028862927914 14.504332772524863 - -9.687176281584101 0.014689553886035638
564164 1488.523808932722 14.527065625037698 - -10.847331537217483 0.012349906580164827
1284474 680.3099045462686 14.41260638320448 - -8.050434192688675 0.014995114134180604
606396 753.2381546637915 14.504332772524863 - -9.687176281584101 0.01394948520072127
604886 1662.6328243144615 14.527065625037698 - -10.847331537217483 0.011654957537781258
3057640 981.7990625546237 14.409120051727438 - -6.467621299465116 0.011328990679605605
646975 826.8104620642814 14.504332772524863 - -9.687176281584101 0.013279417857390192
645174 1781.1364903405977 14.529312854832623 - -10.847331537217483 0.011113575455225332
1445308 799.633532584605 14.41260638320448 - -8.050434192688675 0.013844583193887754
687415 905.8048544577327 14.504332772524863 - -9.687176281584101 0.012675246035064749
686466 1952.6589489818145 14.529312854832623 - -10.847331537217483 0.010589026899871208
728160 978.6276601188185 14.504332772524863 - -9.687176281584101 0.012161482953367884
726718 2126.403938591066 14.529312854832623 - -10.847331537217483 0.010160805751465756
3054942 1939.2680036217714 14.152050126833506 - -3.2387597054653408 0.007128229015018779
 Adding parameter  x0  with limits  [-5.0, 5.0]
   Adapting  x0
 Adding parameter  x1  with limits  [-5.0, 5.0]
   Adapting  x1
 Adding parameter  x2  with limits  [-5.0, 5.0]
   Adapting  x2
 Adding parameter  x3  with limits  [-5.0, 5.0]
   Adapting  x3
1607723 922.7783850873639 14.41260638320448 - -8.050434192688675 0.01281108477556254
769236 1055.9919580001906 14.504332772524863 - -9.687176281584101 0.011738279529144378
767262 2302.0125028172697 14.529312854832623 - -10.847331537217483 0.009755533875916364
160000 3.633752090343971 14.243268782637008 - -5.075173815233827 0.37789762554338296
809574 1130.9469307122843 14.504332772524863 - -9.687176281584101 0.011248384713183086
807870 2471.7155829511066 14.529312854832623 - -10.847331537217483 0.009405740221555103
320080 21.826647314688834 14.34726776594919 - -8.532551520180155 0.11962689627156682
1768271 1041.0504155264027 14.41260638320448 - -8.050434192688675 0.012009470191739076
851046 1208.2389658890395 14.504332772524863 - -9.687176281584101 0.010872071553534509
848014 2640.158250450527 14.529312854832623 - -10.847331537217483 0.009090056483694486
480220 177.6487638813495 14.462423061726836 - -8.532551520180155 0.03017612292624129
891521 1285.1539335903417 14.504332772524863 - -9.687176281584101 0.010547832526870757
888964 2807.5103490132838 14.529312854832623 - -10.847331537217483 0.008814563254900251
3217800 1042.2348803961568 14.409120051727438 - -6.467621299465116 0.011008679349076823
640822 383.0633377051454 14.46472867355404 - -8.532551520180155 0.02022419889391197
1929873 1170.6953177643645 14.41260638320448 - -8.050434192688675 0.011348889570505897
932371 1349.1290425196537 14.505166317899521 - -9.687176281584101 0.010239909825879216
929564 2974.3766147071274 14.529499674143116 - -10.847331537217483 0.008546292394133103
801182 604.0376001082243 14.46472867355404 - -8.532551520180155 0.015888153830890893
972427 1425.989166902515 14.505166317899521 - -9.687176281584101 0.009948844190150841
969596 3149.594032256542 14.529499674143116 - -10.847331537217483 0.008294796375195684
2091976 1296.6206180463741 14.41260638320448 - -8.050434192688675 0.010771064830563698
1012531 1468.8141240845625 14.506903745450437 - -9.687176281584101 0.009723367418019952
2254066 1416.6659512937815 14.412779875286722 - -8.050434192688675 0.010242062540400493
962010 829.8016189153819 14.46472867355404 - -8.532551520180155 0.013598852334634476
3216822 2054.722232917039 14.152050126833506 - -3.2387597054653408 0.006896133822582731
3380404 1105.409619871323 14.409120051727438 - -6.467621299465116 0.010684372374448185
2414929 1544.7859757282959 14.412779875286722 - -8.050434192688675 0.009813652288192589
1122240 999.5308946596974 14.468581827549745 - -8.532551520180155 0.011963271634591328
2575239 1621.1926384275544 14.415115701146371 - -8.050434192688675 0.009453614236599015
2739075 1747.9674173398748 14.415115701146371 - -8.050434192688675 0.009060208121007657
1283016 1221.9057931707637 14.468581827549745 - -8.532551520180155 0.010673028195349033
3540704 1167.7745074325742 14.409120051727438 - -6.467621299465116 0.0103995793090753
 Adding parameter  x0  with limits  [-5.0, 5.0]
   Adapting  x0
 Adding parameter  x1  with limits  [-5.0, 5.0]
   Adapting  x1
 Adding parameter  x2  with limits  [-5.0, 5.0]
   Adapting  x2
 Adding parameter  x3  with limits  [-5.0, 5.0]
   Adapting  x3
2900730 1870.9351498855285 14.415115701146371 - -8.050434192688675 0.008745136886746998
40000 1.0017929747758856 14.150621964152721 - -3.6888794541139363 0.9977104919913472
80066 1.8649632215176748 14.384223918472582 - -6.021605704019969 0.6255251179519082
120147 7.463608281151531 14.407871365311934 - -8.264228455841332 0.22310214940312284
160255 27.88042696852677 14.458258697270766 - -9.690733937913306 0.07607886287553782
 Adding parameter  x0  with limits  [-5.0, 5.0]
   Adapting  x0
 Adding parameter  x1  with limits  [-5.0, 5.0]
   Adapting  x1
 Adding parameter  x2  with limits  [-5.0, 5.0]
   Adapting  x2
 Adding parameter  x3  with limits  [-5.0, 5.0]
   Adapting  x3
200299 44.29744889094278 14.548143306518192 - -9.690733937913306 0.05251148573099266
40000 1.3791726657447803 14.032185356259026 - -3.6888794541139363 0.7498577669422757
240674 89.150299495345 14.548143306518192 - -9.690733937913306 0.03775661260394407
80064 3.0060414708246714 14.34553862288114 - -6.022672474232175 0.4959904802249
120130 10.890208394167727 14.41912878571469 - -8.254298478285726 0.18082027271124365
280854 115.28694504480067 14.556595425459443 - -9.690733937913306 0.03107781071642241
3062876 2001.5791806267855 14.415115701146371 - -8.050434192688675 0.008508810231604843
160261 58.78058192296192 14.441048522115823 - -9.48434508937551 0.06575984621576036
200466 180.18254774706742 14.455624469183356 - -9.484559061773888 0.03299084713610911
321505 149.1443551061078 14.55939488667379 - -9.690733937913306 0.02796461539356219
240636 325.14338633827015 14.455624469183356 - -9.484559061773888 0.024454777177046604
1443085 1446.185763050237 14.468581827549745 - -8.532551520180155 0.009789355731208541
361573 189.00782051844988 14.55939488667379 - -9.690733937913306 0.025037831579803937
281116 386.4580145266379 14.471020216172176 - -9.484559061773888 0.020320603096339915
402275 193.43501532695336 14.571798111151638 - -9.690733937913306 0.023834668203632645
321508 509.81352208206033 14.471020216172176 - -9.484559061773888 0.01818690623438694
3379446 2171.1127476475567 14.152050126833506 - -3.2387597054653408 0.006688395645182764
361828 638.5403892882036 14.471020216172176 - -9.484559061773888 0.016128044508265552
3225343 2138.3354205538803 14.415115701146371 - -8.050434192688675 0.008248645897586539
442415 229.0971392879892 14.571798111151638 - -9.690733937913306 0.02192736706847926
402428 738.0789167762209 14.47440856430221 - -9.484559061773888 0.014634294336444335
483046 263.8626936095234 14.571798111151638 - -9.690733937913306 0.020427145889074336
442922 868.2445530113406 14.47440856430221 - -9.484559061773888 0.013455661967270615
3702747 1229.6114715643694 14.409120051727438 - -6.467621299465116 0.010082265528785803
523177 299.5008175156729 14.571798111151638 - -9.690733937913306 0.01922712693383366
483739 1005.3145461420172 14.47440856430221 - -9.484559061773888 0.012472432079068918
3388135 2269.0722901096246 14.415115701146371 - -8.050434192688675 0.007996503983240229
1604330 1679.3582488386928 14.468581827549745 - -8.532551520180155 0.00904474892007837
524239 1141.8990716923256 14.47440856430221 - -9.484559061773888 0.01175299711859503
563618 335.8198131689607 14.571798111151638 - -9.690733937913306 0.01796909431286064
564788 1279.3983932659564 14.47440856430221 - -9.484559061773888 0.01108951475042819
604586 375.1456256372285 14.571798111151638 - -9.690733937913306 0.01727249154928482
3550185 2383.829639355063 14.415347353047826 - -8.050434192688675 0.007806277439167521
605528 1415.6382865074324 14.47440856430221 - -9.484559061773888 0.010532817212504129
645692 415.0494662270042 14.571798111151638 - -9.690733937913306 0.01640208746437267
646361 1549.364273539729 14.474535508526222 - -9.484559061773888 0.01006974896737526
686942 455.3251094364316 14.571798111151638 - -9.690733937913306 0.01582436848162027
687059 1686.4936313381252 14.474535508526222 - -9.484559061773888 0.009644869695494386
1764730 1916.1813498372308 14.468581827549745 - -8.532551520180155 0.0084616260818769
727838 478.4757894770099 14.573807561414142 - -9.690733937913306 0.01528476830428181
3710359 2506.885625824628 14.415347353047826 - -8.050434192688675 0.007599542270254058
727722 1826.4348524595014 14.474535508526222 - -9.484559061773888 0.009252081806048841
768231 513.1834613599981 14.574210812693924 - -9.690733937913306 0.014813369148827598
768654 1970.9630592716405 14.474535508526222 - -9.484559061773888 0.008907508786643406
809571 549.8529330720348 14.574210812693924 - -9.690733937913306 0.01431640655673883
3542191 2295.9265883092858 14.152050126833506 - -3.2387597054653408 0.006522377485900053
809046 2111.5737000116533 14.474535508526222 - -9.484559061773888 0.008603954228418876
3865419 1292.9817968019051 14.409120051727438 - -6.467621299465116 0.009826622530311711
3874273 2628.743764531442 14.415508299527948 - -8.050434192688675 0.007419998201737854
849751 587.0079789689042 14.574210812693924 - -9.690733937913306 0.013883180003961795
850152 2254.725213850662 14.474535508526222 - -9.484559061773888 0.008315073985299471
1926430 2141.1404800472133 14.468581827549745 - -8.532551520180155 0.0079692810567984
890408 2400.096847597773 14.474535508526222 - -9.484559061773888 0.008082399879277604
890687 625.9493437084216 14.574210812693924 - -9.690733937913306 0.013430009781605542
4037128 2754.984722260319 14.415508299527948 - -8.050434192688675 0.007236542999535695
931464 2550.290034415926 14.474535508526222 - -9.484559061773888 0.007842957052057682
931106 663.1558200949747 14.574210812693924 - -9.690733937913306 0.012978075012091207
972260 2694.238575793868 14.474535508526222 - -9.484559061773888 0.007635655566440715
972200 701.4273497258549 14.574210812693924 - -9.690733937913306 0.012595969731081458
2088563 2378.0473669885077 14.468581827549745 - -8.532551520180155 0.007555799804882063
1012700 2841.3118142780068 14.474535508526222 - -9.484559061773888 0.007439730394894507
 Adding parameter  x0  with limits  [-5.0, 5.0]
   Adapting  x0
 Adding parameter  x1  with limits  [-5.0, 5.0]
   Adapting  x1
 Adding parameter  x2  with limits  [-5.0, 5.0]
   Adapting  x2
 Adding parameter  x3  with limits  [-5.0, 5.0]
   Adapting  x3
1012682 740.8067739764365 14.574210812693924 - -9.690733937913306 0.012328282441835498
160000 11.180229315492346 14.137967435413389 - -5.075173815233827 0.1958809839246151
320034 117.95752440682267 14.250477012339928 - -6.796695909587191 0.03889459885220426
480038 204.99501249514344 14.345208540323677 - -6.796695909587191 0.016353275318188674
4028368 1356.6417673377075 14.409120051727438 - -6.467621299465116 0.009586986693636083
3704245 2415.335394970128 14.152050126833506 - -3.2387597054653408 0.006361217500021452
640396 388.28548379914673 14.350108217730748 - -6.796695909587191 0.011913984772582339
2250543 2621.463260171913 14.468581827549745 - -8.532551520180155 0.007185772924515083
801346 585.5579031427616 14.350108217730748 - -6.796695909587191 0.009869832212498817
962416 788.4122138896128 14.350108217730748 - -6.796695909587191 0.008711805204203215
 Adding parameter  x0  with limits  [-5.0, 5.0]
   Adapting  x0
 Adding parameter  x1  with limits  [-5.0, 5.0]
   Adapting  x1
 Adding parameter  x2  with limits  [-5.0, 5.0]
   Adapting  x2
 Adding parameter  x3  with limits  [-5.0, 5.0]
   Adapting  x3
40000 1.0511913876901147 14.332898619686368 - -3.6888794541139363 0.9518231277352174
 Adding parameter  x0  with limits  [-5.0, 5.0]
   Adapting  x0
 Adding parameter  x1  with limits  [-5.0, 5.0]
   Adapting  x1
 Adding parameter  x2  with limits  [-5.0, 5.0]
   Adapting  x2
 Adding parameter  x3  with limits  [-5.0, 5.0]
   Adapting  x3
80128 1.9514442881689154 14.332898619686368 - -5.878519788091848 0.5468749342109845
40000 1.0017252653316981 14.049073203720937 - -3.6888794541139363 0.9977777683256983
120260 14.170548236369843 14.35340846197667 - -7.993569757239051 0.16233922095032643
80018 1.7886139569618371 14.073890512460242 - -5.687653092726317 0.6840724300546185
160340 90.56477932925766 14.369647832431328 - -8.603355664603065 0.04781107865648392
120128 1.9266655654736895 14.340601799912324 - -7.55219823168002 0.5386378819876801
200356 252.96448628215802 14.371406064568593 - -8.603610842591095 0.029810656487978104
160264 4.983860313875063 14.488886677755099 - -9.28650512615999 0.3121807994210155
200280 5.540231425052635 14.633388020230754 - -10.969565178464704 0.2806805885930781
240550 426.54174782125995 14.371806191441268 - -8.603610842591095 0.022832589768355477
240348 26.90533401411696 14.633388020230754 - -11.039510169159165 0.10315069177196635
1124016 987.0377362351747 14.350108217730748 - -6.796695909587191 0.007766003875541531
281160 602.2298254654681 14.371806191441268 - -8.603610842591095 0.019350713100650323
280552 48.482006647256526 14.648088734279005 - -11.03971678073015 0.07392086563676115
320867 70.55646574765842 14.648088734279005 - -11.03971678073015 0.06067073924817154
321546 777.1317985559155 14.371806191441268 - -8.603610842591095 0.01684262260194562
360917 94.62782612024708 14.648088734279005 - -11.03971678073015 0.051195829128044906
361818 963.4112921373924 14.371806191441268 - -8.603610842591095 0.015150358087098359
401277 115.68667003087734 14.648088734279005 - -11.03971678073015 0.04510940927704753
441309 126.6612662039074 14.654889876673499 - -11.03971678073015 0.041384391317176965
402562 1148.0635150828452 14.371806191441268 - -8.603610842591095 0.013862004039249422
2411781 2867.309415032275 14.468581827549745 - -8.532551520180155 0.006888317870309227
 Adding parameter  x0  with limits  [-5.0, 5.0]
   Adapting  x0
 Adding parameter  x1  with limits  [-5.0, 5.0]
   Adapting  x1
 Adding parameter  x2  with limits  [-5.0, 5.0]
   Adapting  x2
 Adding parameter  x3  with limits  [-5.0, 5.0]
   Adapting  x3
481661 148.79679491624103 14.654889876673499 - -11.03971678073015 0.03886051798411317
443362 1331.2734223050672 14.372049603683367 - -8.603610842591095 0.012789185406345334
522643 164.17561901785888 14.657102116795418 - -11.03971678073015 0.03703622264310679
160000 2.516332868113021 14.245884245269353 - -5.075173815233827 0.4248183714085683
562721 184.24874268761107 14.657102116795418 - -11.03971678073015 0.034578870549591426
483832 1521.2682775099438 14.372049603683367 - -8.603610842591095 0.011967093949305396
1284096 1185.6580926965173 14.350108217730748 - -6.796695909587191 0.007080887969755734
604021 196.4408324659031 14.661141994287528 - -11.03971678073015 0.03294405537412481
320153 33.34818849899014 14.328868548914071 - -7.021430721326266 0.08683905422789222
524404 1712.8747920725466 14.372049603683367 - -8.603610842591095 0.011280971668626169
645142 215.4003477808543 14.661832120940256 - -11.03971678073015 0.031411926563126025
3864717 2540.1062484687795 14.152050126833506 - -3.2387597054653408 0.006195569184268132
564422 1907.823893596214 14.372049603683367 - -8.603610842591095 0.010696696783182537
480473 274.91611098858385 14.334952532429282 - -7.021430721326266 0.02755491065126294
685392 235.24920007233777 14.661832120940256 - -11.03971678073015 0.029847849227217307
725496 259.71967574335054 14.661832120940256 - -11.03971678073015 0.028758930033757173
604950 2115.2247522384005 14.372049603683367 - -8.603610842591095 0.010161343167048552
640683 490.2204473169352 14.34060721410617 - -7.021430721326266 0.019527912906732336
1444784 1333.7022202072958 14.352591026323587 - -6.796695909587191 0.006563824026832999
766848 277.7307168597649 14.661832120940256 - -11.03971678073015 0.027720388181195453
645910 2327.3196320552884 14.372049603683367 - -8.603610842591095 0.009718087511577107
808248 300.20982792130116 14.661832120940256 - -11.03971678073015 0.026833599568714818
686770 2528.2423214401574 14.372049603683367 - -8.603610842591095 0.009310418756420295
848794 320.74051010569866 14.661832120940256 - -11.03971678073015 0.025750180421097578
801123 757.9820830681408 14.34060721410617 - -7.021430721326266 0.015746352596620272
2572179 3053.7451958227 14.469798010890674 - -8.532551520180155 0.006615549227580808
889956 323.78862925565466 14.665493862956367 - -11.03971678073015 0.024988454573535646
727109 2666.7361993993313 14.373662924251686 - -8.603610842591095 0.00895270414776883
930948 345.6287033034238 14.665493862956367 - -11.03971678073015 0.024022918504216822
962130 1015.2567315330513 14.341765451507468 - -7.021430721326266 0.013571345965551894
1605945 1522.042871076992 14.352591026323587 - -6.796695909587191 0.006136745471988912
768202 2866.0910764219498 14.373662924251686 - -8.603610842591095 0.008655183326289652
972738 362.35864973876284 14.665493862956367 - -11.03971678073015 0.023369960126954102
809026 3075.256570865755 14.373662924251686 - -8.603610842591095 0.008359934409460819
1013398 383.37546792870813 14.665493862956367 - -11.03971678073015 0.022641014467853608
1122810 1261.1953813139958 14.342837729478948 - -7.021430721326266 0.012137146436026577
1766910 1713.4855357979345 14.352591026323587 - -6.796695909587191 0.0057696515307176415
1283832 1540.8506295762268 14.342837729478948 - -7.021430721326266 0.01100647668158965
4025418 2659.214973293312 14.152050126833506 - -3.2387597054653408 0.0060514924152401395
 Adding parameter  x0  with limits  [-5.0, 5.0]
   Adapting  x0
 Adding parameter  x1  with limits  [-5.0, 5.0]
   Adapting  x1
 Adding parameter  x2  with limits  [-5.0, 5.0]
   Adapting  x2
 Adding parameter  x3  with limits  [-5.0, 5.0]
   Adapting  x3
1444086 1819.3347884322316 14.342837729478948 - -7.021430721326266 0.01008197301512992
160000 1.135801232977735 14.376229090970515 - -5.075173815233827 0.8852917617465964
1929060 1908.4472560181605 14.352591026323587 - -6.796695909587191 0.005471538130819156
 Adding parameter  x0  with limits  [-5.0, 5.0]
   Adapting  x0
 Adding parameter  x1  with limits  [-5.0, 5.0]
   Adapting  x1
 Adding parameter  x2  with limits  [-5.0, 5.0]
   Adapting  x2
 Adding parameter  x3  with limits  [-5.0, 5.0]
   Adapting  x3
320025 3.418578146499592 14.503506716379016 - -8.39693108540267 0.35097459078294135
 Adding parameter  x0  with limits  [-5.0, 5.0]
   Adapting  x0
 Adding parameter  x1  with limits  [-5.0, 5.0]
   Adapting  x1
 Adding parameter  x2  with limits  [-5.0, 5.0]
   Adapting  x2
 Adding parameter  x3  with limits  [-5.0, 5.0]
   Adapting  x3
40000 1.0215939683386235 14.176373582173198 - -3.6888794541139363 0.9785239411823068
40000 1.0968810179789203 14.009849344443564 - -3.6888794541139363 0.9141888282190457
80053 3.996870312611788 14.24080988874396 - -5.819608040161792 0.37715105939714383
80120 3.2469912967339174 14.299805721089134 - -6.015962018708369 0.4368931908119801
120149 5.347500994666801 14.387513123407901 - -7.846176092234559 0.24890667215485776
120248 3.4852368398774125 14.446773812937273 - -8.202799503158102 0.31063907250160344
160245 39.05266992462373 14.395633641422599 - -9.322030631138444 0.09242556469067485
160263 7.142044636664092 14.5970601884462 - -9.237097128922322 0.21495573179388452
480192 57.34785409200904 14.503506716379016 - -10.875829239399033 0.06873726677621664
200390 81.47116061711017 14.479688756741835 - -9.322752565955025 0.05195858239713242
200493 21.549597290345677 14.5970601884462 - -9.237378225199649 0.10053964179610045
240606 147.3229368175173 14.483231489150315 - -9.322752565955025 0.03775917287946512
240673 32.18645083230367 14.5970601884462 - -9.237378225199649 0.0722572408337801
281064 226.6088323491412 14.483231489150315 - -9.322752565955025 0.03142053805367718
281121 42.714812917730654 14.5970601884462 - -9.237378225199649 0.05788287469767601
640242 548.4903343421817 14.528477677778586 - -10.87602659873181 0.020076637780070378
1606005 2084.438598039108 14.342837729478948 - -7.021430721326266 0.009376262208556257
321159 300.31650955082443 14.483231489150315 - -9.322752565955025 0.027401975666802292
321766 53.492459118738324 14.5970601884462 - -9.237378225199649 0.04813613117611393
361909 374.0193620903764 14.483231489150315 - -9.322752565955025 0.024445322311735428
362374 66.38450707018815 14.5970601884462 - -9.237378225199649 0.0438164719893818
800792 1181.3248657880965 14.528477677778586 - -10.87602659873181 0.013670562210625157
402544 422.6551385559835 14.487222970455475 - -9.322752565955025 0.022270047038627273
402634 80.50897588183875 14.5970601884462 - -9.237378225199649 0.0404231039616246
442624 493.7499973510248 14.487222970455475 - -9.322752565955025 0.020593300260994835
443274 93.71957803777387 14.5970601884462 - -9.237378225199649 0.037867559910991166
482989 567.5413931400724 14.487222970455475 - -9.322752565955025 0.01930848918434582
961592 1775.4397174747173 14.530411997724435 - -10.87602659873181 0.010945866357487467
484185 110.73226561697979 14.5970601884462 - -9.237378225199649 0.03532658429901078
2090694 2111.077084533337 14.352591026323587 - -6.796695909587191 0.005235336491625774
523381 638.3344275066404 14.487222970455475 - -9.322752565955025 0.018096662831107224
524470 124.08308250163414 14.5970601884462 - -9.237378225199649 0.03347453466225377
563535 708.9331502935656 14.487222970455475 - -9.322752565955025 0.017199349335169832
1766061 2309.185999841705 14.34434524713439 - -7.021430721326266 0.008780208528363226
564998 138.5486495699376 14.5970601884462 - -9.237378225199649 0.03159082641416926
1122209 2418.062332051544 14.530411997724435 - -10.87602659873181 0.009378325028521975
603663 787.4935875421729 14.487222970455475 - -9.322752565955025 0.016313885228870572
605588 152.54387413491918 14.5970601884462 - -9.237378225199649 0.030519493623827696
643839 859.9449017725042 14.487222970455475 - -9.322752565955025 0.015580156452574876
646644 166.93571908670708 14.5970601884462 - -9.237378225199649 0.0288100688390769
1283809 3089.413449699189 14.530411997724435 - -10.87602659873181 0.008262356224011266
 Adding parameter  x0  with limits  [-5.0, 5.0]
   Adapting  x0
 Adding parameter  x1  with limits  [-5.0, 5.0]
   Adapting  x1
 Adding parameter  x2  with limits  [-5.0, 5.0]
   Adapting  x2
 Adding parameter  x3  with limits  [-5.0, 5.0]
   Adapting  x3
684009 932.645476181906 14.487222970455475 - -9.322752565955025 0.014945518583096841
687084 179.61678732438472 14.5970601884462 - -9.237378225199649 0.027522700416235904
160000 71.63143722194869 14.036358298495706 - -3.882767647279356 0.05815008960706046
725259 1012.9199272688073 14.487222970455475 - -9.322752565955025 0.01438554479377665
2251722 2315.9245556237124 14.352591026323587 - -6.796695909587191 0.0050162410752783194
1926369 2600.9334635410305 14.34434524713439 - -7.021430721326266 0.008300558275573966
320056 656.9073599566725 14.056959708624722 - -3.882965129383183 0.016693765021838457
727771 195.62475273820453 14.5970601884462 - -9.237378225199649 0.026371889982609923
766613 1100.3591564310054 14.487222970455475 - -9.322752565955025 0.013835964473235913
768951 212.98166798553424 14.5970601884462 - -9.237378225199649 0.025535615868317468
480562 1354.9344200679275 14.057439101736025 - -3.882965129383183 0.011467982324516715
806961 1176.8221297770644 14.487222970455475 - -9.322752565955025 0.013332028985249874
809859 227.7997383151157 14.5970601884462 - -9.237378225199649 0.02441754988481652
848001 1252.8208948573565 14.487222970455475 - -9.322752565955025 0.0128940351903341
640859 2101.1247673898056 14.057439101736025 - -3.882965129383183 0.009237369967105717
851115 241.63743329298322 14.5970601884462 - -9.237378225199649 0.023498859265618573
888327 1334.8216656375162 14.487222970455475 - -9.322752565955025 0.012467024646168808
2086529 2892.7507206875216 14.34434524713439 - -7.021430721326266 0.00787120139354467
891493 257.81821792853043 14.5970601884462 - -9.237378225199649 0.022789767831754622
 Adding parameter  x0  with limits  [-5.0, 5.0]
   Adapting  x0
 Adding parameter  x1  with limits  [-5.0, 5.0]
   Adapting  x1
 Adding parameter  x2  with limits  [-5.0, 5.0]
   Adapting  x2
 Adding parameter  x3  with limits  [-5.0, 5.0]
   Adapting  x3
801858 2869.8769529917636 14.057439101736025 - -3.882965129383183 0.007888672877679762
2414286 2186.6421642858795 14.362568813834354 - -6.796695909587191 0.004843859659540573
929537 1417.3432252851367 14.487222970455475 - -9.322752565955025 0.012123977172121195
160000 2.7776460671963124 14.299028411891044 - -5.075173815233827 0.5517436133285274
932781 272.5462029354315 14.5970601884462 - -9.237378225199649 0.02198661860209359
320130 12.297030377485147 14.40814878120907 - -8.674128561819776 0.16837617683106518
969587 1497.0691091755562 14.487222970455475 - -9.322752565955025 0.011770612871118559
480290 51.745249828969534 14.557640206777656 - -9.76842089776898 0.057319702208038524
962940 3629.0963641142685 14.05752870475873 - -3.882965129383183 0.007007463800299209
973631 288.02801718842306 14.5970601884462 - -9.237378225199649 0.021389070273648322
1010737 1580.3496899191723 14.487222970455475 - -9.322752565955025 0.011475053913847871
640298 185.55780043417704 14.564090867694786 - -9.76842089776898 0.025971767076594366
2248401 3132.1980997741443 14.345431422384847 - -7.021430721326266 0.007529510029923417
1014606 302.1077548788687 14.5970601884462 - -9.237378225199649 0.020742290213399007
800930 352.0621159643733 14.564090867694786 - -9.76842089776898 0.01921355660339511
2575533 2356.9572302151378 14.362568813834354 - -6.796695909587191 0.004639001121132191
961820 512.2484613577112 14.56735246575345 - -9.76842089776898 0.015783692690248555
1122860 694.0634405716328 14.56735246575345 - -9.76842089776898 0.013557002939562423
 Adding parameter  x0  with limits  [-5.0, 5.0]
   Adapting  x0
 Adding parameter  x1  with limits  [-5.0, 5.0]
   Adapting  x1
 Adding parameter  x2  with limits  [-5.0, 5.0]
   Adapting  x2
 Adding parameter  x3  with limits  [-5.0, 5.0]
   Adapting  x3
40000 1.0061548568624867 14.239016881099317 - -3.6888794541139363 0.9933962685862813
1283288 870.4980712542858 14.56735246575345 - -9.76842089776898 0.011879662914581141
80053 3.109775771209122 14.240055173184828 - -5.736959319350758 0.4887830008853952
120149 7.607949951526065 14.363953591021703 - -7.720440469884683 0.2028282804426948
160277 17.65476195141735 14.45048494332701 - -9.166957022134262 0.09501679755088664
200471 57.77531463329973 14.476501304701863 - -9.167581339307654 0.05012205083102106
 Adding parameter  x0  with limits  [-5.0, 5.0]
   Adapting  x0
 Adding parameter  x1  with limits  [-5.0, 5.0]
   Adapting  x1
 Adding parameter  x2  with limits  [-5.0, 5.0]
   Adapting  x2
 Adding parameter  x3  with limits  [-5.0, 5.0]
   Adapting  x3
 Adding parameter  x0  with limits  [-5.0, 5.0]
   Adapting  x0
 Adding parameter  x1  with limits  [-5.0, 5.0]
   Adapting  x1
 Adding parameter  x2  with limits  [-5.0, 5.0]
   Adapting  x2
 Adding parameter  x3  with limits  [-5.0, 5.0]
   Adapting  x3
240971 108.35973838648381 14.476501304701863 - -9.167581339307654 0.03498427519586891
 Adding parameter  x0  with limits  [-5.0, 5.0]
   Adapting  x0
 Adding parameter  x1  with limits  [-5.0, 5.0]
   Adapting  x1
 Adding parameter  x2  with limits  [-5.0, 5.0]
   Adapting  x2
 Adding parameter  x3  with limits  [-5.0, 5.0]
   Adapting  x3
280991 151.0471299054244 14.480578858729091 - -9.167581339307654 0.029374141109028085
40000 1.6047465209022524 14.142433223663087 - -3.6888794541139363 0.6818292067263075
321141 201.46239172663928 14.480578858729091 - -9.167581339307654 0.025363819009905517
80032 2.0441982426821665 14.3728544903318 - -6.005466066743796 0.5449779051263971
160000 2.5431138881307085 14.1350479042747 - -5.075173815233827 0.5068966558058912
160000 4.769202248690332 14.226634406873838 - -5.075173815233827 0.2769253235852128
120113 3.8832593369313546 14.49108011063662 - -8.225430131049505 0.3514824365505616
361897 228.42178741859027 14.487557264029132 - -9.167581339307654 0.02272962255428257
1443348 946.0994422429144 14.574637774065655 - -9.76842089776898 0.010694632091528204
160148 24.00203349224258 14.49108011063662 - -9.742743362743875 0.11288388441274216
200188 75.29676860414108 14.519350431422323 - -9.743065026822132 0.051776168729231374
402118 270.574889494714 14.489070094967161 - -9.167581339307654 0.020806905793522273
320004 8.062360481333279 14.410503707348843 - -8.391103752916278 0.22889415253106168
320035 131.10890935205524 14.24711572522566 - -5.938653767806237 0.04226523776117765
240508 129.55690930846654 14.520400331034734 - -9.743065026822132 0.03837360679626773
2738268 2535.288265191377 14.362568813834354 - -6.796695909587191 0.004472424008447706
280956 153.23687204269964 14.53581828839105 - -9.743065026822132 0.03337120791831868
442778 290.14104170424855 14.4960294399648 - -9.167581339307654 0.019289427810906503
321052 212.08420383417948 14.53581828839105 - -9.743065026822132 0.028934270985789785
480180 65.46520127875867 14.497600943706535 - -9.75945445267061 0.05116843001634981
483063 332.99964764213416 14.4960294399648 - -9.167581339307654 0.018199802683090335
480055 433.83927738809354 14.25023090936987 - -5.938653767806237 0.02167206346372176
1603956 1105.7962821383985 14.574637774065655 - -9.76842089776898 0.009848954227278512
361232 264.97831790644597 14.53581828839105 - -9.743065026822132 0.025853596764953614
523191 377.15222471777554 14.4960294399648 - -9.167581339307654 0.016905700081058194
401988 318.16358042118304 14.53581828839105 - -9.743065026822132 0.0235272391510821
640361 322.65459695868657 14.504924993680028 - -9.75961155939353 0.02217477239191191
564342 421.8039532567806 14.4960294399648 - -9.167581339307654 0.016003029307997213
442828 371.6379433802529 14.53581828839105 - -9.743065026822132 0.02190304472867329
640615 714.9948103464644 14.255336599069082 - -5.938653767806237 0.0162596456780453
604722 468.7985935752975 14.4960294399648 - -9.167581339307654 0.015267626798434181
483856 429.14500388124674 14.53581828839105 - -9.743065026822132 0.020260639125467942
800878 598.1873219306759 14.504924993680028 - -9.75961155939353 0.016339463961663653
645003 514.0011869178061 14.4960294399648 - -9.167581339307654 0.014572682669231327
524421 493.24290593770803 14.53581828839105 - -9.743065026822132 0.019326475487483546
1765056 1278.1160856973843 14.574637774065655 - -9.76842089776898 0.009180072252418101
800882 1037.0847494532716 14.255336599069082 - -5.938653767806237 0.013527657527433729
685519 541.6242908065909 14.498223500958163 - -9.167581339307654 0.01399918466593412
565546 547.563008826725 14.53581828839105 - -9.743065026822132 0.018220293432094487
962008 890.1611611987687 14.504924993680028 - -9.75961155939353 0.013236239321253417
726073 585.6800552580596 14.498223500958163 - -9.167581339307654 0.013373332429559735
606532 606.024937372675 14.53581828839105 - -9.743065026822132 0.01728487695342811
766737 629.5995213480239 14.498223500958163 - -9.167581339307654 0.012767757203213083
960890 1363.145198477556 14.255336599069082 - -5.938653767806237 0.011812118855929742
1122658 1178.4508971561975 14.505360744593728 - -9.75961155939353 0.011416261532525918
647049 662.7840835149879 14.53581828839105 - -9.743065026822132 0.01648925418781258
807817 675.9774360475665 14.498223500958163 - -9.167581339307654 0.01222687444079631
2899026 2703.404087326111 14.362568813834354 - -6.796695909587191 0.0043242744998698845
687659 726.8981040309523 14.53581828839105 - -9.743065026822132 0.015836158267053747
848642 725.8082728219678 14.498223500958163 - -9.167581339307654 0.011808237015389004
1283683 1482.8945068228202 14.505360744593728 - -9.75961155939353 0.010093801623453127
1925706 1448.784569361606 14.574637774065655 - -9.76842089776898 0.008620136249595756
727882 788.2575073273225 14.53581828839105 - -9.743065026822132 0.015147650855899303
1121176 1711.0748124229845 14.255336599069082 - -5.938653767806237 0.010544625628790794
889346 772.6319271991669 14.498223500958163 - -9.167581339307654 0.011414486993226667
768454 856.5002901269023 14.53581828839105 - -9.743065026822132 0.014584991088363431
929527 813.4807271465709 14.498223500958163 - -9.167581339307654 0.011088537918751746
1443703 1793.8613439229593 14.505360744593728 - -9.75961155939353 0.009164549354635334
809502 922.6818603839671 14.53581828839105 - -9.743065026822132 0.014101576039523696
970950 863.5800733671945 14.498223500958163 - -9.167581339307654 0.010867534035904762
1282190 2057.9440114666863 14.255415369653178 - -5.938653767806237 0.00963820743459203
850623 985.2175228323331 14.53581828839105 - -9.743065026822132 0.013617904528603975
1012626 913.4237987762107 14.498223500958163 - -9.167581339307654 0.010666279791189306
2086836 1628.2955829195698 14.574637774065655 - -9.76842089776898 0.008132643490161674
1603915 2096.5428523777377 14.506057230563943 - -9.75961155939353 0.00841154779861422
891599 1050.030570684359 14.53581828839105 - -9.743065026822132 0.013205841271695936
1442835 2392.569977421859 14.255415369653178 - -5.938653767806237 0.008930722063647483
3061842 2881.816299199824 14.362568813834354 - -6.796695909587191 0.004184529841022133
933017 1117.0363202391843 14.53581828839105 - -9.743065026822132 0.012827269361573948
1764661 2378.734277367867 14.5071610326546 - -9.75961155939353 0.007790403195147743
974192 1179.20508437267 14.53581828839105 - -9.743065026822132 0.012466957155747234
2247150 1809.0685630888736 14.574637774065655 - -9.76842089776898 0.007801042570105356
1602975 2749.7643180610185 14.255415369653178 - -5.938653767806237 0.00832818412964649
1015088 1241.476540139147 14.53581828839105 - -9.743065026822132 0.012134609019432129
1926571 2701.0045516738473 14.5071610326546 - -9.75961155939353 0.007273932376813924
 Adding parameter  x0  with limits  [-5.0, 5.0]
   Adapting  x0
 Adding parameter  x1  with limits  [-5.0, 5.0]
   Adapting  x1
 Adding parameter  x2  with limits  [-5.0, 5.0]
   Adapting  x2
 Adding parameter  x3  with limits  [-5.0, 5.0]
   Adapting  x3
40000 1.74024584793426 13.930404717534815 - -3.6888794541139363 0.7133236086874398
80050 1.8603447860399513 14.19399597348328 - -5.352047688969004 0.6072792013242793
120070 1.4002061329118674 14.408522571119173 - -6.891492229582569 0.7250024711117611
160114 6.753982888374072 14.408522571119173 - -8.39356762368817 0.2627106480968407
200294 6.712721539443843 14.572028520213324 - -9.842602014629247 0.2379125203801077
240452 16.512402053085648 14.596419019525445 - -10.596769754087262 0.12377951665195364
280852 37.90720412408663 14.603233706100223 - -10.59696953432966 0.0721407113528997
321152 62.124363925325824 14.603233706100223 - -10.597211518601863 0.05346308154417679
361871 86.85256468102934 14.603233706100223 - -10.597211518601863 0.0456542910625534
1763760 3118.6980141471327 14.255415369653178 - -5.938653767806237 0.007820938574191414
2088007 3026.019114628527 14.5071610326546 - -9.75961155939353 0.0068705546592519925
402821 111.06485929126433 14.603233706100223 - -10.597211518601863 0.04005651642419616
2407360 1984.4284890585927 14.574819196528296 - -9.76842089776898 0.007503966571187267
443780 134.1006726993508 14.603233706100223 - -10.597211518601863 0.035834905123087214
484206 155.8641378089991 14.603233706100223 - -10.597211518601863 0.03284853416583603
524940 181.5208929569762 14.603233706100223 - -10.597211518601863 0.02975629045169747
3223198 3058.9684734780244 14.362568813834354 - -6.796695909587191 0.004059730410541734
565453 206.28950073785185 14.603233706100223 - -10.597211518601863 0.02794933641205826
606585 235.55257129622515 14.603233706100223 - -10.597211518601863 0.026862936297010805
647431 263.787728025138 14.603233706100223 - -10.597211518601863 0.02544899978684628
688756 289.60285445584645 14.603233706100223 - -10.597211518601863 0.02413213840746293
 Adding parameter  x0  with limits  [-5.0, 5.0]
   Adapting  x0
 Adding parameter  x1  with limits  [-5.0, 5.0]
   Adapting  x1
 Adding parameter  x2  with limits  [-5.0, 5.0]
   Adapting  x2
 Adding parameter  x3  with limits  [-5.0, 5.0]
   Adapting  x3
40000 2.235278055112643 13.992972647992241 - -3.6888794541139363 0.6011641411057408
729892 312.52537730360456 14.603233706100223 - -10.597211518601863 0.02313920141273552
80120 2.423844735851562 14.268726392540811 - -5.962344648534129 0.46403050988943184
120152 6.627487665092206 14.430403325341045 - -8.19246656979446 0.21797050312178315
160192 52.96611865639808 14.430403325341045 - -8.66944176401555 0.06555958839121216
771177 338.24143690521475 14.603233706100223 - -10.597211518601863 0.02206516548220047
200327 118.8163378058602 14.436092231185539 - -8.669593417033736 0.04210524769015364
240775 183.84909906853304 14.441955120205689 - -8.669593417033736 0.03360360306173098
811635 362.628947157738 14.603233706100223 - -10.597211518601863 0.021287927213978
281159 252.979048212558 14.441955120205689 - -8.669593417033736 0.028554102853993842
853523 388.94736647768383 14.603233706100223 - -10.597211518601863 0.0205104504538561
321364 327.34108566727883 14.441955120205689 - -8.669593417033736 0.02507972737028586
2568690 2168.6490419796646 14.574819196528296 - -9.76842089776898 0.007170059363790961
895334 413.0193381824731 14.603233706100223 - -10.597211518601863 0.019789081324424324
361764 408.9755083291683 14.441955120205689 - -8.669593417033736 0.022538259290586157
401922 486.27594096953135 14.441955120205689 - -8.669593417033736 0.02047995330020393
935654 438.51439652947823 14.603233706100223 - -10.597211518601863 0.0191541686658154
442326 539.6098011668831 14.445965450248151 - -8.669593417033736 0.019096276358797334
976694 465.99936705154 14.603233706100223 - -10.597211518601863 0.018570980312008455
 Adding parameter  x0  with limits  [-5.0, 5.0]
   Adapting  x0
 Adding parameter  x1  with limits  [-5.0, 5.0]
   Adapting  x1
 Adding parameter  x2  with limits  [-5.0, 5.0]
   Adapting  x2
 Adding parameter  x3  with limits  [-5.0, 5.0]
   Adapting  x3
482806 621.9440154704255 14.445965450248151 - -8.669593417033736 0.017840447790894148
 Adding parameter  x0  with limits  [-5.0, 5.0]
   Adapting  x0
 Adding parameter  x1  with limits  [-5.0, 5.0]
   Adapting  x1
 Adding parameter  x2  with limits  [-5.0, 5.0]
   Adapting  x2
 Adding parameter  x3  with limits  [-5.0, 5.0]
   Adapting  x3
1016898 489.6865989760667 14.603233706100223 - -10.597211518601863 0.017995756884596613
160000 7.896300702074418 14.16828402664655 - -5.075173815233827 0.2101651378458985
523124 699.0366597395584 14.445965450248151 - -8.669593417033736 0.016793963669958858
160000 3.155467875667013 14.032185356259026 - -5.075173815233827 0.42016740964731425
320140 38.12933178063355 14.327914137448353 - -5.957614692384777 0.059046301643841864
563948 778.3036930921419 14.445965450248151 - -8.669593417033736 0.015938429456921813
320132 8.764529880214564 14.409450499636518 - -8.685469912969605 0.20155220271523006
480664 133.96774337726853 14.327914137448353 - -5.957614692384777 0.030949719455500107
605003 861.0449909104977 14.445965450248151 - -8.669593417033736 0.015203212026837911
 Adding parameter  x0  with limits  [-5.0, 5.0]
   Adapting  x0
 Adding parameter  x1  with limits  [-5.0, 5.0]
   Adapting  x1
 Adding parameter  x2  with limits  [-5.0, 5.0]
   Adapting  x2
 Adding parameter  x3  with limits  [-5.0, 5.0]
   Adapting  x3
10000 1.019176749854462 11.466488089219405 - -2.3025850929940455 0.9808548087058921
20115 1.8077578436386963 13.960539310617335 - -3.6111881463980646 0.6973736819042828
480247 194.83145087083952 14.46159712441889 - -9.691667468755707 0.03033762740470642
30172 1.018097739715966 14.286546997313618 - -4.902622226493995 0.981793160071019
40234 2.4396323878854655 14.286947811195082 - -6.175467895106307 0.5996998453621958
50244 2.864282731034523 14.286947811195082 - -7.349187656261222 0.5161443418650805
60308 2.9389637196184775 14.513715447797198 - -8.466294527565495 0.4458802745604929
70316 6.581944122285993 14.513715447797198 - -9.55989427441006 0.26462180322358925
80321 12.614706131292095 14.554354781079827 - -10.624605011402489 0.16426106659670434
90401 16.559354112800108 14.61195767194099 - -11.260367508181481 0.11201116629084888
100481 38.3999528683022 14.61195767194099 - -11.261172553173305 0.07734833127862643
110721 59.87465255861555 14.61195767194099 - -11.261172553173305 0.06089924986992909
120786 61.02310112208704 14.634667378135077 - -11.261172553173305 0.05358696564550555
130849 77.16559443317854 14.634667378135077 - -11.261172553173305 0.04709980862073419
646075 948.04264089405 14.445965450248151 - -8.669593417033736 0.014556079579707698
141015 76.62278266537626 14.650028993774491 - -11.261172553173305 0.04468539418773899
640974 235.17233466954912 14.327914137448353 - -5.957614692384777 0.022215925905472424
151069 90.02431266275315 14.650028993774491 - -11.261172553173305 0.04160372158934257
640639 659.3224266042924 14.473766695692413 - -9.691667468755707 0.015537545975075402
2730219 2345.197671432526 14.574819196528296 - -9.76842089776898 0.006852424438066519
161107 101.84926069997266 14.650028993774491 - -11.261172553173305 0.03835410808475071
171147 117.79897453404631 14.650028993774491 - -11.261172553173305 0.03584876531365129
181540 131.8562670248587 14.650028993774491 - -11.261172553173305 0.03417135028702227
191728 144.36627680247057 14.650028993774491 - -11.261172553173305 0.032318508908448174
686964 1022.9220579646101 14.445965450248151 - -8.669593417033736 0.013996745225398002
202240 159.73124596327213 14.650028993774491 - -11.261172553173305 0.030585232689048714
212336 172.71627372523255 14.650028993774491 - -11.261172553173305 0.02975696944610027
802170 274.81271915664973 14.34302333125955 - -5.957614692384777 0.018303198068193555
801130 1220.97587410845 14.473766695692413 - -9.691667468755707 0.011425061467120481
222400 186.13271443371664 14.650028993774491 - -11.261172553173305 0.02840411620553089
232435 200.12393167910255 14.650028993774491 - -11.261172553173305 0.02732205575033798
727344 1109.729588177276 14.445965450248151 - -8.669593417033736 0.013489666496973547
242710 214.2572929617164 14.650028993774491 - -11.261172553173305 0.026400430488356882
252955 228.45861719285514 14.650028993774491 - -11.261172553173305 0.025357206451515877
767784 1196.105874481735 14.445965450248151 - -8.669593417033736 0.013007041775084825
962152 1789.7210476845835 14.474240278624 - -9.691667468755707 0.009418342510982954
 Adding parameter  x0  with limits  [-5.0, 5.0]
   Adapting  x0
 Adding parameter  x1  with limits  [-5.0, 5.0]
   Adapting  x1
 Adding parameter  x2  with limits  [-5.0, 5.0]
   Adapting  x2
 Adding parameter  x3  with limits  [-5.0, 5.0]
   Adapting  x3
963082 364.0541539938054 14.34302333125955 - -5.957614692384777 0.01598536876801306
40000 1.5780815390678855 13.912194889285107 - -3.6888794541139363 0.7053633922659717
80086 3.138747320694079 14.37078672931636 - -5.988359732154503 0.40920750975784476
120211 8.747249115013602 14.402051957513343 - -8.284222279387722 0.182692702097254
160336 67.56584967206983 14.43095840871393 - -9.275317400253401 0.0548546736084031
200337 189.9504707021747 14.443025689937832 - -9.275317400253401 0.03079686917904889
808123 1280.1773976569773 14.445965450248151 - -8.669593417033736 0.01260864890533746
240513 322.1326315957043 14.447747174919149 - -9.275317400253401 0.022738015000255716
280608 476.33735522888657 14.447747174919149 - -9.275317400253401 0.01859521157952689
1122326 2387.4297017751364 14.474240278624 - -9.691667468755707 0.008171574561834581
320652 630.1750210189093 14.447747174919149 - -9.275317400253401 0.016142013862908998
1123975 456.8689808170997 14.34302333125955 - -5.957614692384777 0.014646305402666553
848331 1361.9460520524926 14.445965450248151 - -8.669593417033736 0.012190703407948254
360952 792.7771543994992 14.447747174919149 - -9.275317400253401 0.014449354540936555
2892292 2475.3139341616375 14.57655025819513 - -9.76842089776898 0.006619599547501227
401384 582.5866791025724 14.482247149737503 - -9.275317400253401 0.013339196782933958
889101 1443.321286260642 14.445965450248151 - -8.669593417033736 0.011816125388269944
441424 685.0828573509011 14.482247149737503 - -9.275317400253401 0.012368667651022836
1283361 2980.696852885897 14.474843774238359 - -9.691667468755707 0.0073038506558074645
482224 785.2178850994231 14.482247149737503 - -9.275317400253401 0.01156203788726077
1284331 555.6280556467724 14.34302333125955 - -5.957614692384777 0.013513336995857158
929297 1529.4017701072848 14.445965450248151 - -8.669593417033736 0.011511663935683649
522264 489.57335367587876 14.523355479485666 - -9.275317400253401 0.011177041857948345
 Adding parameter  x0  with limits  [-5.0, 5.0]
   Adapting  x0
 Adding parameter  x1  with limits  [-5.0, 5.0]
   Adapting  x1
 Adding parameter  x2  with limits  [-5.0, 5.0]
   Adapting  x2
 Adding parameter  x3  with limits  [-5.0, 5.0]
   Adapting  x3
10000 1.0 11.711000934033558 - -2.3025850929940455 0.999499874937461
20010 1.0000000000013294 11.711000934033558 - -3.379633203746315 0.9994998749361308
30150 1.000152648893317 13.5132689762892 - -4.386495633804857 0.9993471846153998
562641 546.2640921173943 14.523355479485666 - -9.275317400253401 0.010598598417492888
40298 1.000198915532671 13.5132689762892 - -5.394453554204836 0.9993009120356631
50448 1.0150743255270345 14.05420998454958 - -6.40423462916633 0.9847451894798394
60588 2.257714796412016 14.0841682439274 - -7.362818273230737 0.5687266320451525
70668 1.0446266358624423 14.497217151426941 - -8.308667807346437 0.9573088356503123
80678 2.315161007273505 14.571761171716108 - -9.184553124585552 0.5540787254400804
90814 4.138617738865524 14.571761171716108 - -10.015721603042872 0.36470966380673836
100858 4.518561659971123 14.613534672157632 - -10.859441642082192 0.3162806997071486
110875 8.69260175884528 14.649637330479754 - -11.69365426292074 0.23196411935412933
121050 18.20938895995251 14.649637330479754 - -12.522642666392098 0.14798630482284925
131173 26.202901884101102 14.697138191729774 - -13.331348187586316 0.10625521033199134
970117 1617.5328612405472 14.445965450248151 - -8.669593417033736 0.011229863660855871
141309 52.15495085466962 14.710818042759692 - -13.447655934064377 0.06730597716133949
151449 84.4408356071686 14.710818042759692 - -13.447655934064377 0.053184306592282425
1444081 3630.2996921811127 14.474843774238359 - -9.691667468755707 0.0066498223936773725
161524 118.90207655566033 14.710818042759692 - -13.447655934064377 0.044121207193751885
171716 152.24512754974248 14.710818042759692 - -13.447655934064377 0.039227772498683304
602801 523.591279848154 14.533171251516748 - -9.275317400253401 0.010307356062068366
181964 188.4477383981805 14.710818042759692 - -13.447655934064377 0.03542065642428675
192216 219.84425551287364 14.710818042759692 - -13.447655934064377 0.0324617947478775
202456 256.3301335669945 14.710818042759692 - -13.447655934064377 0.030359936851845765
212887 296.3798593399964 14.710818042759692 - -13.447655934064377 0.028422650551809103
223413 333.1548928296862 14.710818042759692 - -13.447655934064377 0.026827000297731576
1446001 653.3903629808201 14.34302333125955 - -5.957614692384777 0.012606889014216562
233817 371.26532372817655 14.710818042759692 - -13.447655934064377 0.025285551615240986
244238 412.1636188025967 14.710818042759692 - -13.447655934064377 0.02400901486359901
254686 452.0272382152375 14.711062667334142 - -13.447655934064377 0.02312070303566738
643233 556.0579441086729 14.535498767996726 - -9.275317400253401 0.010102442641734669
1011431 1715.2941275862725 14.445965450248151 - -8.669593417033736 0.01091409716279641
3053362 2656.33629052868 14.57655025819513 - -9.76842089776898 0.006390546878181711
683661 603.9311197205515 14.535498767996726 - -9.275317400253401 0.009805848221580414
724226 650.4555254505483 14.535498767996726 - -9.275317400253401 0.009421170146269964
1608030 751.481269590428 14.34302333125955 - -5.957614692384777 0.011776102086730399
764550 699.6741362211137 14.535498767996726 - -9.275317400253401 0.009098771196745284
804934 748.5884282003908 14.535498767996726 - -9.275317400253401 0.008777975702743199
 Adding parameter  x0  with limits  [-5.0, 5.0]
   Adapting  x0
 Adding parameter  x1  with limits  [-5.0, 5.0]
   Adapting  x1
 Adding parameter  x2  with limits  [-5.0, 5.0]
   Adapting  x2
 Adding parameter  x3  with limits  [-5.0, 5.0]
   Adapting  x3
1768240 846.8243696453834 14.34302333125955 - -5.957614692384777 0.011063636160240945
845482 667.4235031348144 14.547888090162996 - -9.275317400253401 0.00876177065650756
160000 1.327577902508773 14.049073203720937 - -5.075173815233827 0.7869746199596019
 Adding parameter  x0  with limits  [-5.0, 5.0]
   Adapting  x0
 Adding parameter  x1  with limits  [-5.0, 5.0]
   Adapting  x1
 Adding parameter  x2  with limits  [-5.0, 5.0]
   Adapting  x2
 Adding parameter  x3  with limits  [-5.0, 5.0]
   Adapting  x3
10000 1.3795237483565381 7.158509684133567 - -2.3025850929940455 0.7746911896567021
20030 1.0000025754168465 12.924983173126773 - -3.5667118201397288 0.9994972982405707
30063 1.0003416860516448 13.584238983803393 - -4.722649175427108 0.999158163925763
40145 1.0791692244134674 13.83096714067517 - -5.799356628707168 0.9274393356591145
50270 1.0057993173860849 14.56592027316699 - -6.875382418702482 0.9937465459895694
60378 1.1610851947693632 14.56592027316699 - -7.943191798215546 0.8689365091556615
320160 2.061905906214523 14.468430022118557 - -8.207183707080366 0.5092950269727177
70386 1.4595428179759184 14.56592027316699 - -8.979928683165568 0.696891257892395
80466 5.764603801094953 14.565960140521511 - -10.003458165709322 0.32684538410706093
90530 10.674229486844883 14.604955173428605 - -11.07057978728606 0.187408113292737
3215410 2833.8037435642555 14.576618459360379 - -9.76842089776898 0.006183414146529003
100673 10.693522598298781 14.682534997127862 - -12.07853770768604 0.15127166448915635
110684 21.571982715959454 14.702435569315492 - -12.431719377754941 0.09656441555094454
120784 23.391980171396582 14.738436359246158 - -12.43226079628468 0.08568244044830282
 Adding parameter  x0  with limits  [-5.0, 5.0]
   Adapting  x0
 Adding parameter  x1  with limits  [-5.0, 5.0]
   Adapting  x1
 Adding parameter  x2  with limits  [-5.0, 5.0]
   Adapting  x2
 Adding parameter  x3  with limits  [-5.0, 5.0]
   Adapting  x3
130885 27.189250545707342 14.75251688248623 - -12.43226079628468 0.0740948403375675
141017 36.80347056602831 14.75251688248623 - -12.43226079628468 0.06252552536124939
40000 1.6936554621981852 13.994362045323184 - -3.6888794541139363 0.6268589387420178
151370 46.00056405790281 14.75251688248623 - -12.43226079628468 0.056854594999599266
885922 707.6949292620536 14.547888090162996 - -9.275317400253401 0.008528021090897762
80004 3.1991903680366596 14.351633817067675 - -5.954904291796179 0.4065855516617342
161614 55.0814206440995 14.75251688248623 - -12.43226079628468 0.05078044545626333
480224 6.509722152079875 14.632644793783447 - -11.024033234425012 0.20529926876362636
171694 64.01571786137107 14.75251688248623 - -12.43226079628468 0.04641074456383149
120044 16.98860686425293 14.351633817067675 - -8.134078039874991 0.13545247708060998
182056 74.02250291435924 14.75251688248623 - -12.43226079628468 0.04411209918733144
160097 33.46807444854353 14.444913066306857 - -8.511450301526427 0.06462530416088175
192304 83.65839996331074 14.75251688248623 - -12.43226079628468 0.04081205186735878
202464 93.28163603105995 14.75251688248623 - -12.43226079628468 0.038319006176997884
200279 28.680514714999767 14.525861350647393 - -8.511450301526427 0.06381911373985467
212924 104.01649482897028 14.75251688248623 - -12.43226079628468 0.036310841795418936
640480 77.16615696563386 14.643994001704 - -11.024511563471362 0.05287380900301625
240727 47.9494109413862 14.525861350647393 - -8.511450301526427 0.05095184198522953
223148 112.77089095293526 14.75251688248623 - -12.43226079628468 0.03437367789457973
233178 123.63538542788277 14.75251688248623 - -12.43226079628468 0.03380631661161982
280841 63.878494087581224 14.525861350647393 - -8.511450301526427 0.04072137891601193
243446 133.31502424616656 14.75251688248623 - -12.43226079628468 0.031971509925840386
926842 749.6016282229106 14.547888090162996 - -9.275317400253401 0.008340593478398101
253590 142.93067002158764 14.75251688248623 - -12.43226079628468 0.030976276139476913
320909 80.53457930451253 14.525861350647393 - -8.511450301526427 0.035895230645005105
801134 149.17893058030882 14.658986698048809 - -11.024511563471362 0.03830396745410296
1930168 946.3375741495264 14.34302333125955 - -5.957614692384777 0.01040473656193052
361236 99.04139008616059 14.525861350647393 - -8.511450301526427 0.03141551568200462
401421 118.17733656871363 14.525861350647393 - -8.511450301526427 0.030073936515028692
961968 224.69101619561894 14.661732514593561 - -11.024511563471362 0.03126223284758492
967181 789.5191045440059 14.547888090162996 - -9.275317400253401 0.008154793951193966
442119 138.34172881602794 14.525861350647393 - -8.511450301526427 0.027778883316712112
482959 159.10970945639164 14.525861350647393 - -8.511450301526427 0.02660702982098201
1123632 293.51977268003355 14.665115400965826 - -11.024511563471362 0.02652317209783451
523695 179.3622123383141 14.525861350647393 - -8.511450301526427 0.025118759461973183
1008257 831.764304448507 14.547888090162996 - -9.275317400253401 0.0080296561833288
564555 197.37897074033228 14.525861350647393 - -8.511450301526427 0.023609564032174582
1284669 376.2635677550627 14.665115400965826 - -11.024511563471362 0.023414959986558407
605321 216.5699006300049 14.525861350647393 - -8.511450301526427 0.022229554346095578
3377182 3006.918927797316 14.576991228774409 - -9.76842089776898 0.006018371618924147
2091283 1046.4335427363444 14.34302333125955 - -5.957614692384777 0.009820957004323205
646439 236.27986723657637 14.525861350647393 - -8.511450301526427 0.021115907774035096
1445583 459.5943505115713 14.665115400965826 - -11.024511563471362 0.02119707340050228
686770 231.72144871841297 14.533039953829334 - -8.511450301526427 0.020611708204453103
 Adding parameter  x0  with limits  [-5.0, 5.0]
   Adapting  x0
 Adding parameter  x1  with limits  [-5.0, 5.0]
   Adapting  x1
 Adding parameter  x2  with limits  [-5.0, 5.0]
   Adapting  x2
 Adding parameter  x3  with limits  [-5.0, 5.0]
   Adapting  x3
10000 1.000276015863358 12.488153746914392 - -2.3025850929940455 0.9992238352242871
20005 1.9391839111736142 12.744063474956759 - -3.4585224482814247 0.6932055039894666
727210 238.2184998770273 14.536906667437577 - -8.511450301526427 0.020164661670277122
30037 1.000111009482781 13.802643991843052 - -4.559132739612207 0.9993888242879599
40135 1.523514520227318 14.175018652143724 - -5.663064189757917 0.7362598858336782
50275 1.0484067483308253 14.427454773447085 - -6.682993956391559 0.9537502846732149
60355 3.3087726159970474 14.427454773447085 - -7.722210035103012 0.44687379448814324
1607007 538.0101727673513 14.665115400965826 - -11.024511563471362 0.019587795108832053
70447 2.2317235936998556 14.548299394216158 - -8.73016795550299 0.4809318416532258
80512 5.866766972649607 14.548299394216158 - -9.697531957561146 0.2593404924833986
90664 12.445465505112946 14.559328676423895 - -10.635192715171494 0.1534580227430165
100753 30.995333612439893 14.559328676423895 - -11.34876480058348 0.09033665757643117
110945 74.19918782110906 14.559328676423895 - -11.349822815141705 0.05841239262848495
121145 113.53552465506093 14.559328676423895 - -11.349822815141705 0.046064968423460494
131253 144.62307210456555 14.563947235941452 - -11.349822815141705 0.03958403989757419
141549 190.04082728609666 14.563947235941452 - -11.349822815141705 0.034611553390526226
151853 231.27495507925252 14.563947235941452 - -11.349822815141705 0.031430019640452576
161893 271.8617325833978 14.563947235941452 - -11.349822815141705 0.028954065455405652
768490 258.46709611194257 14.536906667437577 - -8.511450301526427 0.019545739937074365
172058 312.3267762772589 14.563947235941452 - -11.349822815141705 0.026894823270380397
182426 353.4495495384522 14.563947235941452 - -11.349822815141705 0.02517632659598426
192796 395.5230454976032 14.563947235941452 - -11.349822815141705 0.02384329120222217
202892 438.63299240893303 14.563947235941452 - -11.349822815141705 0.022594153645672452
213436 480.4271062173436 14.563947235941452 - -11.349822815141705 0.021427347656283957
223606 517.6543194277469 14.563947235941452 - -11.349822815141705 0.020531553876652838
234241 562.8557463867061 14.563947235941452 - -11.349822815141705 0.01957003480305192
1767338 623.3534747657906 14.665115400965826 - -11.024511563471362 0.018303385125124094
2252389 1065.151368631833 14.348301859701605 - -5.957614692384777 0.009420746884494843
809380 276.21662655575545 14.536906667437577 - -8.511450301526427 0.018787312012747005
244447 609.3542825733047 14.563947235941452 - -11.349822815141705 0.01889695756846611
254835 652.279085459629 14.563947235941452 - -11.349822815141705 0.018228424210585403
 Adding parameter  x0  with limits  [-5.0, 5.0]
   Adapting  x0
 Adding parameter  x1  with limits  [-5.0, 5.0]
   Adapting  x1
 Adding parameter  x2  with limits  [-5.0, 5.0]
   Adapting  x2
 Adding parameter  x3  with limits  [-5.0, 5.0]
   Adapting  x3
10000 1.0000000000000056 12.657284350689393 - -2.3025850929940455 0.9994998749374553
849812 295.19007322750065 14.536906667437577 - -8.511450301526427 0.01801565762426424
20048 1.0000045273543883 12.657284350689393 - -3.4882920885130893 0.999495345348446
30137 1.108148631041711 13.89198153766359 - -4.541907011250463 0.9071004240694762
40207 1.154503373168677 13.89198153766359 - -5.527350601812935 0.8715064216558133
50382 2.5227696034934053 14.18747568228412 - -6.538951513491415 0.527036722863253
60558 2.006474674487694 14.509001206089033 - -7.513511153489545 0.697258060027259
70616 2.4924830875152466 14.509001206089033 - -8.376822960572813 0.5890501485015376
80741 3.8912475287631265 14.528321994719771 - -9.220112799562479 0.3932529411251195
90788 3.3561141557903507 14.614854877613954 - -10.117016817636443 0.39789494942234466
100838 6.316398289939022 14.625885049399326 - -10.976948815841215 0.2602625521373183
110981 13.273986577975386 14.625885049399326 - -11.840260622924482 0.15442581125189359
121124 26.8243747453311 14.64534677613848 - -12.449645644126504 0.09921866057616996
131249 40.28193952798762 14.669207152570333 - -12.449645644126504 0.06989246430702155
141545 53.4493150151264 14.678917155242184 - -12.449645644126504 0.060074491797900406
151670 71.26025292176753 14.678917155242184 - -12.449645644126504 0.05261662366489342
1929194 707.1014165411741 14.665115400965826 - -11.024511563471362 0.016987579425791478
161721 88.5044567978043 14.678917155242184 - -12.449645644126504 0.04633090928987464
171822 105.8663942155386 14.679173262609208 - -12.449645644126504 0.04208687491545874
181987 129.0695148592637 14.679173262609208 - -12.449645644126504 0.03940460496749776
192427 145.71699508325915 14.679173262609208 - -12.449645644126504 0.03603357073020651
890852 312.6876111013816 14.536906667437577 - -8.511450301526427 0.01742988082289546
202950 134.63290350977155 14.693717424948744 - -12.449645644126504 0.03425846308884792
213238 151.46098674478327 14.693717424948744 - -12.449645644126504 0.03230482646061776
223830 166.56989249305386 14.693717424948744 - -12.449645644126504 0.030227255107800055
234148 183.53300218183546 14.693717424948744 - -12.449645644126504 0.028873949585040647
244466 200.9223871889369 14.693717424948744 - -12.449645644126504 0.027502317516855185
255148 221.04958213386533 14.693717424948744 - -12.449645644126504 0.0268014360209447
 Adding parameter  x0  with limits  [-5.0, 5.0]
   Adapting  x0
 Adding parameter  x1  with limits  [-5.0, 5.0]
   Adapting  x1
 Adding parameter  x2  with limits  [-5.0, 5.0]
   Adapting  x2
 Adding parameter  x3  with limits  [-5.0, 5.0]
   Adapting  x3
930970 333.51839255621167 14.536906667437577 - -8.511450301526427 0.017199872533692432
160000 2.6344542653670775 14.332898619686368 - -5.075173815233827 0.502677433904401
2091454 792.3696748611239 14.665115400965826 - -11.024511563471362 0.01599624812612454
2414309 1161.9999936904117 14.348301859701605 - -5.957614692384777 0.008983234721268636
320140 27.617869398163425 14.358987904329142 - -8.528932020961607 0.10152265813538418
971946 352.2247976708162 14.536906667437577 - -8.511450301526427 0.016645097347251853
480265 571.0290930445864 14.37028623193499 - -8.656778717942798 0.01952195238966957
1012171 371.9261883944769 14.536906667437577 - -8.511450301526427 0.016215214676200945
2252230 876.8398683662825 14.665115400965826 - -11.024511563471362 0.015145734938339641
640915 1257.3450993685167 14.375479855536458 - -8.656778717942798 0.012860628462210302
 Adding parameter  x0  with limits  [-5.0, 5.0]
   Adapting  x0
 Adding parameter  x1  with limits  [-5.0, 5.0]
   Adapting  x1
 Adding parameter  x2  with limits  [-5.0, 5.0]
   Adapting  x2
 Adding parameter  x3  with limits  [-5.0, 5.0]
   Adapting  x3
10000 1.0 14.01954204062426 - -2.3025850929940455 0.999499874937461
20064 1.0000000518611285 14.01954204062426 - -3.4707234443107655 0.9994998230503864
30081 1.826094480450029 14.046504010363764 - -4.5592853971253735 0.6674832639788045
40161 1.8379222335984373 14.046504010363764 - -5.6069552070559086 0.6632092277406896
50193 1.325811602006778 14.216588344145677 - -6.6072193727062425 0.7670435811872648
60339 3.1573126082201917 14.216588344145677 - -7.591542514972224 0.45534861700182466
70383 2.0933847677191593 14.372926942454562 - -8.538944241871432 0.5312058843976113
80407 4.257642217652227 14.458366193447455 - -9.503644112953275 0.33728163009330575
90530 4.3221184352486635 14.574576461741445 - -10.39850689741381 0.30005582675606896
100540 7.003706852590354 14.617796969005669 - -11.317194753887685 0.21930033091291048
110605 20.34404755768999 14.630024773725891 - -12.113824011340313 0.1289189650195404
120670 40.751500973759505 14.641711479123007 - -12.114577023424088 0.08547350936312574
130890 51.99744980867604 14.658773578216305 - -12.115057215510145 0.06901048128365289
141151 72.22338964700222 14.658773578216305 - -12.115057215510145 0.058383636334439555
151451 92.62078831834513 14.658773578216305 - -12.115057215510145 0.052560363526315705
801526 2024.8930592731258 14.375834869248576 - -8.656778717942798 0.010103284303018717
161548 114.16418775784224 14.658773578216305 - -12.115057215510145 0.04809813558753841
171800 134.4513515311757 14.658773578216305 - -12.115057215510145 0.04406270664880649
182320 156.29610248179048 14.658773578216305 - -12.115057215510145 0.04055295599119831
192713 169.13445896866784 14.661923383547405 - -12.115057215510145 0.038564881336423815
202973 189.58395085792847 14.661923383547405 - -12.115057215510145 0.0365575228327971
213105 207.99005360534335 14.663278295349807 - -12.115057215510145 0.03471901453804666
223730 226.85147850109325 14.663278295349807 - -12.115057215510145 0.03276641584327219
2412555 964.8706725942068 14.665115400965826 - -11.024511563471362 0.014458421329171555
234162 247.62053658118464 14.66355145625664 - -12.115057215510145 0.03128389746858945
244407 246.27722929903524 14.670362860804136 - -12.115057215510145 0.030231308270948054
254431 266.02275751069044 14.670362860804136 - -12.115057215510145 0.0289943457115802
962550 2837.0967517641648 14.375834869248576 - -8.656778717942798 0.008555307468501168
 Adding parameter  x0  with limits  [-5.0, 5.0]
   Adapting  x0
 Adding parameter  x1  with limits  [-5.0, 5.0]
   Adapting  x1
 Adding parameter  x2  with limits  [-5.0, 5.0]
   Adapting  x2
 Adding parameter  x3  with limits  [-5.0, 5.0]
   Adapting  x3
10000 1.0000000000000047 11.998788172854464 - -2.3025850929940455 0.9994998749374564
20108 1.0000005706714281 13.156564465212979 - -3.559340082758951 0.9994993039809257
30170 1.0315173523238883 13.418185947639 - -4.7901495410384465 0.9693935517223895
40181 1.1671421012193208 13.980791784173006 - -5.948601830062573 0.8631105772942298
50245 1.024732050608963 14.413653239683967 - -7.116429187752156 0.9755416777211856
2574449 1255.1393109043431 14.348301859701605 - -5.957614692384777 0.008643233826199106
60320 2.1866593118426376 14.413653239683967 - -8.174566643854547 0.5471735636946398
70418 4.6789133977874835 14.413653239683967 - -9.239966798316544 0.31183633892708845
80493 3.738568761438932 14.576534513031717 - -10.285881297984204 0.36643824063245606
90543 9.147005533710296 14.623807327053193 - -11.3240356176152 0.19067696349991595
100618 21.483816257851565 14.643825223161521 - -12.300557613429346 0.1143220783944989
110716 56.87081069120927 14.643825223161521 - -12.30127343307337 0.06388624326033557
120925 91.27180529813086 14.643825223161521 - -12.301492323300794 0.04910888468459074
131145 129.85546148872035 14.643825223161521 - -12.30179636708544 0.041080471726907826
141477 154.58274838590955 14.649621214204883 - -12.30179636708544 0.03669234458413401
151527 189.9288398904028 14.649621214204883 - -12.30179636708544 0.03316813935474339
161854 219.63579660276562 14.649621214204883 - -12.30179636708544 0.03042331844420077
171871 251.6696237564097 14.649621214204883 - -12.30179636708544 0.028014721745096498
182131 285.81222399394954 14.649621214204883 - -12.30179636708544 0.0262549829742216
192631 303.0694351022458 14.654001211839761 - -12.30179636708544 0.024607160547352475
202855 337.7164623340357 14.654001211839761 - -12.30179636708544 0.023494859122996245
1123382 3650.575990258181 14.375834869248576 - -8.656778717942798 0.007557492804238506
213055 373.22309609746424 14.654001211839761 - -12.30179636708544 0.022463305962207736
223204 407.1734465993349 14.654001211839761 - -12.30179636708544 0.021396796903979845
2573993 1054.5580282145172 14.665115400965826 - -11.024511563471362 0.013838452277160667
233460 448.55340567627616 14.654001211839761 - -12.30179636708544 0.020697718705548703
244036 486.04569423684814 14.654001211839761 - -12.30179636708544 0.02002618858338322
254311 523.9143298615497 14.654001211839761 - -12.30179636708544 0.01922966012704896
 Adding parameter  x0  with limits  [-5.0, 5.0]
   Adapting  x0
 Adding parameter  x1  with limits  [-5.0, 5.0]
   Adapting  x1
 Adding parameter  x2  with limits  [-5.0, 5.0]
   Adapting  x2
 Adding parameter  x3  with limits  [-5.0, 5.0]
   Adapting  x3
40000 1.0369407592585034 14.018327686886678 - -3.6888794541139363 0.9641348548360495
80032 3.199997742670658 14.225210310911333 - -5.959044655851871 0.41121880943031147
120046 6.081381384135202 14.421424404347182 - -8.10005155318986 0.23145039311618368
160122 51.54048220008604 14.421424404347182 - -9.329120700581191 0.07472714555329771
200274 149.7104517327086 14.447160532823027 - -9.329313174838354 0.034439608758423064
240522 281.3848663909972 14.447160532823027 - -9.329313174838354 0.02534127061961795
2736909 1145.5219001686767 14.665115400965826 - -11.024511563471362 0.013267682801969946
280650 413.7181668662429 14.447160532823027 - -9.329313174838354 0.02078863744342536
321026 539.8858689360229 14.447160532823027 - -9.329313174838354 0.017970955706833925
2736404 1355.7437469949814 14.348301859701605 - -5.957614692384777 0.008341127513007175
361726 677.3877445375765 14.447160532823027 - -9.329313174838354 0.01603046321478679
 Adding parameter  x0  with limits  [-5.0, 5.0]
   Adapting  x0
 Adding parameter  x1  with limits  [-5.0, 5.0]
   Adapting  x1
 Adding parameter  x2  with limits  [-5.0, 5.0]
   Adapting  x2
 Adding parameter  x3  with limits  [-5.0, 5.0]
   Adapting  x3
10000 1.0 13.928605047950212 - -2.3025850929940455 0.999499874937461
20098 1.000000005202063 13.928605047950212 - -3.454422142899453 0.9994998697327949
30273 1.0017143280712966 13.928605047950212 - -4.413389149054044 0.9977890891254512
401942 807.0642275557 14.447160532823027 - -9.329313174838354 0.014599741769377646
40338 2.1670650274282197 14.077426707614949 - -5.373122438771036 0.5972579367873068
50488 1.1142945024682533 14.33446837540843 - -6.350696399062089 0.8984916402223878
60640 1.0585037971573523 14.559325714273731 - -7.2661868107654755 0.9449456037999087
70840 1.9116292664933447 14.559325714273731 - -8.139152417901258 0.58099085273944
80890 2.6760381755843112 14.559325714273731 - -8.973365038739805 0.42875894697325384
90995 7.93295401741474 14.559325714273731 - -9.768617442236904 0.24549474492733983
101138 13.924607495885382 14.559325714273731 - -10.547483498199387 0.16753450279258797
111288 20.580125404583498 14.585967648217107 - -11.337303566019592 0.12389430209997164
121480 29.857899477820297 14.610472236461739 - -11.864173964714935 0.08460625776625046
131512 52.05977696577357 14.610472236461739 - -11.864584221130945 0.06038545815049148
141592 74.32591720900894 14.610472236461739 - -11.864859135222023 0.051655391391805625
442220 960.4518509752498 14.447160532823027 - -9.329313174838354 0.013497979351638194
151654 30.691634350410137 14.694745911257472 - -11.865063780674493 0.05750190298896023
161830 36.99302636674719 14.694745911257472 - -11.865390098184323 0.05085081532176857
172104 44.74765086766052 14.694745911257472 - -11.865390098184323 0.04468919397801913
182124 52.88572397073089 14.694745911257472 - -11.865390098184323 0.04088014415455796
192498 63.342450306430955 14.694745911257472 - -11.865390098184323 0.03757721078574973
202686 71.9318301406443 14.694745911257472 - -11.865390098184323 0.03522241409118469
213311 80.5638811089151 14.694745911257472 - -11.865390098184323 0.032553451005227454
483138 1113.1207895016448 14.447160532823027 - -9.329313174838354 0.012580879835344389
223823 89.26881261747108 14.694745911257472 - -11.865390098184323 0.03109632049212151
233933 97.95609754214111 14.694745911257472 - -11.865390098184323 0.02925934849493438
244343 105.72850990139204 14.694745911257472 - -11.865390098184323 0.028163862193612818
2898609 1244.0928361646695 14.665115400965826 - -11.024511563471362 0.01275855694327603
254647 112.91257505365125 14.694745911257472 - -11.865390098184323 0.02680678273006576
523566 1262.0160376426895 14.447160532823027 - -9.329313174838354 0.011898009908912183
 Adding parameter  x0  with limits  [-5.0, 5.0]
   Adapting  x0
 Adding parameter  x1  with limits  [-5.0, 5.0]
   Adapting  x1
 Adding parameter  x2  with limits  [-5.0, 5.0]
   Adapting  x2
 Adding parameter  x3  with limits  [-5.0, 5.0]
   Adapting  x3
564026 1407.4518995563985 14.447160532823027 - -9.329313174838354 0.011215871990529258
160000 2.027371303374876 14.197004708815642 - -5.075173815233827 0.62402412371999
 Adding parameter  x0  with limits  [-5.0, 5.0]
   Adapting  x0
 Adding parameter  x1  with limits  [-5.0, 5.0]
   Adapting  x1
 Adding parameter  x2  with limits  [-5.0, 5.0]
   Adapting  x2
 Adding parameter  x3  with limits  [-5.0, 5.0]
   Adapting  x3
10000 1.0 11.045520859771251 - -2.3025850929940455 0.999499874937461
20065 1.0000323935118598 11.944816277237592 - -3.4445761049641006 0.9994674667909081
30145 1.0009764635945946 12.51166842850112 - -4.434860516746582 0.9985243517785596
40273 1.000000267178195 13.678815096233778 - -5.388447033364434 0.9994996076256751
50393 1.0229237072108772 14.01574999991997 - -6.289014804773353 0.977194521012904
60541 1.0031792005072526 14.424386488946164 - -7.137882860330073 0.9963336382150269
70705 1.005337593472086 14.424386488946164 - -7.947033716646325 0.9941936222028798
604214 1557.0615204326477 14.447160532823027 - -9.329313174838354 0.010684130210091685
80785 1.0478021417459873 14.64307689642533 - -8.78168045947997 0.9546915242572731
90955 1.2049061252988018 14.64307689642533 - -9.608921374520614 0.8330836552078261
101029 1.6563890266753059 14.64307689642533 - -10.396014167923086 0.6215578782781876
320026 9.154719650787941 14.400848828372029 - -8.425989767335057 0.1993190497794825
111057 2.794950209186517 14.64307689642533 - -11.167510314894008 0.4274985838419476
121089 5.623290759146468 14.64307689642533 - -11.932047491540626 0.2668565658885568
131255 2.826056352940146 14.801310225801778 - -12.712747569108434 0.45512658880258844
141403 4.621147365530992 14.825707949999815 - -13.455636841563193 0.30627060258357014
151612 7.9557153422128 14.825707949999815 - -13.777959532266067 0.20328097224875205
161692 12.61965624677104 14.825707949999815 - -13.77835518014462 0.1479144680744326
171817 20.731304957120745 14.82984107260289 - -13.778901628245649 0.12359161424360862
182025 25.74646989389136 14.82984107260289 - -13.778901628245649 0.10857144962300506
192133 32.10884813613996 14.82984107260289 - -13.778901628245649 0.09458981104956996
202465 38.45789474428875 14.82984107260289 - -13.778901628245649 0.08938978415438215
480158 105.55947306969745 14.483071954443023 - -9.410224825536782 0.04512142032330688
644870 1710.7201149213033 14.447160532823027 - -9.329313174838354 0.010197636828274011
212769 44.27344926071379 14.830054164669708 - -13.778901628245649 0.08285574156481051
223201 49.4959765200893 14.830054164669708 - -13.778901628245649 0.07685292347978762
233211 53.57738644936197 14.83233294627204 - -13.778901628245649 0.0733175629909663
243234 57.67971785999906 14.83233294627204 - -13.778901628245649 0.06927594759990482
253842 63.058057924632735 14.83233294627204 - -13.778901628245649 0.0647591544303564
3061185 1337.2233287307931 14.665115400965826 - -11.024511563471362 0.012278746651238537
640323 381.30614621319876 14.48579838434256 - -9.410224825536782 0.023344537100993493
685387 1865.6807662842175 14.447160532823027 - -9.329313174838354 0.009784677309656854
2898056 1452.0614760107587 14.348301859701605 - -5.957614692384777 0.008062496855433123
800685 669.0877066319028 14.488688016947616 - -9.410224825536782 0.017411519678038542
726427 2022.4017012191373 14.447160532823027 - -9.329313174838354 0.009410781688828657
766969 2172.72726721533 14.447160532823027 - -9.329313174838354 0.0090660498940673
961647 975.3536088102755 14.488688016947616 - -9.410224825536782 0.01416461653360155
3224529 1435.6205955554894 14.665115400965826 - -11.024511563471362 0.011895936854110277
 Adding parameter  x0  with limits  [-5.0, 5.0]
   Adapting  x0
 Adding parameter  x1  with limits  [-5.0, 5.0]
   Adapting  x1
 Adding parameter  x2  with limits  [-5.0, 5.0]
   Adapting  x2
 Adding parameter  x3  with limits  [-5.0, 5.0]
   Adapting  x3
10000 1.0000000000000122 12.23425929190992 - -2.3025850929940455 0.9994998749374487
20128 1.0000000000000124 12.23425929190992 - -3.2351427973320726 0.9994998749374485
30268 1.1886040212816185 12.23425929190992 - -4.0015404396316105 0.8555716769378399
807569 2333.796792421628 14.447160532823027 - -9.329313174838354 0.008731817036541951
40376 1.1886040213158429 12.23425929190992 - -4.721329551137977 0.855571676913171
50594 1.2217662685657333 12.23425929190992 - -5.371569230686646 0.8327241905039907
60854 1.0023197304589944 13.440089738807782 - -6.03064243091284 0.9971870193105354
70916 1.0257437813338832 14.400870822961618 - -6.650143071304487 0.9746735073951444
81176 1.0469269794466782 14.615235749615488 - -7.258276877537475 0.955603801402978
91240 1.0481616015949549 14.615235749615488 - -7.86912881537059 0.9544772990785123
101500 1.437603401151583 14.674985803413183 - -8.454690785250598 0.7530636829271514
111675 2.407314161780778 14.674985803413183 - -9.030179922342311 0.5272054609661847
121791 2.530979019198293 14.674985803413183 - -9.591508528281409 0.5023023687579103
1122698 1320.4356926845114 14.488688016947616 - -9.410224825536782 0.012251308339176432
131907 2.844745064886233 14.674985803413183 - -10.157390357795478 0.4504100657841938
141915 3.530162085260521 14.674985803413183 - -10.687430200485272 0.37757858055934196
152053 4.534402271479047 14.674985803413183 - -11.218058451547442 0.301978140248031
162265 9.268111056852291 14.674985803413183 - -11.745741192379857 0.205460698935307
172373 4.353385984668 14.77104816366255 - -12.289227598385395 0.26119887475624476
182595 7.241379861463142 14.77104816366255 - -12.770418417021695 0.18028501353088416
192735 10.792997915731663 14.77104816366255 - -13.116755831409698 0.12876919067840636
202947 15.508883387963493 14.77104816366255 - -13.11729739654614 0.09886575772750085
213027 21.39218502718089 14.77104816366255 - -13.118083869256754 0.08993806786378457
223059 27.078161925262634 14.77104816366255 - -13.118083869256754 0.07684949257831607
233289 36.13315163720537 14.77104816366255 - -13.118083869256754 0.07151092530340869
243768 43.60299153256935 14.77104816366255 - -13.118083869256754 0.06541862282047951
848281 2500.415009124468 14.447160532823027 - -9.329313174838354 0.00844574906693991
254142 50.66380612606546 14.77104816366255 - -13.118083869256754 0.06130068529589437
1284158 1661.8674851917108 14.488688016947616 - -9.410224825536782 0.010966288329557964
889132 2665.724072410572 14.447160532823027 - -9.329313174838354 0.008187519361614283
 Adding parameter  x0  with limits  [-5.0, 5.0]
   Adapting  x0
 Adding parameter  x1  with limits  [-5.0, 5.0]
   Adapting  x1
 Adding parameter  x2  with limits  [-5.0, 5.0]
   Adapting  x2
 Adding parameter  x3  with limits  [-5.0, 5.0]
   Adapting  x3
10000 1.000000004602586 13.216176229321109 - -2.3025850929940455 0.9994998703325717
20080 1.0025815233210393 13.838301520951472 - -3.6157709822932977 0.9969265102622299
3060416 1545.5126864700703 14.348301859701605 - -5.957614692384777 0.007779356797345185
30154 1.2816367325814215 13.838301520951472 - -4.822639589731259 0.8012234518179281
40186 1.06518963160441 14.370617264131337 - -6.01504575768573 0.9402034613822857
50284 1.5058055577876286 14.370617264131337 - -7.1579938601738915 0.6897672912212205
3385539 1521.9734390345022 14.665115400965826 - -11.024511563471362 0.01151581730265969
60401 2.8736411823080017 14.42671399190097 - -8.286164951083546 0.4614336679585932
70445 4.680257265078671 14.468426331609455 - -9.370678315372153 0.2940417019353867
80509 11.928020813095973 14.468426331609455 - -10.52724499730082 0.17634046559570893
90652 4.033730163865169 14.677102487970197 - -11.656063128025995 0.25967436983852465
100696 10.320068682968635 14.677102487970197 - -11.853670440128118 0.12348382535955567
110887 9.041417789085612 14.748896767930399 - -11.854132547345214 0.17982777272960165
121179 14.876553194194042 14.748896767930399 - -11.854132547345214 0.13555346430834295
131423 17.56101296455652 14.748896767930399 - -11.854132547345214 0.11564526443211437
141796 22.27890000938485 14.748896767930399 - -11.854132547345214 0.1008379830904112
151936 27.792275451986963 14.748896767930399 - -11.854132547345214 0.09710892252556683
930420 2823.89145839716 14.447160532823027 - -9.329313174838354 0.007949419911610314
162052 27.640602993898995 14.759151037196542 - -11.854132547345214 0.09194979896167332
172096 30.763334047903946 14.759151037196542 - -11.854132547345214 0.08334540413013099
1445081 2000.9563676275434 14.488688016947616 - -9.410224825536782 0.00997238434011974
182653 34.70640705524823 14.759151037196542 - -11.854132547345214 0.07992593605884564
192877 39.499787689105865 14.759151037196542 - -11.854132547345214 0.0739480211685313
203212 42.79143505252894 14.759151037196542 - -11.854132547345214 0.06899828269825256
213622 46.47190000834097 14.759151037196542 - -11.854132547345214 0.06484296232378307
223968 49.61264558297622 14.76337161265503 - -11.854132547345214 0.06337677088040038
234069 52.884732432587754 14.76337161265503 - -11.854132547345214 0.06071126833517629
970495 2989.2280195205217 14.447160532823027 - -9.329313174838354 0.007744999581323869
244573 57.503464985881706 14.76337161265503 - -11.854132547345214 0.0581010089683141
255090 61.0432518961265 14.76337161265503 - -11.854132547345214 0.05588945132305037
1606001 2356.3329259424568 14.488688016947616 - -9.410224825536782 0.00917324446375504
1011320 3146.561035005403 14.447160532823027 - -9.329313174838354 0.00754817961537617
3547283 1597.5614235917535 14.665899179903178 - -11.024511563471362 0.011175604385647298
 Adding parameter  x0  with limits  [-5.0, 5.0]
   Adapting  x0
 Adding parameter  x1  with limits  [-5.0, 5.0]
   Adapting  x1
 Adding parameter  x2  with limits  [-5.0, 5.0]
   Adapting  x2
 Adding parameter  x3  with limits  [-5.0, 5.0]
   Adapting  x3
10000 1.0000008470603439 11.770924144143944 - -2.3025850929940455 0.9994990274543455
20044 1.0000000000000029 14.435224965377994 - -3.6046822953131805 0.9994998749374581
30169 1.3231863918892044 14.435224965377994 - -4.841025479669567 0.7933412902345859
40231 1.35380695792344 14.435224965377994 - -6.051477250093212 0.7756955140165862
50281 2.311930709345228 14.435224965377994 - -7.250839441861465 0.6053345519743333
60393 3.123826710188754 14.435224965377994 - -8.44020609379804 0.4893431931616683
70501 3.3551314433428034 14.53669263093294 - -9.623772088346312 0.36320681256253395
80626 5.4352341387643754 14.626797847881393 - -10.78567211625034 0.23622756182320875
90738 19.30512385447383 14.626797847881393 - -11.888276426187987 0.114365280329765
100770 41.09994626633364 14.64104081264926 - -12.082263877628124 0.0649189268139127
110946 73.48757881238181 14.64104081264926 - -12.082482672071619 0.048032487769388
121164 110.40220841501798 14.64104081264926 - -12.082777700839063 0.040796790762882215
131384 146.15818215757838 14.641151082625676 - -12.082777700839063 0.03544074941582564
141704 182.16881484667545 14.641151082625676 - -12.082777700839063 0.03192423885004683
151802 217.93266474331662 14.641151082625676 - -12.082777700839063 0.0294949021808538
161977 256.7605826562825 14.641151082625676 - -12.082777700839063 0.026929487317287643
172074 294.91732845585597 14.641151082625676 - -12.082777700839063 0.02495282994636639
1766357 2710.1806468323202 14.488688016947616 - -9.410224825536782 0.008558982980837912
182128 334.5193805495973 14.641151082625676 - -12.082777700839063 0.023363010332638108
192376 373.5334497701822 14.641151082625676 - -12.082777700839063 0.021834221261471554
3222956 1644.3852795199114 14.348301859701605 - -5.957614692384777 0.007570897456641223
202716 415.16707639287887 14.641151082625676 - -12.082777700839063 0.020812797532001995
213147 455.9067410184835 14.641151082625676 - -12.082777700839063 0.019926355166117824
223445 494.61682900602483 14.641151082625676 - -12.082777700839063 0.01913443179809667
233939 506.20089915665613 14.644700168842762 - -12.082777700839063 0.018421482253800615
244361 547.4229759819144 14.644700168842762 - -12.082777700839063 0.017681736203223213
3708763 1693.11792556961 14.665899179903178 - -11.024511563471362 0.010861461014834591
254952 588.6370963502438 14.644700168842762 - -12.082777700839063 0.01711138597943889
1926677 3061.4650705424824 14.488688016947616 - -9.410224825536782 0.00803286396587855
 Adding parameter  x0  with limits  [-5.0, 5.0]
   Adapting  x0
 Adding parameter  x1  with limits  [-5.0, 5.0]
   Adapting  x1
 Adding parameter  x2  with limits  [-5.0, 5.0]
   Adapting  x2
 Adding parameter  x3  with limits  [-5.0, 5.0]
   Adapting  x3
10000 1.0131838129434318 13.104181076320781 - -2.3025850929940455 0.9865668322363025
20108 1.013183812943434 13.104181076320781 - -3.6136169696133895 0.9865668322363005
30119 1.0182716858563838 13.104181076320781 - -4.7925796109351575 0.9816448842712326
40193 1.4332364755673734 13.860976208444834 - -5.936165265245998 0.7254807409044762
50273 1.8699200711032757 14.05481230712562 - -7.028088565763312 0.5712486929377077
60399 2.138696639910483 14.586644857669482 - -8.09107367678827 0.6616345987506015
70447 2.449607789579388 14.586644857669482 - -9.158539236459543 0.5870233396638409
80527 2.0270464369772423 14.68316498602291 - -10.16064062474681 0.5284079226891037
90547 3.7625960030590955 14.68316498602291 - -11.147576196190297 0.3217717441932639
100690 7.858641020640672 14.69821227943526 - -12.154438626248838 0.20828303130484532
110707 15.238516901079386 14.715300467971119 - -12.42074470717646 0.13188092531291204
120812 30.87339055462701 14.715300467971119 - -12.421284227016901 0.09431236782593777
130943 44.36533377042031 14.717586620747735 - -12.421284227016901 0.07933876432101838
141093 59.34422871138398 14.717586620747735 - -12.421284227016901 0.06639859488541017
151343 72.94894708318891 14.717586620747735 - -12.421284227016901 0.059386540985759205
161759 85.96774303053309 14.717586620747735 - -12.421284227016901 0.05378080834687282
 Adding parameter  x0  with limits  [-5.0, 5.0]
   Adapting  x0
 Adding parameter  x1  with limits  [-5.0, 5.0]
   Adapting  x1
 Adding parameter  x2  with limits  [-5.0, 5.0]
   Adapting  x2
 Adding parameter  x3  with limits  [-5.0, 5.0]
   Adapting  x3
172175 96.84450119086476 14.72049988841444 - -12.421284227016901 0.05071283711662258
40000 1.0058660376593147 13.996949776216127 - -3.6888794541139363 0.9936753866856487
182555 110.15580129632245 14.72049988841444 - -12.421284227016901 0.0466629070071274
80052 1.0586514070994637 14.602005658947999 - -6.090857290986017 0.9456420146000302
192891 123.86410522697525 14.72049988841444 - -12.421284227016901 0.04299503558919923
120072 1.2688151355274895 14.602005658947999 - -8.347921868678252 0.790363992932411
203115 139.32347799574143 14.72049988841444 - -12.421284227016901 0.040429777714824436
160200 3.751264991243596 14.602005658947999 - -10.526416576441248 0.29542629365760525
213655 153.30649320314868 14.72049988841444 - -12.421284227016901 0.03821540274071341
200244 45.2913816534694 14.609900674699036 - -11.291309390467012 0.07345612889622526
223847 166.17014368560393 14.72049988841444 - -12.421284227016901 0.03655184895068333
240276 81.15414279793377 14.641192035607318 - -11.291536362285651 0.04180347313882757
234183 178.84582268919647 14.72049988841444 - -12.421284227016901 0.03512564879857386
280415 119.59453858428958 14.65357731247734 - -11.291536362285651 0.03325879705580281
244593 192.33062767846397 14.72049988841444 - -12.421284227016901 0.03339036264728769
255228 205.83847643633948 14.72049988841444 - -12.421284227016901 0.03208733940195475
320535 171.6170213830533 14.65357731247734 - -11.291536362285651 0.02822114252278303
3871303 1789.3186239689478 14.665899179903178 - -11.024511563471362 0.010573832050964254
360891 211.42785514618177 14.658350205032475 - -11.291536362285651 0.025227608318758393
400906 260.48282243157433 14.658350205032475 - -11.291536362285651 0.022386421702493754
441706 313.2924868121434 14.658350205032475 - -11.291536362285651 0.02049196210867331
3385666 1741.1396912892244 14.348301859701605 - -5.957614692384777 0.007346248393467848
481891 367.59273458198686 14.658350205032475 - -11.291536362285651 0.019246960940499238
 Adding parameter  x0  with limits  [-5.0, 5.0]
   Adapting  x0
 Adding parameter  x1  with limits  [-5.0, 5.0]
   Adapting  x1
 Adding parameter  x2  with limits  [-5.0, 5.0]
   Adapting  x2
 Adding parameter  x3  with limits  [-5.0, 5.0]
   Adapting  x3
522030 424.1735087874855 14.658350205032475 - -11.291536362285651 0.01825417790107205
40000 1.0506190513266696 13.029121793186354 - -3.6888794541139363 0.9520869877337901
80128 1.0000237704242467 14.07845451503807 - -5.753334253485448 0.9994760933900025
120218 1.857758445510342 14.412840065346675 - -7.731158265786292 0.681927284683136
160362 3.3695234248811117 14.5975811416868 - -9.639069811750373 0.4022682715590387
562390 480.26237113982296 14.658350205032475 - -11.291536362285651 0.017081375096695682
200472 12.551737704107003 14.610540266242241 - -11.541475801065491 0.1576612193956444
240660 28.515733074787533 14.682003790373981 - -12.43441306976391 0.08118191927275843
280910 92.390977234635 14.682003790373981 - -12.434786785121732 0.04164060294949188
603050 537.1621612798614 14.658350205032475 - -11.291536362285651 0.01610238782940364
321258 169.58208349876543 14.682003790373981 - -12.434786785121732 0.032050332587346075
 Adding parameter  x0  with limits  [-5.0, 5.0]
   Adapting  x0
 Adding parameter  x1  with limits  [-5.0, 5.0]
   Adapting  x1
 Adding parameter  x2  with limits  [-5.0, 5.0]
   Adapting  x2
 Adding parameter  x3  with limits  [-5.0, 5.0]
   Adapting  x3
361732 231.85393392548255 14.684964469917347 - -12.434786785121732 0.026792410250208204
4035019 1877.8291387874601 14.665899179903178 - -11.024511563471362 0.010322677157700098
402240 302.80840916994794 14.684964469917347 - -12.434786785121732 0.022869379031620167
643824 596.6175852863767 14.658350205032475 - -11.291536362285651 0.015414275061008443
160000 2.3946866521789705 14.307612596794765 - -5.075173815233827 0.4964951514126161
442290 378.52919086903444 14.684964469917347 - -12.434786785121732 0.02061870233937027
483072 460.2908813388352 14.684964469917347 - -12.434786785121732 0.01927138208858963
320170 7.240620982799618 14.42015755096811 - -8.300031711779575 0.18705034095140852
684844 653.7290912361925 14.658350205032475 - -11.291536362285651 0.01470844286561345
523593 500.5004150830746 14.689974211020536 - -12.434786785121732 0.01794010545279782
725712 696.8850782874439 14.659944710842876 - -11.291536362285651 0.014065327163929685
480182 70.47671268624099 14.483782728007348 - -9.165907824351535 0.04143022147055067
564597 529.0134948485008 14.69513737872783 - -12.434786785121732 0.016978648786037925
 Adding parameter  x0  with limits  [-5.0, 5.0]
   Adapting  x0
 Adding parameter  x1  with limits  [-5.0, 5.0]
   Adapting  x1
 Adding parameter  x2  with limits  [-5.0, 5.0]
   Adapting  x2
 Adding parameter  x3  with limits  [-5.0, 5.0]
   Adapting  x3
10000 1.0135768060975563 12.590293844947837 - -2.3025850929940455 0.9861766413899301
20062 1.0567684326091362 13.464500251085672 - -3.6014134283326604 0.9465822913731411
30187 1.0562762867414395 13.683272125184343 - -4.772036252977042 0.9474446694112074
40237 1.2755221402635735 14.262681410723637 - -5.934249123054747 0.811552594439212
50319 1.849588873955898 14.262681410723637 - -7.0851375562882275 0.5946630800418246
60329 3.994054846069364 14.376583697918953 - -8.167959159050014 0.4043304280136984
70427 1.8160214278157918 14.581595720784875 - -9.216680678104657 0.5705866727962617
766929 753.521116811757 14.659944710842876 - -11.291536362285651 0.013567361778025455
80525 6.31289343045208 14.582238541642209 - -10.288264294384849 0.28625581489384133
605407 600.2062672609994 14.69513737872783 - -12.434786785121732 0.015875690010004318
90599 14.057105972548463 14.609139710771743 - -11.376826247199457 0.16104558658039259
100679 28.32751490480461 14.629116745207012 - -11.481626695634578 0.09944543051909958
110870 46.68612651521699 14.629116745207012 - -11.482049618034623 0.07362610173029752
120883 67.03853958764282 14.629116745207012 - -11.482049618034623 0.06087656823115605
640232 222.8699996615083 14.493573709057985 - -9.165907824351535 0.021513461530346008
131131 88.93186352847138 14.629116745207012 - -11.482049618034623 0.053263794572843685
141283 104.88509120330548 14.629116745207012 - -11.482049618034623 0.048003967861322744
151531 123.34560361220731 14.629116745207012 - -11.482049618034623 0.044340573007242076
645799 666.2691251440857 14.69513737872783 - -12.434786785121732 0.015027395155952502
161771 144.08534504466772 14.629280632750401 - -11.482049618034623 0.04164214993442802
171936 163.64262706769406 14.629280632750401 - -11.482049618034623 0.038991067969851696
182196 183.29178510239433 14.629280632750401 - -11.482049618034623 0.03697539680286395
192209 204.20086121668336 14.629280632750401 - -11.482049618034623 0.03497980586447081
687047 738.1469819829217 14.69513737872783 - -12.434786785121732 0.0142545315547244
808081 812.0774472086109 14.659944710842876 - -11.291536362285651 0.013004326798335906
801116 373.3471034079229 14.498528698756932 - -9.165907824351535 0.01655289590270016
202257 224.9162990483985 14.629280632750401 - -11.482049618034623 0.03336031453057669
212292 246.06176809256692 14.629280632750401 - -11.482049618034623 0.03196541204494132
222447 248.05895024449052 14.633530427715154 - -11.482049618034623 0.030838182909915548
727637 811.9827627870927 14.69513737872783 - -12.434786785121732 0.01360571447478535
232555 264.1377518466811 14.633530427715154 - -11.482049618034623 0.02959651393962713
3546877 1838.3026660729192 14.348301859701605 - -5.957614692384777 0.007157961784402581
242971 286.25018968868926 14.633530427715154 - -11.482049618034623 0.02861369725869549
253569 305.73724813717325 14.633530427715154 - -11.482049618034623 0.02757752037800534
961666 507.4630500608533 14.504416725948277 - -9.165907824351535 0.01379429440726185
848311 867.0580440220748 14.659944710842876 - -11.291536362285651 0.012548444940975668
768498 883.3234642953088 14.69513737872783 - -12.434786785121732 0.013002903772590384
809126 961.2985485974768 14.69513737872783 - -12.434786785121732 0.012541233736977858
1122332 672.3786031827565 14.504416725948277 - -9.165907824351535 0.012153663590979712
888476 923.8808190819043 14.659944710842876 - -11.291536362285651 0.012129747629255769
849734 1033.17786370995 14.69513737872783 - -12.434786785121732 0.012072162099831592
 Adding parameter  x0  with limits  [-5.0, 5.0]
   Adapting  x0
 Adding parameter  x1  with limits  [-5.0, 5.0]
   Adapting  x1
 Adding parameter  x2  with limits  [-5.0, 5.0]
   Adapting  x2
 Adding parameter  x3  with limits  [-5.0, 5.0]
   Adapting  x3
890138 1104.2125358207934 14.69513737872783 - -12.434786785121732 0.011660441222218647
160000 1.8034103473629695 14.29690087627111 - -5.075173815233827 0.6435162404041964
929076 986.038991033033 14.659944710842876 - -11.291536362285651 0.011809065256505958
1283061 840.79095162338 14.504416725948277 - -9.165907824351535 0.010816511762708012
320113 1.7283126837193736 14.583659129946964 - -8.593324258589616 0.582074839984264
931192 1183.5993366325242 14.69513737872783 - -12.434786785121732 0.011268032279763276
480129 32.36096841641998 14.583659129946964 - -9.131038888919838 0.07068764397717288
972642 1261.0518623566686 14.69513737872783 - -12.434786785121732 0.010914647556044602
970152 1049.692797137075 14.659944710842876 - -11.291536362285651 0.011450330024343426
1443172 1021.3925377490789 14.504416725948277 - -9.165907824351535 0.009814966807027406
640211 81.06219193227908 14.589635272734299 - -9.131038888919838 0.041547140200089414
1012650 1332.191627714825 14.69513737872783 - -12.434786785121732 0.010576398568888435
1010679 1108.4529310845066 14.659944710842876 - -11.291536362285651 0.011116653213814854
801031 140.10729266709913 14.589635272734299 - -9.131038888919838 0.03264941254229971
1603646 1203.8319523076002 14.504416725948277 - -9.165907824351535 0.009019896423486403
 Adding parameter  x0  with limits  [-5.0, 5.0]
   Adapting  x0
 Adding parameter  x1  with limits  [-5.0, 5.0]
   Adapting  x1
 Adding parameter  x2  with limits  [-5.0, 5.0]
   Adapting  x2
 Adding parameter  x3  with limits  [-5.0, 5.0]
   Adapting  x3
10000 1.0000003420042627 12.23727347448465 - -2.3025850929940455 0.9994995327622372
20125 1.2373923142789374 13.781831383575975 - -3.5533460588187404 0.8197759060928685
30207 1.2401643845651653 13.781831383575975 - -4.701700439381664 0.8179432549029558
40281 1.1589165481727972 14.417867099558308 - -5.826954658996195 0.8687871638881509
50398 2.265274460628758 14.417867099558308 - -6.919884164528806 0.5023280685020365
60430 4.281288767561139 14.417867099558308 - -8.013483911373372 0.35646238642007055
70474 6.270057469640108 14.462329391661111 - -9.054467087204845 0.2848460750890364
80539 15.215236998456907 14.469667222854389 - -10.034295839882988 0.16942881646457256
90573 23.643043507352463 14.516450219611153 - -11.004695897404176 0.1093076131304348
100577 16.62173393789276 14.608726615602937 - -11.22679078090695 0.09436418646181492
110699 7.93403661944473 14.712058237991519 - -11.22679078090695 0.14632345537068997
120712 12.077767600791208 14.712058237991519 - -11.22679078090695 0.12459054038927338
130764 15.605752821635194 14.712058237991519 - -11.22679078090695 0.10118156674697093
140964 20.18469936946846 14.712058237991519 - -11.22679078090695 0.08976978240286006
3708027 1940.157403786958 14.348301859701605 - -5.957614692384777 0.007014401579365662
151370 24.239388656229906 14.712058237991519 - -11.22679078090695 0.0844050421565992
161618 27.161003725231087 14.712058237991519 - -11.22679078090695 0.07584613314416924
961927 199.0164173036432 14.589635272734299 - -9.131038888919838 0.027742351890369887
171764 31.559591837987625 14.712058237991519 - -11.22679078090695 0.07014144704656165
181934 35.37536261424116 14.712058237991519 - -11.22679078090695 0.06493592592243273
192158 39.63666238225435 14.712058237991519 - -11.22679078090695 0.059590188907886886
202715 44.53127141414165 14.712058237991519 - -11.22679078090695 0.05678330512509322
213227 49.30312050002593 14.712058237991519 - -11.22679078090695 0.05439523171505027
1765731 1390.3158542068293 14.504416725948277 - -9.165907824351535 0.008439841896341746
223637 53.9395382922945 14.712058237991519 - -11.22679078090695 0.05352678540506345
234032 58.38431523362713 14.712058237991519 - -11.22679078090695 0.05005746607099238
244336 62.39540968858198 14.712058237991519 - -11.22679078090695 0.047490299429011056
254710 67.95329504571528 14.712058237991519 - -11.22679078090695 0.046132667454276376
1122927 265.77983602748463 14.589635272734299 - -9.131038888919838 0.024516459716794912
1926185 1570.69198352716 14.504416725948277 - -9.165907824351535 0.007874487180117774
1283195 293.3423223411334 14.597307971375672 - -9.131038888919838 0.02200623336875418
 Adding parameter  x0  with limits  [-5.0, 5.0]
   Adapting  x0
 Adding parameter  x1  with limits  [-5.0, 5.0]
   Adapting  x1
 Adding parameter  x2  with limits  [-5.0, 5.0]
   Adapting  x2
 Adding parameter  x3  with limits  [-5.0, 5.0]
   Adapting  x3
40000 1.0002647527929944 13.046653528039176 - -3.6888794541139363 0.9992350870997176
80064 1.0834040775344047 14.324498962640755 - -6.023350735970304 0.9251757181475144
120192 1.7677026509254157 14.53713125861024 - -8.263528368835733 0.603672752788833
160224 6.125531688408214 14.564358798928922 - -10.356872815684559 0.24577804133229644
200256 25.884818077406134 14.642326539164076 - -12.179501376229126 0.10023234154487577
 Adding parameter  x0  with limits  [-5.0, 5.0]
   Adapting  x0
 Adding parameter  x1  with limits  [-5.0, 5.0]
   Adapting  x1
 Adding parameter  x2  with limits  [-5.0, 5.0]
   Adapting  x2
 Adding parameter  x3  with limits  [-5.0, 5.0]
   Adapting  x3
240351 127.5228916528327 14.654857589654865 - -12.180288777844613 0.04086918506404407
40000 1.0000000661241717 13.046494005028253 - -3.6888794541139363 0.9994998087802088
80112 1.0001984162095883 13.713563825343874 - -5.737990645985938 0.9993014097913346
280365 247.34679267283713 14.656113748501793 - -12.180288777844613 0.028281713390777632
120180 1.1239193124325904 14.48238245543781 - -7.733506952728013 0.8926308246810184
2087438 1763.3525163375275 14.504416725948277 - -9.165907824351535 0.007494757393492558
320541 367.7275315876707 14.656113748501793 - -12.180288777844613 0.02262137647783148
160356 1.1226109028368707 14.677752896678971 - -9.737281615482434 0.8921399044457843
200466 4.670243998063185 14.697424955508223 - -11.680043958247015 0.31474005566428304
361011 491.55707611140656 14.656113748501793 - -12.180288777844613 0.01927407261219407
1444178 346.6107800693942 14.597307971375672 - -9.131038888919838 0.020071458805448673
240510 24.190307352492756 14.697424955508223 - -13.49828306027945 0.10881886566688945
401027 582.4607213261316 14.660604937723523 - -12.180288777844613 0.01712642982849742
280528 144.5565615684083 14.71818710784786 - -13.547869421479446 0.039484010445105834
320854 276.3423491045954 14.71818710784786 - -13.547869421479446 0.028192382294972663
441571 706.3666050375325 14.660604937723523 - -12.180288777844613 0.01553574793104842
360906 421.29801431435726 14.71818710784786 - -13.547869421479446 0.0229088181987162
401216 559.7832693933843 14.71818710784786 - -13.547869421479446 0.01969430956370229
481611 840.1842766215829 14.660604937723523 - -12.180288777844613 0.01430381419987584
441863 716.6681492425059 14.71818710784786 - -13.547869421479446 0.017428846196542284
 Adding parameter  x0  with limits  [-5.0, 5.0]
   Adapting  x0
 Adding parameter  x1  with limits  [-5.0, 5.0]
   Adapting  x1
 Adding parameter  x2  with limits  [-5.0, 5.0]
   Adapting  x2
 Adding parameter  x3  with limits  [-5.0, 5.0]
   Adapting  x3
522123 965.002495150397 14.660604937723523 - -12.180288777844613 0.013332295019709499
10000 1.0000000928146027 13.133778486632695 - -2.3025850929940455 0.9994997820764292
20086 1.0000001189554688 13.133778486632695 - -3.5542045507873343 0.9994997559224885
3868502 2047.7277510346923 14.348301859701605 - -5.957614692384777 0.006866842531939087
30136 1.0000246263754953 13.933593178109849 - -4.729469190976527 0.9994752370529771
482228 865.6745297740322 14.71818710784786 - -13.547869421479446 0.015841143382360437
40210 1.2889931645667867 14.023397365913965 - -5.831409269737311 0.8060715155485315
50308 1.9577984151207013 14.224132886690281 - -6.89439438076227 0.6098581945115067
60352 2.278044021428092 14.405916259034417 - -7.889496293060715 0.5243314216482564
70450 1.3603858185025026 14.57839541615237 - -8.889760458711049 0.739334181062881
80567 3.9726248805626803 14.57839541615237 - -9.930743634542521 0.35316690124892447
90679 9.952101502474903 14.57839541615237 - -10.916933493796344 0.18905026255047788
100683 16.983104928852434 14.62003625955008 - -11.869363272286373 0.12844326621591984
2248742 1954.689801549282 14.504416725948277 - -9.165907824351535 0.0071252843974372
110687 44.01076590025265 14.62003625955008 - -11.917627873653553 0.07377295596396136
120767 75.63241312322508 14.625229875747408 - -11.918096367454579 0.05517775754941865
522777 1015.3110170744145 14.71818710784786 - -13.547869421479446 0.014582902051582412
562971 1095.8113261885826 14.660604937723523 - -12.180288777844613 0.01251825904206982
131030 107.35286074367372 14.625229875747408 - -11.918429035454984 0.046167746121891284
1604867 403.74869679306784 14.597307971375672 - -9.131038888919838 0.01840441084867871
141260 139.10866182421287 14.625229875747408 - -11.918429035454984 0.039925722594777474
151508 174.24476691042443 14.625229875747408 - -11.918429035454984 0.03508229385934587
161780 207.14237477818233 14.625229875747408 - -11.918429035454984 0.0318159187477617
171923 240.0209465588975 14.625229875747408 - -11.918429035454984 0.029721549618204057
562829 1170.4793303084832 14.71818710784786 - -13.547869421479446 0.013660333646752239
182197 277.1666175664221 14.625229875747408 - -11.918429035454984 0.02788558412529999
603219 1217.7622824149994 14.660604937723523 - -12.180288777844613 0.011797915181404568
192457 314.18021582619934 14.625229875747408 - -11.918429035454984 0.026259115383870563
202869 295.5291353739931 14.636995768434405 - -11.918429035454984 0.025021270737635083
603936 1326.8744108817211 14.71818710784786 - -13.547869421479446 0.012782753703733461
213309 326.79066987959163 14.636995768434405 - -11.918429035454984 0.023706058763024083
223747 359.1597729776055 14.636995768434405 - -11.918429035454984 0.022582946016263275
644169 1357.043079286708 14.660604937723523 - -12.180288777844613 0.011180534936358462
234015 392.5923809383902 14.636995768434405 - -11.918429035454984 0.021625654038487492
644816 1493.9973515062177 14.71818710784786 - -13.547869421479446 0.012126968795926736
244559 422.5753812093465 14.636995768434405 - -11.918429035454984 0.020740909362761857
254799 457.81503198379824 14.636995768434405 - -11.918429035454984 0.01989716330581938
685472 1655.289168888375 14.71818710784786 - -13.547869421479446 0.011520559033132337
684649 1474.3692327212855 14.661220198942548 - -12.180288777844613 0.010644090966350283
725792 1817.283319221206 14.71818710784786 - -13.547869421479446 0.010975221685727062
2410917 2150.8175369138485 14.504416725948277 - -9.165907824351535 0.006757646772729616
725081 1608.8160882831305 14.661220198942548 - -12.180288777844613 0.010201847988606393
1766057 461.4280395330083 14.597307971375672 - -9.131038888919838 0.017358793209162317
766526 1987.1163584176516 14.71818710784786 - -13.547869421479446 0.010521981592090722
765892 1692.79444219642 14.663563759412195 - -12.180288777844613 0.009825027400997676
806604 2153.3888629433336 14.71818710784786 - -13.547869421479446 0.010101125708098721
806356 1825.3259025742798 14.663742841437625 - -12.180288777844613 0.009457047775004293
846653 2311.9257163397574 14.71818710784786 - -13.547869421479446 0.009715798793432442
887477 2476.7480431264776 14.71818710784786 - -13.547869421479446 0.00939274003318549
846711 1962.8862037938545 14.663742841437625 - -12.180288777844613 0.00915588859639156
2571652 2346.4755336451794 14.504416725948277 - -9.165907824351535 0.006480351310119795
1926679 509.0461926103127 14.599192533874438 - -9.131038888919838 0.016442167123383873
928085 2635.6858029880323 14.71818710784786 - -13.547869421479446 0.00907586932440123
887647 2096.415934892792 14.663742841437625 - -12.180288777844613 0.008868442429861982
968229 2803.9360357556384 14.71818710784786 - -13.547869421479446 0.008799628236589094
928105 2230.1379147030393 14.66383334938484 - -12.180288777844613 0.008601622981745055
4031819 2150.8771873022642 14.348301859701605 - -5.957614692384777 0.006719358432785894
 Adding parameter  x0  with limits  [-5.0, 5.0]
   Adapting  x0
 Adding parameter  x1  with limits  [-5.0, 5.0]
   Adapting  x1
 Adding parameter  x2  with limits  [-5.0, 5.0]
   Adapting  x2
 Adding parameter  x3  with limits  [-5.0, 5.0]
   Adapting  x3
1009673 2983.00822505433 14.71818710784786 - -13.547869421479446 0.008545668736086235
969091 2374.8820087292156 14.66383334938484 - -12.180288777844613 0.008383869530779605
160000 1.9188579461651147 14.260440426162113 - -5.075173815233827 0.6865816194967777
2734256 2542.8547993835455 14.504416725948277 - -9.165907824351535 0.006232922661017888
2088004 567.8313343216585 14.599192533874438 - -9.131038888919838 0.015460200842748198
320016 1.6839079865346425 14.571536470519318 - -8.75068936888963 0.6344609147245325
1009891 2490.0342653235116 14.664542442136026 - -12.180288777844613 0.008161308713638316
480176 17.832984572675485 14.639611389074867 - -11.351968962295969 0.1039317367648856
640247 173.07103035676897 14.662188579183344 - -11.351968962295969 0.02730928835194693
800610 371.4606897845393 14.662188579183344 - -11.351968962295969 0.019136468241390727
2894540 2713.707661631762 14.505010406461661 - -9.165907824351535 0.006007246710303625
2249813 625.0541480461399 14.599192533874438 - -9.131038888919838 0.01468195588733188
960980 582.1577989681233 14.662188579183344 - -11.351968962295969 0.015213793012990641
1121096 800.9697713045214 14.662188579183344 - -11.351968962295969 0.012971707878639643
 Adding parameter  x0  with limits  [-5.0, 5.0]
   Adapting  x0
 Adding parameter  x1  with limits  [-5.0, 5.0]
   Adapting  x1
 Adding parameter  x2  with limits  [-5.0, 5.0]
   Adapting  x2
 Adding parameter  x3  with limits  [-5.0, 5.0]
   Adapting  x3
40000 1.000000000005422 13.537672546398658 - -3.6888794541139363 0.9994998749320362
80066 1.0001909655466 14.477197281272835 - -6.021411623475934 0.9993088584598675
120147 1.5481481649410862 14.570399965459734 - -8.261589256341363 0.6851971348691362
160167 6.351864276938089 14.570399965459734 - -10.452683973302046 0.2644232637791162
1281872 1038.1986400637816 14.662188579183344 - -11.351968962295969 0.01155452646178009
200253 17.6146002927422 14.640501931347524 - -12.484262916912156 0.10987852194547942
 Adding parameter  x0  with limits  [-5.0, 5.0]
   Adapting  x0
 Adding parameter  x1  with limits  [-5.0, 5.0]
   Adapting  x1
 Adding parameter  x2  with limits  [-5.0, 5.0]
   Adapting  x2
 Adding parameter  x3  with limits  [-5.0, 5.0]
   Adapting  x3
240321 68.03131338083492 14.693401126670189 - -12.484262916912156 0.041940606033625906
280641 90.1351661150493 14.725200520444126 - -12.484262916912156 0.03211568934970406
320756 91.71766930497141 14.756578936526406 - -12.484262916912156 0.03062838655141105
160000 10.433196544599523 14.160907655018645 - -5.075173815233827 0.1859876266007878
3057388 2912.348267097391 14.505010406461661 - -9.165907824351535 0.00578525401272294
 Adding parameter  x0  with limits  [-5.0, 5.0]
   Adapting  x0
 Adding parameter  x1  with limits  [-5.0, 5.0]
   Adapting  x1
 Adding parameter  x2  with limits  [-5.0, 5.0]
   Adapting  x2
 Adding parameter  x3  with limits  [-5.0, 5.0]
   Adapting  x3
360827 125.59399892189876 14.756578936526406 - -12.484262916912156 0.028927828100378583
40000 1.0000000000041378 13.207104988250043 - -3.6888794541139363 0.999499874933321
2410412 685.0872152926942 14.599192533874438 - -9.131038888919838 0.014061190150500655
80176 1.0000771885188309 13.207104988250043 - -5.682763107432126 0.9994226554992209
1442627 1264.3745178528993 14.662188579183344 - -11.351968962295969 0.010353712316012393
400919 159.3086003373368 14.756578936526406 - -12.484262916912156 0.025278379440179768
120194 1.6521141724459287 14.413445142515707 - -7.527431232315583 0.669629851150686
320026 119.83662162016145 14.248376118598362 - -6.561627778627433 0.03947886883192689
160314 3.9672211884720117 14.465048037132721 - -9.24858939436009 0.45380339959805865
200496 1.6479455134985943 14.72246798360304 - -10.966881711706273 0.6181230533143259
441621 193.43653463417562 14.756578936526406 - -12.484262916912156 0.022755688350906533
240608 4.043713838411499 14.750772185486827 - -12.61361540888407 0.31969907697514344
280626 9.666840778513343 14.846078449512953 - -13.628548676875695 0.19010430320202445
320721 26.186193269683287 14.846078449512953 - -13.628548676875695 0.10408219646667347
480270 657.879262694719 14.248376118598362 - -6.561627778627433 0.016759450859248643
482471 209.36914304520707 14.763448414546414 - -12.484262916912156 0.021234179428269814
360838 40.88330553717971 14.846078449512953 - -13.628548676875695 0.08023876701388273
400976 60.02768984592134 14.846078449512953 - -13.628548676875695 0.06440670712138169
522551 241.1739821399673 14.763448414546414 - -12.484262916912156 0.019870217606305553
441276 80.94385473726645 14.846078449512953 - -13.628548676875695 0.055489655655259255
1604229 1497.7623334937607 14.662188579183344 - -11.351968962295969 0.009428831514778269
481894 99.97801446142945 14.846078449512953 - -13.628548676875695 0.04951799999251927
640630 1196.6360958651958 14.251470427754015 - -6.561627778627433 0.012177896255868872
562565 274.14147090269535 14.763448414546414 - -12.484262916912156 0.01863053494960094
522340 118.29544469943309 14.846078449512953 - -13.628548676875695 0.04544645816893192
562705 142.76989408514297 14.846078449512953 - -13.628548676875695 0.0427896961417717
603228 310.96915417665457 14.763448414546414 - -12.484262916912156 0.017630028108511813
603590 165.26238021382892 14.846078449512953 - -13.628548676875695 0.039218302089499404
644155 185.53442962334827 14.846078449512953 - -13.628548676875695 0.03654132282693723
801550 1789.5428051954607 14.25298349292611 - -6.561627778627433 0.009908863916850388
643303 345.57707331885103 14.763448414546414 - -12.484262916912156 0.016719509562108596
3219010 3109.6111308526824 14.505010406461661 - -9.165907824351535 0.005590949837138267
1765509 1737.5284631580414 14.662188579183344 - -11.351968962295969 0.008755062824128362
684217 208.6590992449872 14.846078449512953 - -13.628548676875695 0.03444453832428641
2570832 745.2676852963269 14.599192533874438 - -9.131038888919838 0.013518977103082716
725369 232.72801887960753 14.846078449512953 - -13.628548676875695 0.03272834140692152
683761 381.7259448732326 14.763448414546414 - -12.484262916912156 0.015861706975952353
765839 251.3906291114754 14.846078449512953 - -13.628548676875695 0.03123778937890726
724497 414.33986129640095 14.763448414546414 - -12.484262916912156 0.015048182395619468
961675 2426.9026487996757 14.25298349292611 - -6.561627778627433 0.008528186610939821
807193 272.65330443932476 14.846078449512953 - -13.628548676875695 0.029831416865045722
847289 292.33512806966627 14.846078449512953 - -13.628548676875695 0.028622952976820243
1926621 1979.7320671812467 14.662188579183344 - -11.351968962295969 0.008183736569490932
764828 449.8654902641689 14.763448414546414 - -12.484262916912156 0.014410943409204926
887654 312.77243275117416 14.846078449512953 - -13.628548676875695 0.027373182375529746
928318 336.8262519126972 14.846078449512953 - -13.628548676875695 0.026533044523332508
805208 486.4926404754104 14.763448414546414 - -12.484262916912156 0.013938660673351517
1122055 3085.3519457780767 14.25298349292611 - -6.561627778627433 0.007584519600444522
969844 356.3104976774363 14.846078449512953 - -13.628548676875695 0.025671936217889164
845837 523.083997440811 14.763448414546414 - -12.484262916912156 0.0135170553784049
1010844 373.638164631998 14.846078449512953 - -13.628548676875695 0.02493443486998941
2732301 804.2593951233042 14.599192533874438 - -9.131038888919838 0.012959178247652229
886988 558.9040323230987 14.763448414546414 - -12.484262916912156 0.013085059564951235
2087821 2224.2643238413675 14.662188579183344 - -11.351968962295969 0.007743555407094337
928204 597.4777676069808 14.763448414546414 - -12.484262916912156 0.012924338268634223
 Adding parameter  x0  with limits  [-5.0, 5.0]
   Adapting  x0
 Adding parameter  x1  with limits  [-5.0, 5.0]
   Adapting  x1
 Adding parameter  x2  with limits  [-5.0, 5.0]
   Adapting  x2
 Adding parameter  x3  with limits  [-5.0, 5.0]
   Adapting  x3
160000 1.1855974143318415 14.160617921959709 - -5.075173815233827 0.8469363826758267
968515 637.6394371888251 14.763448414546414 - -12.484262916912156 0.01259365263792407
320178 2.196793253379113 14.520480759826146 - -7.95880065500351 0.5040120325278616
2248058 2475.0879568540636 14.662188579183344 - -11.351968962295969 0.007333323309153858
480212 8.3225369608762 14.591816753815689 - -10.616469426544795 0.17517794505990558
1009231 675.9282915651448 14.763448414546414 - -12.484262916912156 0.012271226665220401
 Adding parameter  x0  with limits  [-5.0, 5.0]
   Adapting  x0
 Adding parameter  x1  with limits  [-5.0, 5.0]
   Adapting  x1
 Adding parameter  x2  with limits  [-5.0, 5.0]
   Adapting  x2
 Adding parameter  x3  with limits  [-5.0, 5.0]
   Adapting  x3
640468 98.43294583186258 14.596770603282641 - -10.680078630248412 0.0431620358322431
2892321 869.3394649878693 14.599192533874438 - -9.131038888919838 0.012528770202418708
160000 1.2830407630518856 13.384569014111637 - -5.075173815233827 0.8073950597498878
801108 207.3786627869023 14.597437166529724 - -10.680078630248412 0.029420868374043466
 Adding parameter  x0  with limits  [-5.0, 5.0]
   Adapting  x0
 Adding parameter  x1  with limits  [-5.0, 5.0]
   Adapting  x1
 Adding parameter  x2  with limits  [-5.0, 5.0]
   Adapting  x2
 Adding parameter  x3  with limits  [-5.0, 5.0]
   Adapting  x3
320004 1.9938803254850248 14.512023947989272 - -8.394582521462974 0.5882665445220885
40000 1.0000008048406979 13.216176229321109 - -3.6888794541139363 0.9994990696950083
80120 1.0815384338520235 14.202718371983947 - -6.015278725207237 0.9254886444529249
961708 307.6834142564376 14.6004094396081 - -10.680078630248412 0.023619633134034177
120201 1.0505008072602062 14.73990510450699 - -8.219037463894388 0.9518218558374784
160221 1.2973918918217677 14.73990510450699 - -10.394243627558604 0.7712323512781984
480064 9.087519758218054 14.634146166264978 - -11.563889879362682 0.18915305323585324
200236 5.506324131691673 14.76184027914606 - -11.914243655017753 0.2520643588107743
240280 19.166762720953912 14.76184027914606 - -11.91470693971448 0.0977217234658628
280456 28.456528037329196 14.776282857046752 - -11.91470693971448 0.07538195612540474
1123348 414.26595986411974 14.6004094396081 - -10.680078630248412 0.020144890919362834
640204 109.70997200856473 14.687091573440725 - -12.441694436662809 0.03929513590797837
320934 42.74807703161186 14.776282857046752 - -11.91470693971448 0.06456670247173826
2410130 2732.430411838597 14.662188579183344 - -11.351968962295969 0.007001761861421722
361119 57.2722654554189 14.776282857046752 - -11.91470693971448 0.054485419288153515
401575 65.9308696651105 14.780965058526233 - -11.91470693971448 0.048660086400250054
800340 350.58112388379783 14.693470013985435 - -12.441694436662809 0.02098023147922952
1283955 532.124597889871 14.6004094396081 - -10.680078630248412 0.017865110948395994
441901 81.72182725989228 14.780965058526233 - -11.91470693971448 0.04490596722558073
482337 96.98908840565493 14.780965058526233 - -11.91470693971448 0.04085195517781409
960711 639.076095241929 14.693470013985435 - -12.441694436662809 0.015482211253066569
1445977 620.5444643968392 14.602994665769568 - -10.680078630248412 0.016129680140562323
522845 109.7843262321917 14.780965058526233 - -11.91470693971448 0.03751527650554444
3053391 933.6812390379008 14.599192533874438 - -9.131038888919838 0.012082841746752821
563210 121.69364731899772 14.780965058526233 - -11.91470693971448 0.034438530299608604
1121774 932.3431960958868 14.693470013985435 - -12.441694436662809 0.01291075687059098
1606425 730.5905211523952 14.602994665769568 - -10.680078630248412 0.014925547741941943
 Adding parameter  x0  with limits  [-5.0, 5.0]
   Adapting  x0
 Adding parameter  x1  with limits  [-5.0, 5.0]
   Adapting  x1
 Adding parameter  x2  with limits  [-5.0, 5.0]
   Adapting  x2
 Adding parameter  x3  with limits  [-5.0, 5.0]
   Adapting  x3
604095 136.30321321524445 14.780965058526233 - -11.91470693971448 0.03261457294496064
40000 1.0000055508549084 14.393066259468133 - -3.6888794541139363 0.999494321351267
80015 1.224081251913455 14.393066259468133 - -5.876951160319221 0.8243041190341664
120029 3.245667835083698 14.462944620077485 - -7.959886591253313 0.45902344234215015
160045 14.68413416994034 14.488206076973931 - -10.0238337119745 0.1770702060990829
644991 149.4861539309514 14.780965058526233 - -11.91470693971448 0.030785768385766868
200221 44.52301731050363 14.559791926578056 - -11.34413772135855 0.07392160456542642
1282347 1235.2490017005293 14.69351490523291 - -12.441694436662809 0.01118212943696461
240310 193.13897000719027 14.55994390503359 - -11.344382729322534 0.03462331284850455
280540 349.1707016066622 14.565209023438545 - -11.344382729322534 0.02526389140096631
1766865 792.787336740619 14.6072889269586 - -10.680078630248412 0.013822999613549975
320645 500.83423918783615 14.565209023438545 - -11.344382729322534 0.021123131650363704
686165 165.49852476901742 14.780965058526233 - -11.91470693971448 0.029474118273545836
2572180 2993.0840601323052 14.662188579183344 - -11.351968962295969 0.006685594087771491
361286 665.8051413979896 14.565209023438545 - -11.344382729322534 0.018148400221126477
401729 837.2433377545462 14.565209023438545 - -11.344382729322534 0.015989256271845192
1443247 1535.036153656082 14.69351490523291 - -12.441694436662809 0.009964110231654826
726326 177.8916243326702 14.780965058526233 - -11.91470693971448 0.028116741591567216
442255 1014.7989561562822 14.565209023438545 - -11.344382729322534 0.01462683003273731
1928802 909.1883519227761 14.6072889269586 - -10.680078630248412 0.012968825186201943
482575 1172.8944595466787 14.566005752391302 - -11.344382729322534 0.013596665609787657
767122 191.9357334258193 14.780965058526233 - -11.91470693971448 0.027034871847569523
523455 1352.4353840508709 14.566005752391302 - -11.344382729322534 0.012614324467397358
1604226 1710.661654276742 14.698779213486194 - -12.441694436662809 0.009095367437091925
807856 204.88875166901988 14.780965058526233 - -11.91470693971448 0.025796825390743183
563563 1538.1111243559953 14.566005752391302 - -11.344382729322534 0.011861168242757304
2091382 1017.9196815410303 14.6072889269586 - -10.680078630248412 0.012219828362145762
604603 1722.3785310639046 14.566005752391302 - -11.344382729322534 0.011222256019756972
3214992 992.1273893784896 14.599192533874438 - -9.131038888919838 0.011656154312811175
847963 221.4224742538558 14.780965058526233 - -11.91470693971448 0.02529072677046472
644632 1899.5532429131572 14.566005752391302 - -11.344382729322534 0.010669760200197352
1765562 2012.226806882279 14.698779213486194 - -12.441694436662809 0.008351351272862665
888143 235.37270222171134 14.780965058526233 - -11.91470693971448 0.024442893677085988
2251522 1126.1983998967808 14.6072889269586 - -10.680078630248412 0.01163779895260199
685486 2092.5734195322793 14.566005752391302 - -11.344382729322534 0.010184228367237548
726251 2217.7108315176556 14.568045641252098 - -11.344382729322534 0.009779951636180445
2734428 3249.068131433507 14.662188579183344 - -11.351968962295969 0.0064048603775153845
929135 250.9092100668746 14.780965058526233 - -11.91470693971448 0.023814545122312358
767481 2406.116386510043 14.568045641252098 - -11.344382729322534 0.009364731942867867
2411752 1234.305818525796 14.6072889269586 - -10.680078630248412 0.01106202955381871
1926185 2322.291232464965 14.698779213486194 - -12.441694436662809 0.007778330643998873
969311 268.6377512820022 14.780965058526233 - -11.91470693971448 0.023265954318832594
807936 2582.2444070415977 14.568045641252098 - -11.344382729322534 0.009034734098184354
848396 2766.0600025692324 14.568045641252098 - -11.344382729322534 0.00873607077024698
1010567 285.6391391619157 14.780965058526233 - -11.91470693971448 0.022631568311736523
2574904 1346.6555503043624 14.6072889269586 - -10.680078630248412 0.010584226920658472
2086621 2621.5346931311456 14.698779213486194 - -12.441694436662809 0.007295707549249321
888856 2960.443238655826 14.568045641252098 - -11.344382729322534 0.008454165953499683
3377670 1051.4759182386063 14.599192533874438 - -9.131038888919838 0.01120448342733979
930382 3159.9305023898037 14.568045641252098 - -11.344382729322534 0.008196805633010807
2737836 1439.4540156008693 14.608067943635154 - -10.680078630248412 0.010156686660588726
2246893 2940.24713957732 14.698779213486194 - -12.441694436662809 0.006915037777502785
 Adding parameter  x0  with limits  [-5.0, 5.0]
   Adapting  x0
 Adding parameter  x1  with limits  [-5.0, 5.0]
   Adapting  x1
 Adding parameter  x2  with limits  [-5.0, 5.0]
   Adapting  x2
 Adding parameter  x3  with limits  [-5.0, 5.0]
   Adapting  x3
2897908 1548.4372879837333 14.608067943635154 - -10.680078630248412 0.009766046203076926
160000 1.0001348435312576 14.147080193937915 - -5.075173815233827 0.9993649911662041
320025 1.0432500750131923 14.606971746988597 - -8.397724736237981 0.9583364483481306
2406973 3248.8642342013577 14.698779213486194 - -12.441694436662809 0.006549904847167495
480165 5.318410982886347 14.651951274445036 - -11.576486649169606 0.2893975148181975
 Adding parameter  x0  with limits  [-5.0, 5.0]
   Adapting  x0
 Adding parameter  x1  with limits  [-5.0, 5.0]
   Adapting  x1
 Adding parameter  x2  with limits  [-5.0, 5.0]
   Adapting  x2
 Adding parameter  x3  with limits  [-5.0, 5.0]
   Adapting  x3
3059459 1661.8180431854005 14.608067943635154 - -10.680078630248412 0.009428469950584287
40000 1.0329199205069903 13.710506892646723 - -3.6888794541139363 0.9681279587399844
80032 1.218770391294924 14.37649490000442 - -6.003590726905823 0.8335431827012839
120047 2.378659683244881 14.532445511687925 - -8.20701824836665 0.5393888754152184
640270 72.62887130996504 14.710330617873995 - -13.618588951995402 0.058344733898461655
3538050 1113.3185867193338 14.599192533874438 - -9.131038888919838 0.010917279986076354
160192 6.091287718121825 14.532445511687925 - -10.394865663890272 0.25391570210972136
200290 8.140966960618174 14.715436202933944 - -12.468132880564589 0.1771700029483574
240379 60.38572363154666 14.715436202933944 - -12.468132880564589 0.06033896971006045
280741 116.05070678463915 14.71818604971369 - -12.468132880564589 0.043567852611162375
800278 591.4059842119459 14.718908713044108 - -13.618588951995402 0.019291031634438516
320927 174.29124116132425 14.71818604971369 - -12.468132880564589 0.03483745909491688
361553 210.7018719960823 14.725298868856685 - -12.468132880564589 0.02986069746103214
 Adding parameter  x0  with limits  [-5.0, 5.0]
   Adapting  x0
 Adding parameter  x1  with limits  [-5.0, 5.0]
   Adapting  x1
 Adding parameter  x2  with limits  [-5.0, 5.0]
   Adapting  x2
 Adding parameter  x3  with limits  [-5.0, 5.0]
   Adapting  x3
40000 1.0000000000660674 14.01954204062426 - -3.6888794541139363 0.9994998748713605
402153 266.3616978725469 14.725298868856685 - -12.468132880564589 0.02714724419181342
80053 1.0003900906034902 14.01954204062426 - -5.826236067740204 0.999109814312555
960858 1185.868592449015 14.718908713044108 - -13.618588951995402 0.013576686596851635
120229 2.356830717996192 14.30915782022255 - -7.812602430140281 0.5567529840089556
3222083 1768.6797817036656 14.608067943635154 - -10.680078630248412 0.009119603334972684
160243 3.001725191528722 14.553960060405817 - -9.82162150752357 0.3995702407366947
442855 317.6965935952049 14.725298868856685 - -12.468132880564589 0.024380731279376178
200245 13.620511133506914 14.626274090693784 - -11.80165699273676 0.16341031963864677
240259 56.42948752604733 14.665190520597232 - -12.113882775467859 0.059763478188910785
280519 119.37671227728224 14.673379429036798 - -12.114049095634563 0.04166068252981673
483071 374.44951858726574 14.725298868856685 - -12.468132880564589 0.02241821114099246
321027 187.77595302435634 14.673379429036798 - -12.114049095634563 0.033121309166583804
1121158 1823.888181150522 14.718908713044108 - -13.618588951995402 0.010940009814820371
361287 258.95247189902113 14.673379429036798 - -12.114049095634563 0.02804275132672838
523948 433.1459570072296 14.725298868856685 - -12.468132880564589 0.020865282759233196
401822 325.72823699181635 14.676060911757382 - -12.114049095634563 0.024790607250448005
564380 488.4191888596771 14.725298868856685 - -12.468132880564589 0.019596714849026524
442247 403.6746448184417 14.676060911757382 - -12.114049095634563 0.02236506690873048
1281934 2497.426971866402 14.718908713044108 - -13.618588951995402 0.009331948995379062
482297 478.52514457122624 14.676060911757382 - -12.114049095634563 0.020775805419017534
605276 543.3319139306842 14.725298868856685 - -12.468132880564589 0.018448596558967557
3384156 1878.2093278584582 14.608067943635154 - -10.680078630248412 0.008848554405102838
522323 562.6235748039948 14.676060911757382 - -12.114049095634563 0.01930538510841336
645566 598.1451697128954 14.725298868856685 - -12.468132880564589 0.01754189396385697
562883 643.0837623502302 14.676060911757382 - -12.114049095634563 0.018062578980892016
 Adding parameter  x0  with limits  [-5.0, 5.0]
   Adapting  x0
 Adding parameter  x1  with limits  [-5.0, 5.0]
   Adapting  x1
 Adding parameter  x2  with limits  [-5.0, 5.0]
   Adapting  x2
 Adding parameter  x3  with limits  [-5.0, 5.0]
   Adapting  x3
1442923 3068.254255105082 14.721867522326063 - -13.618588951995402 0.008258803400331914
686024 658.6988352805496 14.725298868856685 - -12.468132880564589 0.016748657285074173
603879 719.9296656653913 14.676060911757382 - -12.114049095634563 0.017139402966223304
160000 1.1378272866954502 13.046653528039176 - -5.075173815233827 0.881281788793787
644875 805.6061250012211 14.676060911757382 - -12.114049095634563 0.016323400357476002
3698269 1173.1185889776968 14.599192533874438 - -9.131038888919838 0.010606987679828102
726479 712.7460687788989 14.725298868856685 - -12.468132880564589 0.016092308049271982
320132 1.6041550969583578 14.5869730092161 - -8.689060290306333 0.6686614061798175
3548036 1986.9610939242962 14.608067943635154 - -10.680078630248412 0.008584187747748344
685981 886.5958328379747 14.676060911757382 - -12.114049095634563 0.0155430353822616
767244 774.6579608864614 14.725298868856685 - -12.468132880564589 0.015508677447367059
480170 27.16953080991302 14.5869730092161 - -12.192182291690415 0.11624503675916523
726637 965.4096017119557 14.676060911757382 - -12.114049095634563 0.014805586586238517
640302 325.78584652703785 14.66114669746424 - -12.511219166770163 0.02208844111166244
808494 837.1091710640968 14.725298868856685 - -12.468132880564589 0.014929055597002487
767341 1047.9070077975543 14.676678281599585 - -12.114049095634563 0.014187939213364302
800910 863.3065640707129 14.663163686858557 - -12.511219166770163 0.013639468068855184
808230 1130.115332354508 14.676678281599585 - -12.114049095634563 0.013688802014681018
849123 898.5831981696629 14.725298868856685 - -12.468132880564589 0.01443713589934251
3708282 2095.10071434507 14.608067943635154 - -10.680078630248412 0.00833319608398771
848640 1211.9968774597621 14.676678281599585 - -12.114049095634563 0.013194884775349693
961085 1406.3183637794514 14.663163686858557 - -12.511219166770163 0.01062840363484681
889353 957.6115593023906 14.725298868856685 - -12.468132880564589 0.013981962649220053
889037 1299.8111776327942 14.676678281599585 - -12.114049095634563 0.012727856070185437
930261 1015.5800834683223 14.725298868856685 - -12.468132880564589 0.013504902876539234
1121723 1992.8244953887133 14.663163686858557 - -12.511219166770163 0.009008490972239241
 Adding parameter  x0  with limits  [-5.0, 5.0]
   Adapting  x0
 Adding parameter  x1  with limits  [-5.0, 5.0]
   Adapting  x1
 Adding parameter  x2  with limits  [-5.0, 5.0]
   Adapting  x2
 Adding parameter  x3  with limits  [-5.0, 5.0]
   Adapting  x3
929049 1385.4494088697884 14.676678281599585 - -12.114049095634563 0.012341390996910624
3872290 2210.039094344338 14.608067943635154 - -10.680078630248412 0.00811918905939564
160000 1.2321638780977349 14.125413489971638 - -5.075173815233827 0.8323151854325873
971571 1077.9580764216803 14.725298868856685 - -12.468132880564589 0.013113283757150793
320130 1.1450054771208484 14.572050486451253 - -8.675276698956917 0.8751127281007892
970181 1473.1202923947635 14.676678281599585 - -12.114049095634563 0.011951432364760576
3861085 1235.946054236717 14.599192533874438 - -9.131038888919838 0.01038477817188706
1282437 2591.7584056450905 14.663163686858557 - -12.511219166770163 0.007937755798229678
480290 7.144841704278736 14.705336239581468 - -12.072164809030975 0.18429751408625675
1012001 1137.2744077720183 14.725298868856685 - -12.468132880564589 0.012800373567129344
1010708 1559.287586833406 14.676678281599585 - -12.114049095634563 0.01160323813781224
640346 85.55221218295364 14.745330206301018 - -12.483989747426062 0.03731604762319381
4035053 2321.8472873640303 14.608067943635154 - -10.680078630248412 0.007927067001975506
1443177 3211.381337985229 14.663163686858557 - -12.511219166770163 0.007129549241463219
800396 229.47440857185845 14.753970769508856 - -12.483989747426062 0.023863748829179292
961253 370.8438454392022 14.756769941648864 - -12.483989747426062 0.018133691431923605
1121537 500.2140605662615 14.761891024501363 - -12.483989747426062 0.014951756951453898
1281755 656.3758382220378 14.761891024501363 - -12.483989747426062 0.012925755504484573
4021973 1297.1235789305529 14.599192533874438 - -9.131038888919838 0.010101896736759887
 Adding parameter  x0  with limits  [-5.0, 5.0]
   Adapting  x0
 Adding parameter  x1  with limits  [-5.0, 5.0]
   Adapting  x1
 Adding parameter  x2  with limits  [-5.0, 5.0]
   Adapting  x2
 Adding parameter  x3  with limits  [-5.0, 5.0]
   Adapting  x3
40000 1.0007067883638197 13.315108805457688 - -3.6888794541139363 0.9987934015109768
80095 1.0263036965443337 14.337247629262501 - -5.957080120246151 0.9741246071169419
120115 7.489435154495952 14.411405378763243 - -8.212049359298534 0.28533483678839344
 Adding parameter  x0  with limits  [-5.0, 5.0]
   Adapting  x0
 Adding parameter  x1  with limits  [-5.0, 5.0]
   Adapting  x1
 Adding parameter  x2  with limits  [-5.0, 5.0]
   Adapting  x2
 Adding parameter  x3  with limits  [-5.0, 5.0]
   Adapting  x3
160201 5.850804903597842 14.603335405009675 - -10.37514247347398 0.27602230535102135
40000 1.000000001121539 13.928605047950212 - -3.6888794541139363 0.9994998738153607
200346 36.87189535535557 14.61332358751857 - -11.400932700926763 0.09284884709924701
80053 1.342836178544723 14.00804207297317 - -5.738119487060651 0.783543062244643
120193 2.2322189451426597 14.443533982892463 - -7.7171880545936995 0.5237117858043504
240361 92.50538781694708 14.628901300197866 - -11.401220760845217 0.04963344729770619
160373 4.37114346545799 14.542397902584376 - -9.573173496121026 0.29442298699772623
1442870 814.1284168675808 14.761891024501363 - -12.483989747426062 0.011472954191520014
280674 169.75115299455226 14.630140534536709 - -11.401220760845217 0.03676919328175739
200485 22.151859305201214 14.555966855868819 - -11.342005460705376 0.13050321927914998
 Adding parameter  x0  with limits  [-5.0, 5.0]
   Adapting  x0
 Adding parameter  x1  with limits  [-5.0, 5.0]
   Adapting  x1
 Adding parameter  x2  with limits  [-5.0, 5.0]
   Adapting  x2
 Adding parameter  x3  with limits  [-5.0, 5.0]
   Adapting  x3
240683 44.992378266338264 14.64082924269235 - -11.884126193199082 0.061757644981202994
320784 228.5273727105902 14.635302815953434 - -11.401220760845217 0.030218732076229646
 Adding parameter  x0  with limits  [-5.0, 5.0]
   Adapting  x0
 Adding parameter  x1  with limits  [-5.0, 5.0]
   Adapting  x1
 Adding parameter  x2  with limits  [-5.0, 5.0]
   Adapting  x2
 Adding parameter  x3  with limits  [-5.0, 5.0]
   Adapting  x3
280769 57.69633096071916 14.686512994733466 - -11.884472873736442 0.04292238986005678
321099 98.17588482079688 14.686512994733466 - -11.884472873736442 0.03232251506205164
361044 295.75406559220215 14.635302815953434 - -11.401220760845217 0.02612188688094963
160000 1.0086745461795315 13.207104988250043 - -5.075173815233827 0.99093290731513
361278 139.58619259645855 14.686512994733466 - -11.884472873736442 0.027896615259083695
401414 384.10375542752627 14.635302815953434 - -11.401220760845217 0.02358001569713021
160000 1.7563891602817248 14.136792946674847 - -5.075173815233827 0.6040399298663043
401630 184.6961741127791 14.686512994733466 - -11.884472873736442 0.02476219784189866
320160 1.2730352685755046 14.445647264926997 - -8.206878250311032 0.8003026467114572
442130 220.90239434146872 14.686512994733466 - -11.884472873736442 0.021973775410915507
442014 459.41596600582204 14.635302815953434 - -11.401220760845217 0.021389266456884486
320035 11.311101149888273 14.417581414906756 - -8.731555903754987 0.16225217287857055
482351 259.9233476357872 14.686512994733466 - -11.884472873736442 0.01980415199543413
480184 1.3539879206882857 14.832970758487258 - -11.199054207662247 0.7514747642005307
482142 542.0471020869596 14.635302815953434 - -11.401220760845217 0.019817224564599948
1603460 984.4946826514625 14.761891024501363 - -12.483989747426062 0.010488938924377033
522593 303.5899638194329 14.686512994733466 - -11.884472873736442 0.018580045273826267
480107 245.464748761635 14.45645759861409 - -9.432618257832157 0.0254822019993046
563367 347.3012796326177 14.686512994733466 - -11.884472873736442 0.01741942044518426
522756 614.6005474587206 14.635302815953434 - -11.401220760845217 0.018474978878435376
640314 10.31416000349487 14.832970758487258 - -13.894289151828481 0.1905788471223671
603385 391.71279768733126 14.686512994733466 - -11.884472873736442 0.016442278153175817
562809 695.4783932772503 14.635302815953434 - -11.401220760845217 0.017377868602273996
800490 83.82796111111261 14.848726268093623 - -13.894624590977376 0.05314483522393232
640583 785.414597673344 14.457268277678624 - -9.432618257832157 0.014141223908269055
643843 438.34495381399233 14.686512994733466 - -11.884472873736442 0.01543460248963948
603287 739.7593149128072 14.638558709435049 - -11.401220760845217 0.016523153689320422
685027 486.41154509528894 14.686512994733466 - -11.884472873736442 0.014890519885549715
961140 173.65183523367764 14.848726268093623 - -13.894624590977376 0.03696246503532338
1763704 1147.5475623452662 14.761891024501363 - -12.483989747426062 0.009721003604955548
725707 531.3686841431954 14.686512994733466 - -11.884472873736442 0.01429842004924901
800915 1102.780451788896 14.47223008845615 - -9.432618257832157 0.010783603034584538
643895 814.7276770604066 14.638558709435049 - -11.401220760845217 0.01572883902081436
1122058 264.9559027811607 14.848726268093623 - -13.894624590977376 0.029646896985171055
765756 578.447551813816 14.686512994733466 - -11.884472873736442 0.013819988046387158
684565 895.5783260755325 14.638558709435049 - -11.401220760845217 0.014955251831547651
807052 629.890032916897 14.686512994733466 - -11.884472873736442 0.013246112157883063
1283014 363.82634942812484 14.848726268093623 - -13.894624590977376 0.025545248713460297
961661 578.630305618502 14.541823946236462 - -9.432618257832157 0.009137439641528532
 Adding parameter  x0  with limits  [-5.0, 5.0]
   Adapting  x0
 Adding parameter  x1  with limits  [-5.0, 5.0]
   Adapting  x1
 Adding parameter  x2  with limits  [-5.0, 5.0]
   Adapting  x2
 Adding parameter  x3  with limits  [-5.0, 5.0]
   Adapting  x3
724759 979.5169809431858 14.638558709435049 - -11.401220760845217 0.014361483666703603
848212 678.9784810269382 14.686512994733466 - -11.884472873736442 0.01280561603709222
160000 3.2243619013200506 14.142433223663087 - -5.075173815233827 0.45368549122136287
888512 726.4561425082237 14.686512994733466 - -11.884472873736442 0.012366788131744416
1444721 461.0978932946381 14.848726268093623 - -13.894624590977376 0.02250103083459011
765367 1059.4041518372155 14.638558709435049 - -11.401220760845217 0.013790355819987065
1923955 1308.679193506159 14.761891024501363 - -12.483989747426062 0.009008591294033811
320024 6.206126904551847 14.463329873980204 - -8.518024845496095 0.2522184267418831
1122117 764.9310908151713 14.541823946236462 - -9.432618257832157 0.008037692339118574
929020 774.9879955068627 14.686512994733466 - -11.884472873736442 0.011991144647522867
480184 63.31509407105841 14.522318044172547 - -9.794526646405094 0.05406697433491627
806135 1145.0043370439098 14.638558709435049 - -11.401220760845217 0.013311727924604291
1604961 560.4563722140124 14.848726268093623 - -13.894624590977376 0.020326878857361223
969720 821.3170905665753 14.686512994733466 - -11.884472873736442 0.011645511169141247
640409 245.28868880513284 14.537719107505366 - -9.794526646405094 0.027855612872558062
846935 1229.4969916020734 14.638558709435049 - -11.401220760845217 0.012854283872703714
1010945 866.5060104528995 14.686512994733466 - -11.884472873736442 0.011243241186706337
1283001 953.7551276459891 14.541823946236462 - -9.432618257832157 0.007264951920004464
1765634 668.7379641105595 14.848726268093623 - -13.894624590977376 0.018596300669939007
800434 458.7389962723489 14.537719107505366 - -9.794526646405094 0.019777332122373835
2085119 1473.5143033672312 14.761891024501363 - -12.483989747426062 0.008436708716585441
888215 1313.0035981260637 14.638558709435049 - -11.401220760845217 0.012417935704109422
961409 690.6288043445841 14.537719107505366 - -9.794526646405094 0.016144253459403284
1926197 768.8817163831947 14.848726268093623 - -13.894624590977376 0.017347620617549884
929018 1398.7456373576242 14.638558709435049 - -11.401220760845217 0.012018697150921409
1444569 1146.4478627783808 14.541823946236462 - -9.432618257832157 0.006866008459707688
1122241 916.9860132717153 14.538290819248536 - -9.794526646405094 0.014054939473903513
969646 1482.7572260526476 14.638558709435049 - -11.401220760845217 0.011668799447217644
2087007 869.6627524804646 14.848726268093623 - -13.894624590977376 0.01624238578478812
2246637 1590.41468912219 14.764225663607128 - -12.483989747426062 0.008003552867462975
1010890 1571.9473765204182 14.638558709435049 - -11.401220760845217 0.01136429675342675
1283841 1149.2080445795118 14.538290819248536 - -9.794526646405094 0.012413906809146806
1605837 1255.3149200677508 14.546168332261457 - -9.432618257832157 0.00642556313678075
2247803 976.1799800325953 14.848726268093623 - -13.894624590977376 0.0152725887943518
 Adding parameter  x0  with limits  [-5.0, 5.0]
   Adapting  x0
 Adding parameter  x1  with limits  [-5.0, 5.0]
   Adapting  x1
 Adding parameter  x2  with limits  [-5.0, 5.0]
   Adapting  x2
 Adding parameter  x3  with limits  [-5.0, 5.0]
   Adapting  x3
40000 1.2959280868411396 12.23425929190992 - -3.6888794541139363 0.8041050933704035
80050 1.98715795663326 13.823431239031963 - -5.356208844963814 0.7063560206215466
120233 1.7499194855062605 14.153866986762004 - -6.910345441612826 0.706968631161057
1443910 1394.870345976153 14.538290819248536 - -9.794526646405094 0.011267579553487868
160398 1.8493870487582136 14.291639739987245 - -8.437705243011319 0.5663152746387401
200438 2.078132839469614 14.655448134713973 - -9.860090424275564 0.5956064897634967
240638 3.7225667232125037 14.655448134713973 - -11.225671743797912 0.35211220887513855
280678 3.4853536092544086 14.780482419924144 - -12.541811844994596 0.3028460109488054
2406877 1759.1150786901364 14.764225663607128 - -12.483989747426062 0.007621735251181466
2408932 1082.8851332793906 14.848726268093623 - -13.894624590977376 0.01445292916701515
320934 16.23632717372781 14.780482419924144 - -13.130769096387732 0.11886738268780067
361122 40.50384002682807 14.780482419924144 - -13.131180196085197 0.06680754763922102
401582 61.245278780881364 14.780482419924144 - -13.131180196085197 0.052120951897665996
1767623 1433.1391921724273 14.546168332261457 - -9.432618257832157 0.006054139229525995
441958 86.44762825257219 14.780482419924144 - -13.131180196085197 0.044141701939484135
482331 109.24463353963905 14.780482419924144 - -13.131180196085197 0.038384873869787894
522651 134.9065691050649 14.780482419924144 - -13.131180196085197 0.03452849230991456
563211 157.81531509347505 14.780482419924144 - -13.131180196085197 0.03160971593892057
1605428 1625.0076260615608 14.538932008818055 - -9.794526646405094 0.010465022967092792
603601 180.18338779593884 14.780482419924144 - -13.131180196085197 0.029405218231250693
643663 203.33129417568387 14.780482419924144 - -13.131180196085197 0.02740096531671609
2570356 1189.0733562319742 14.848726268093623 - -13.894624590977376 0.013749779512997565
684719 227.40793642553155 14.780482419924144 - -13.131180196085197 0.025608835252364168
724799 238.2124651346553 14.785454500586605 - -13.131180196085197 0.025052192146934545
 Adding parameter  x0  with limits  [-5.0, 5.0]
   Adapting  x0
 Adding parameter  x1  with limits  [-5.0, 5.0]
   Adapting  x1
 Adding parameter  x2  with limits  [-5.0, 5.0]
   Adapting  x2
 Adding parameter  x3  with limits  [-5.0, 5.0]
   Adapting  x3
765863 245.76586613216864 14.790126912187937 - -13.131180196085197 0.02436669056771264
40000 1.0017937008493634 13.383710742542434 - -3.6888794541139363 0.9977098919203286
80040 1.0217583373492998 14.293645353218084 - -5.986150452284213 0.9783151598953583
806211 269.62189165248776 14.790126912187937 - -13.131180196085197 0.023655916495326654
120126 2.7427025778311056 14.404845882087395 - -8.193105314263008 0.4875967387240229
160146 2.675432544098574 14.653567757909542 - -10.278404665427004 0.39577832053742185
847089 293.6646209098193 14.790126912187937 - -13.131180196085197 0.022571749984966236
2568681 1929.7833462733627 14.764225663607128 - -12.483989747426062 0.007314924423900153
200298 15.374765595787101 14.653567757909542 - -11.299116304108786 0.11544569759538448
1929015 1611.6090455929582 14.546168332261457 - -9.432618257832157 0.0057417167127897925
240537 30.74255599281594 14.691425985049941 - -11.299116304108786 0.06441626345973447
887675 314.70998589737286 14.790126912187937 - -13.131180196085197 0.0217072810255641
280689 35.64897963383545 14.718556257237639 - -11.299116304108786 0.05257831310207429
1766193 1872.3005504634789 14.538932008818055 - -9.794526646405094 0.009696114518734622
927875 339.1758721117684 14.790126912187937 - -13.131180196085197 0.020938473550094407
321009 54.79221960524835 14.719908677597221 - -11.299116304108786 0.046670028364461054
2731946 1227.0592008440585 14.852519649369293 - -13.894624590977376 0.013119712713769195
969425 364.57425431236356 14.790126912187937 - -13.131180196085197 0.020255094597942835
361441 69.91598715498982 14.719908677597221 - -11.299116304108786 0.03883004389641749
402241 88.52117502044361 14.719908677597221 - -11.299116304108786 0.035224488674767
1010825 387.7016006846832 14.790126912187937 - -13.131180196085197 0.019684184156639653
442291 99.1796113489084 14.725097205917654 - -11.299116304108786 0.03242942128361248
482653 117.65497542681766 14.725097205917654 - -11.299116304108786 0.031434195536961224
523493 136.4867173243215 14.725097205917654 - -11.299116304108786 0.02904985524554973
2894179 1329.9683170735054 14.852519649369293 - -13.894624590977376 0.012558128723990241
1926574 2127.1236793792973 14.538932008818055 - -9.794526646405094 0.009106851065729199
563601 152.54576884548317 14.725097205917654 - -11.299116304108786 0.02704409431542679
2090491 1790.106706664953 14.546168332261457 - -9.432618257832157 0.005436144111758382
603606 168.59062947964844 14.725097205917654 - -11.299116304108786 0.02559059244553884
2730593 2108.006647451494 14.764225663607128 - -12.483989747426062 0.007008701782957267
644241 187.6105539088346 14.725097205917654 - -11.299116304108786 0.024121807794592724
685359 203.99362888150893 14.725097205917654 - -11.299116304108786 0.02283120695141256
3055849 1426.2329852558803 14.852519649369293 - -13.894624590977376 0.012093463034861713
725628 221.05534879797858 14.725097205917654 - -11.299116304108786 0.021815978745853698
2086874 2379.7513018827317 14.539256848400104 - -9.794526646405094 0.008609671092251008
766300 239.9795828681301 14.725097205917654 - -11.299116304108786 0.021059169681788413
 Adding parameter  x0  with limits  [-5.0, 5.0]
   Adapting  x0
 Adding parameter  x1  with limits  [-5.0, 5.0]
   Adapting  x1
 Adding parameter  x2  with limits  [-5.0, 5.0]
   Adapting  x2
 Adding parameter  x3  with limits  [-5.0, 5.0]
   Adapting  x3
40000 1.8365984615639568 12.345989481905264 - -3.6888794541139363 0.708854965611832
2250688 1914.176936598032 14.548066774796137 - -9.432618257832157 0.005218636085964453
80086 1.0321744329059215 14.483202833377817 - -5.989362339016112 0.9685270041722323
120154 1.971561729088319 14.483202833377817 - -8.277036819274404 0.6206018150778797
806668 258.048848013308 14.725097205917654 - -11.299116304108786 0.020445049407839925
160222 4.027841855279958 14.591255770975904 - -10.514122930035754 0.31039290306428374
200262 37.45847027404051 14.625955569225304 - -12.072184310703122 0.07751845909041769
240398 192.79384998590913 14.625955569225304 - -12.072379090602453 0.0317756293153779
3217696 1530.4332737433626 14.852519649369293 - -13.894624590977376 0.011680559499704953
2892402 2292.0645172967625 14.764225663607128 - -12.483989747426062 0.00677374253921275
280574 306.0360216227737 14.638929547689953 - -12.072379090602453 0.02371699386051655
847212 275.2429726417938 14.725097205917654 - -11.299116304108786 0.019826114680913207
320642 463.9908394158525 14.638929547689953 - -12.072379090602453 0.019534479864680918
360818 569.0044460152031 14.645366200648702 - -12.072379090602453 0.01677518251685973
401390 718.7042577702014 14.645366200648702 - -12.072379090602453 0.014948635735770368
887756 293.9453814577504 14.725097205917654 - -11.299116304108786 0.019103245445178583
2248076 2627.5906143403445 14.539256848400104 - -9.794526646405094 0.00814442765652691
441710 862.772263677164 14.645366200648702 - -12.072379090602453 0.013571692781480692
481847 988.0895953838608 14.64675431581831 - -12.072379090602453 0.012557796289467262
928256 312.72108416962186 14.725097205917654 - -11.299116304108786 0.018577110114078615
522321 1141.9545723836902 14.64675431581831 - -12.072379090602453 0.011771825377175764
3380944 1631.9491563863585 14.852519649369293 - -13.894624590977376 0.011279629713838633
2411498 2086.980105066064 14.548066774796137 - -9.432618257832157 0.005006106983758121
563023 1297.619294812875 14.64675431581831 - -12.072379090602453 0.011109189612779465
968400 332.71312666442617 14.725097205917654 - -11.299116304108786 0.01795345051273403
603679 1454.557025619041 14.64675431581831 - -12.072379090602453 0.010500140547487756
3052882 2468.1334398353615 14.764225663607128 - -12.483989747426062 0.00653698045725334
1009324 349.8556383627663 14.725097205917654 - -11.299116304108786 0.017363281912615096
644587 1575.1460072028997 14.64831836723258 - -12.072379090602453 0.009996932887371933
2408561 2893.3849891881086 14.539256848400104 - -9.794526646405094 0.007763701391410815
684718 1724.1945002280193 14.64831836723258 - -12.072379090602453 0.009547436201463415
3542082 1731.0342069353667 14.852519649369293 - -13.894624590977376 0.010940127496487265
725356 1879.3586240442507 14.64831836723258 - -12.072379090602453 0.00911789794545412
2571644 2256.1812794522434 14.548066774796137 - -9.432618257832157 0.004819379833830891
765612 2046.3879450521977 14.64831836723258 - -12.072379090602453 0.008775195087462984
805716 2204.2754379320418 14.64831836723258 - -12.072379090602453 0.00844501825399294
2570195 3154.261139545571 14.539256848400104 - -9.794526646405094 0.00743489262523945
3702898 1835.0325654052422 14.852519649369293 - -13.894624590977376 0.010593303927025335
3214888 2642.778122584222 14.764225663607128 - -12.483989747426062 0.006302840922854274
846448 2361.5475860569964 14.64831836723258 - -12.072379090602453 0.008180002627006478
 Adding parameter  x0  with limits  [-5.0, 5.0]
   Adapting  x0
 Adding parameter  x1  with limits  [-5.0, 5.0]
   Adapting  x1
 Adding parameter  x2  with limits  [-5.0, 5.0]
   Adapting  x2
 Adding parameter  x3  with limits  [-5.0, 5.0]
   Adapting  x3
40000 1.0000000958840032 13.133778486632695 - -3.6888794541139363 0.9994997790054931
80020 1.0025090961418968 14.431341120444186 - -5.9631679479528685 0.9969981479769131
120036 1.6458198298094509 14.537934310608119 - -8.103586990356524 0.6337700049206159
887078 2523.5816324946536 14.64831836723258 - -12.072379090602453 0.007913671782151358
160086 7.028162909263649 14.556515572555405 - -10.21501157788941 0.2521187020473805
200106 31.063391178380975 14.603835808172171 - -12.159206460657968 0.09794855045158624
240216 141.67126417457357 14.627505682898576 - -12.159912011016495 0.03672947302887182
280512 253.07400987117165 14.636112097971788 - -12.159912011016495 0.026581102686459107
2732564 2425.1483888861735 14.548066774796137 - -9.432618257832157 0.004662232915076272
320617 388.32414868932835 14.636112097971788 - -12.159912011016495 0.021508267184660815
3865798 1938.9260155262734 14.852519649369293 - -13.894624590977376 0.010314832467579632
360657 531.8905566271076 14.636112097971788 - -12.159912011016495 0.01843116114264419
927965 2688.4603208885596 14.64831836723258 - -12.072379090602453 0.007676177012218619
400935 684.8467907387587 14.636112097971788 - -12.159912011016495 0.01646468543721591
441107 827.3541833330813 14.636112097971788 - -12.159912011016495 0.015096757250537572
481779 972.2051167249645 14.636112097971788 - -12.159912011016495 0.013802295345775617
968861 2842.5465084845573 14.64831836723258 - -12.072379090602453 0.007442560503798833
522629 1118.8653308822304 14.636112097971788 - -12.159912011016495 0.012801693278503017
3375720 2821.872587890476 14.764225663607128 - -12.483989747426062 0.006103488762912226
562769 1270.7880001615515 14.636112097971788 - -12.159912011016495 0.011975580290139792
1009853 3007.011283403821 14.64831836723258 - -12.072379090602453 0.007231259828576348
 Adding parameter  x0  with limits  [-5.0, 5.0]
   Adapting  x0
 Adding parameter  x1  with limits  [-5.0, 5.0]
   Adapting  x1
 Adding parameter  x2  with limits  [-5.0, 5.0]
   Adapting  x2
 Adding parameter  x3  with limits  [-5.0, 5.0]
   Adapting  x3
603824 1423.5978828681687 14.636112097971788 - -12.159912011016495 0.011285043695359313
4025801 2048.701935474236 14.852519649369293 - -13.894624590977376 0.010020603068110052
160000 1.3312699439171438 14.331151391297885 - -5.075173815233827 0.7568227454923625
645008 1581.890072287407 14.636112097971788 - -12.159912011016495 0.010692954789789972
320128 18.443642721120582 14.402247907536676 - -8.685253538857923 0.1434106174699139
2892992 2417.3581589630912 14.553081794597656 - -9.432618257832157 0.004520962327864114
686083 1739.569866243746 14.636112097971788 - -12.159912011016495 0.01021664306963877
480184 253.8849138800476 14.446952525509198 - -8.783363133447054 0.028362618449133615
726662 1899.9616697337306 14.636112097971788 - -12.159912011016495 0.009770154445360668
640888 555.8458953016487 14.446952525509198 - -8.783363133447054 0.019202971681246732
767639 2067.3511278008737 14.636112097971788 - -12.159912011016495 0.009394857082551179
801538 879.9604510693378 14.446952525509198 - -8.783363133447054 0.015166081996192123
3535803 3005.876413812699 14.764225663607128 - -12.483989747426062 0.005923758781012932
808761 2229.04777978751 14.636112097971788 - -12.159912011016495 0.009021794747032429
848856 2400.9275050496763 14.636112097971788 - -12.159912011016495 0.008704426137823946
962038 1221.4645020774074 14.446952525509198 - -8.783363133447054 0.01276625447462906
889000 2565.816638703128 14.636112097971788 - -12.159912011016495 0.008426107813722807
 Adding parameter  x0  with limits  [-5.0, 5.0]
   Adapting  x0
 Adding parameter  x1  with limits  [-5.0, 5.0]
   Adapting  x1
 Adding parameter  x2  with limits  [-5.0, 5.0]
   Adapting  x2
 Adding parameter  x3  with limits  [-5.0, 5.0]
   Adapting  x3
3054929 2581.514816970255 14.553081794597656 - -9.432618257832157 0.004408915867494296
1123287 1567.8609389535893 14.446952525509198 - -8.783363133447054 0.011305098779804902
160000 1.0111666789098643 14.11225358185322 - -5.075173815233827 0.9885105207984631
930288 2724.7666856118167 14.636257151076139 - -12.159912011016495 0.008172674834215894
320115 1.0161561303141995 14.708779828959448 - -8.618882978184601 0.9836187693548293
480150 6.563845561344439 14.708779828959448 - -11.948246738764645 0.24339150524423867
971472 2901.9349142154542 14.636257151076139 - -12.159912011016495 0.007929739718181297
1284497 1923.1822072536204 14.446952525509198 - -8.783363133447054 0.010214511711326318
640175 47.41740890629081 14.787136314550333 - -11.948940575212285 0.05922506850687458
1012872 3069.5292448158934 14.636257151076139 - -12.159912011016495 0.007710147985908051
800405 93.61763079233786 14.787136314550333 - -11.948940575212285 0.037979849781082105
 Adding parameter  x0  with limits  [-5.0, 5.0]
   Adapting  x0
 Adding parameter  x1  with limits  [-5.0, 5.0]
   Adapting  x1
 Adding parameter  x2  with limits  [-5.0, 5.0]
   Adapting  x2
 Adding parameter  x3  with limits  [-5.0, 5.0]
   Adapting  x3
960421 141.32351253060952 14.787136314550333 - -11.948940575212285 0.029746704621131978
1444786 2286.9287172116096 14.446952525509198 - -8.783363133447054 0.009381844401960434
160000 1.301031207259726 14.393066259468133 - -5.075173815233827 0.7858766748404905
320140 3.646095493764885 14.496904512788207 - -8.527222727053417 0.37601184761148376
1121461 193.87982272381805 14.787136314550333 - -11.948940575212285 0.025996413937112783
3217454 2742.027655044151 14.553081794597656 - -9.432618257832157 0.004277225564969622
480165 43.399264654369446 14.551250988911518 - -11.355803249475155 0.07537689659044734
640173 566.4416483549047 14.567090136871998 - -11.356251361809477 0.019078671773245817
1605474 2652.4173112151725 14.446952525509198 - -8.783363133447054 0.008704965788007191
1281961 249.19423944234248 14.787136314550333 - -11.948940575212285 0.02358432848717141
800348 1236.0238486683736 14.567090136871998 - -11.356251361809477 0.012948337475526882
961163 1936.8271616221944 14.567090136871998 - -11.356251361809477 0.010376921251275737
1442185 304.3659372745482 14.787136314550333 - -11.948940575212285 0.02089845826715632
1767503 3017.6574125720226 14.446952525509198 - -8.783363133447054 0.008135224537372863
1122288 2664.808893201412 14.567090136871998 - -11.356251361809477 0.008876215927651488
1603915 361.8483736838615 14.787136314550333 - -11.948940575212285 0.019346549767135898
1282896 3435.5643317780914 14.567090136871998 - -11.356251361809477 0.007827615024586747
3377885 2904.8125227645014 14.553081794597656 - -9.432618257832157 0.0041685558211452135
1764225 418.8045634870828 14.787136314550333 - -11.948940575212285 0.01793242469603543
 Adding parameter  x0  with limits  [-5.0, 5.0]
   Adapting  x0
 Adding parameter  x1  with limits  [-5.0, 5.0]
   Adapting  x1
 Adding parameter  x2  with limits  [-5.0, 5.0]
   Adapting  x2
 Adding parameter  x3  with limits  [-5.0, 5.0]
   Adapting  x3
 Adding parameter  x0  with limits  [-5.0, 5.0]
   Adapting  x0
 Adding parameter  x1  with limits  [-5.0, 5.0]
   Adapting  x1
 Adding parameter  x2  with limits  [-5.0, 5.0]
   Adapting  x2
 Adding parameter  x3  with limits  [-5.0, 5.0]
   Adapting  x3
1924515 478.7355502488257 14.787136314550333 - -11.948940575212285 0.016830294182479145
160000 1.3101348537963378 14.102803199081121 - -5.075173815233827 0.7985191102855359
160000 1.3197218723100286 14.29716072617579 - -5.075173815233827 0.7669679073351856
320022 1.7636732453757327 14.537352202308286 - -8.430536660552184 0.5987835135960827
480030 8.31294633200131 14.656101569026497 - -11.744649935307224 0.1772100816894158
320056 10.460593903455063 14.412302963791072 - -8.630807550200402 0.1444908522983443
640050 218.91041949297204 14.656101569026497 - -12.228616355107471 0.032488017254995255
480081 59.74200556169694 14.537376408685487 - -8.654783591932675 0.04545741120584084
3539397 3066.6633137967046 14.553081794597656 - -9.432618257832157 0.004062867780731582
800506 432.9075842040074 14.678826854917963 - -12.228616355107471 0.020747070663818257
961062 767.5909749476392 14.678826854917963 - -12.228616355107471 0.015932664758244747
640761 127.89316495102125 14.537376408685487 - -8.654783591932675 0.029759387775808537
2086590 538.7528411931587 14.787136314550333 - -11.948940575212285 0.015896843690715857
1121586 1069.007216665816 14.678826854917963 - -12.228616355107471 0.01349086750799048
800795 197.19628067518246 14.537376408685487 - -8.654783591932675 0.0233115015552551
1281746 1415.3356482556765 14.678826854917963 - -12.228616355107471 0.011813180884810839
961475 270.3822758856071 14.537376408685487 - -8.654783591932675 0.01921952837086584
1443046 1764.3243409056363 14.678826854917963 - -12.228616355107471 0.010618107867328521
2248850 598.2901091221714 14.787136314550333 - -11.948940575212285 0.015102926358738427
1123043 349.8223357309483 14.537376408685487 - -8.654783591932675 0.01705243661574996
1603966 2115.356046905232 14.678826854917963 - -12.228616355107471 0.009695879040251123
1764910 2471.7581110867263 14.678826854917963 - -12.228616355107471 0.008959172199282732
1283096 431.0352750215191 14.537376408685487 - -8.654783591932675 0.015575577003432439
2409583 655.7997834929627 14.787136314550333 - -11.948940575212285 0.014313376042143874
1925950 2839.944791397125 14.678826854917963 - -12.228616355107471 0.008353975574444651
1443116 510.0115105432625 14.537376408685487 - -8.654783591932675 0.014285194524508962
2088058 3211.020364737804 14.678826854917963 - -12.228616355107471 0.007843293282697984
1604236 590.1330206176498 14.537376408685487 - -8.654783591932675 0.013161395532962462
2571043 716.300619073604 14.787136314550333 - -11.948940575212285 0.013653171210161259
1764446 673.8998197495936 14.537376408685487 - -8.654783591932675 0.012363049897529668
 Adding parameter  x0  with limits  [-5.0, 5.0]
   Adapting  x0
 Adding parameter  x1  with limits  [-5.0, 5.0]
   Adapting  x1
 Adding parameter  x2  with limits  [-5.0, 5.0]
   Adapting  x2
 Adding parameter  x3  with limits  [-5.0, 5.0]
   Adapting  x3
160000 1.0577974468088804 14.20699632225967 - -5.075173815233827 0.9454844923624793
320170 1.92400733992232 14.485198000548957 - -8.29899737982596 0.574262095929081
2731819 777.4747615485938 14.787136314550333 - -11.948940575212285 0.013095901521751786
480345 11.137501743514191 14.610347410714633 - -11.376540028577518 0.13935314209420332
640357 96.9478635920949 14.670619082075314 - -11.904110104626637 0.03575871774117813
1926374 758.2532664234584 14.537376408685487 - -8.654783591932675 0.011605375021320755
800885 209.66204964630018 14.693465853176495 - -11.904110104626637 0.021193964697878407
961605 366.9977991957855 14.693465853176495 - -11.904110104626637 0.015615721468522185
1122757 542.7728387829825 14.693465853176495 - -11.904110104626637 0.013529232915532761
2892615 843.6093868150849 14.787136314550333 - -11.948940575212285 0.012690919091355736
2087874 838.0383285746296 14.537376408685487 - -8.654783591932675 0.010931639954699812
1283907 712.0958888715762 14.693465853176495 - -11.904110104626637 0.011911191782928144
1445475 884.9104199039631 14.693465853176495 - -11.904110104626637 0.01061572646439442
1606090 1015.5403331388165 14.69632016670443 - -11.904110104626637 0.009781517531618985
2248879 926.5799101249797 14.537376408685487 - -8.654783591932675 0.01048026148949933
3053744 910.8519353141439 14.787136314550333 - -11.948940575212285 0.012233660662216346
1767250 1198.6338707294706 14.69632016670443 - -11.904110104626637 0.009055026384356698
1928647 1375.6443049678717 14.69632016670443 - -11.904110104626637 0.008416291544587232
2409769 1007.9482652134233 14.537376408685487 - -8.654783591932675 0.00999770981820542
2089147 1558.0969487717666 14.69632016670443 - -11.904110104626637 0.00788461907747098
3216376 975.5854428635614 14.787136314550333 - -11.948940575212285 0.011828419121555833
2250931 1743.3229342680975 14.69632016670443 - -11.904110104626637 0.007446256750565853
2571709 1094.1178107806174 14.537376408685487 - -8.654783591932675 0.009633700941829247
2411731 1924.7664516674567 14.69632016670443 - -11.904110104626637 0.007080278194501105
2572866 2104.6717434663415 14.69632016670443 - -11.904110104626637 0.006743707447374547
3377712 1037.8226804185686 14.787136314550333 - -11.948940575212285 0.011496713921629324
2733705 2300.2714381380206 14.69632016670443 - -11.904110104626637 0.006465085204342798
2732543 1176.440693552249 14.537376408685487 - -8.654783591932675 0.009223635290383437
2896087 2498.1176718236866 14.69632016670443 - -11.904110104626637 0.006233131641904441
3058219 2691.35560152692 14.69632016670443 - -11.904110104626637 0.005989127083908459
3538524 1097.5953296864188 14.787136314550333 - -11.948940575212285 0.01112608372127338
2894423 1264.3919865656255 14.537376408685487 - -8.654783591932675 0.008865257703385386
3218446 2883.9450911235317 14.69632016670443 - -11.904110104626637 0.005770206326770678
3380286 3079.1881459415376 14.69632016670443 - -11.904110104626637 0.005572951061557553
3055073 1351.6918108439802 14.537376408685487 - -8.654783591932675 0.008612944998323787
3699114 1165.756687402122 14.787136314550333 - -11.948940575212285 0.010849191509593705
 Adding parameter  x0  with limits  [-5.0, 5.0]
   Adapting  x0
 Adding parameter  x1  with limits  [-5.0, 5.0]
   Adapting  x1
 Adding parameter  x2  with limits  [-5.0, 5.0]
   Adapting  x2
 Adding parameter  x3  with limits  [-5.0, 5.0]
   Adapting  x3
160000 1.0000368815651774 13.249331974530838 - -5.075173815233827 0.9994629767590567
320170 2.032374048694197 14.328952568365732 - -7.94687230786437 0.5939953178103375
480226 1.8881732466382761 14.75393174945595 - -10.644063765631705 0.5694670865871951
3217253 1440.7550710866353 14.537376408685487 - -8.654783591932675 0.00834993408479727
640364 11.720371583553913 14.763214137508253 - -13.277031160609559 0.16763840162761454
800504 97.44867497725824 14.780636225048703 - -13.442281959669002 0.042839578945810516
3860886 1221.5553991007803 14.787875177074561 - -11.948940575212285 0.01057743505627915
961244 209.06901092000743 14.78347625251286 - -13.442281959669002 0.028640249804269734
1122129 270.1045699312649 14.796401825097906 - -13.442281959669002 0.022983942298322707
1283856 368.61504198288117 14.796401825097906 - -13.442281959669002 0.019931971738523516
1445289 474.96241981455967 14.796401825097906 - -13.442281959669002 0.01768159282686084
3378453 1531.3965045519215 14.537376408685487 - -8.654783591932675 0.008151906356933322
1607422 576.6227327714275 14.796401825097906 - -13.442281959669002 0.01602760408730691
1769763 676.7846531824752 14.796401825097906 - -13.442281959669002 0.01467831251490088
1930529 786.3644093664971 14.796401825097906 - -13.442281959669002 0.01382552809759964
4023372 1288.0869822372126 14.787875177074561 - -11.948940575212285 0.0103495905206471
2092661 892.7722916478295 14.796401825097906 - -13.442281959669002 0.012984484536520284
2254086 989.0457277900014 14.796401825097906 - -13.442281959669002 0.012182543758963452
3539868 1619.5778427605705 14.537376408685487 - -8.654783591932675 0.007917941729230453
2416902 1096.964849700291 14.796401825097906 - -13.442281959669002 0.011540909744990857
2577654 1210.119685701707 14.796401825097906 - -13.442281959669002 0.010992603256245357
 Adding parameter  x0  with limits  [-5.0, 5.0]
   Adapting  x0
 Adding parameter  x1  with limits  [-5.0, 5.0]
   Adapting  x1
 Adding parameter  x2  with limits  [-5.0, 5.0]
   Adapting  x2
 Adding parameter  x3  with limits  [-5.0, 5.0]
   Adapting  x3
2740138 1320.9593367671685 14.796401825097906 - -13.442281959669002 0.010531622913852616
160000 1.0613961522289477 13.710506892646723 - -5.075173815233827 0.9423174085612656
320064 6.282015364301883 14.294471321118335 - -8.527159363728087 0.30866342081810977
480128 7.266388830768546 14.70881865469605 - -11.968186247552858 0.23903346603320064
2901912 1435.4261348151972 14.796401825097906 - -13.442281959669002 0.010128360230715167
640288 127.30773323718509 14.70881865469605 - -12.502232850676359 0.04049453386264281
3700718 1718.2472513490106 14.537376408685487 - -8.654783591932675 0.007734437172887678
800370 299.95959599531835 14.72547878246232 - -12.502232850676359 0.024530112253041372
3065212 1548.8088003601051 14.796401825097906 - -13.442281959669002 0.009735487224418127
960582 518.9589009966458 14.72547878246232 - -12.502232850676359 0.018755580544739303
1121450 723.6993289579066 14.726678726994466 - -12.502232850676359 0.015469918172094123
3226604 1631.2742850974962 14.797652327431676 - -13.442281959669002 0.00942019618984036
1282756 969.600371923789 14.726678726994466 - -12.502232850676359 0.013489088163701988
3388757 1743.9814467568217 14.797652327431676 - -13.442281959669002 0.00911182176007074
1444164 1206.8808268763607 14.726678726994466 - -12.502232850676359 0.012011019447340097
3863055 1807.3287142667668 14.537376408685487 - -8.654783591932675 0.007547926484208257
3550835 1850.915315715779 14.797652327431676 - -13.442281959669002 0.008852709623927861
1604714 1450.6455044270513 14.726678726994466 - -12.502232850676359 0.010954420838134308
3712826 1967.3412661153689 14.797652327431676 - -13.442281959669002 0.008618340489616782
1766249 1678.8240495344883 14.727993405566492 - -12.502232850676359 0.010138047900445772
3875146 2073.804934024055 14.797652327431676 - -13.442281959669002 0.008357683630990776
1927625 1930.484208318991 14.727993405566492 - -12.502232850676359 0.009468216886793694
4025295 1901.5497021487217 14.537376408685487 - -8.654783591932675 0.007380298938259815
4037620 2186.7490101205303 14.797652327431676 - -13.442281959669002 0.008134243659809002
2087681 2184.94395884509 14.727993405566492 - -12.502232850676359 0.008882849968885293
2248927 2444.3293525334834 14.727993405566492 - -12.502232850676359 0.008407917725129839
 Adding parameter  x0  with limits  [-5.0, 5.0]
   Adapting  x0
 Adding parameter  x1  with limits  [-5.0, 5.0]
   Adapting  x1
 Adding parameter  x2  with limits  [-5.0, 5.0]
   Adapting  x2
 Adding parameter  x3  with limits  [-5.0, 5.0]
   Adapting  x3
2411162 2701.890778194048 14.727993405566492 - -12.502232850676359 0.008010060578753362
 Adding parameter  x0  with limits  [-5.0, 5.0]
   Adapting  x0
 Adding parameter 160000  x1  with limits 1.0062586100454738  [-5.0, 5.0]
13.530734595852703   Adapting   -x1 
-5.075173815233827  Adding parameter 0.9932864899760103 
x2  with limits  [-5.0, 5.0]
   Adapting  x2
 Adding parameter  x3  with limits  [-5.0, 5.0]
   Adapting  x3
320035 2.4105939517147217 14.484175082151946 - -8.730341354862228 0.4946633116831942
160000 3.4858699932868094 14.092411315440643 - -5.075173815233827 0.41381684547335584
320136 10.930819923701836 14.418156755067765 - -8.620384957034886 0.1731511859168991
480051 18.01093168516206 14.631659966182863 - -12.200551169635341 0.11450641802584728
480296 233.45202599259696 14.438265506917288 - -9.303396974132536 0.029202709298343437
640067 493.1087998518891 14.647243113496307 - -12.201048819631787 0.01818283953173209
2571778 2960.0535203631043 14.727993405566492 - -12.502232850676359 0.007665533042505845
640776 702.158663161602 14.446391196527541 - -9.303396974132536 0.0158828653574145
800717 1074.4718088118073 14.647243113496307 - -12.201048819631787 0.012248702184795988
801426 1248.882837348732 14.446391196527541 - -9.303396974132536 0.011961666328873008
960781 1680.1278459834311 14.647243113496307 - -12.201048819631787 0.009798923203535224
961971 1823.3175063436538 14.446391196527541 - -9.303396974132536 0.009945455812172427
2732783 3217.1329473365927 14.727993405566492 - -12.502232850676359 0.0073469548309823005
1121431 2316.3550480366866 14.647243113496307 - -12.201048819631787 0.008362079168800513
1122771 2416.7395685972065 14.446391196527541 - -9.303396974132536 0.00863771246486162
1281871 2968.3901908922776 14.647243113496307 - -12.201048819631787 0.007372280190619258
1283939 3062.5743188400297 14.446391196527541 - -9.303396974132536 0.007667300123781735
1442478 3453.0435526223696 14.650379358714156 - -12.201048819631787 0.006642045773629886
 Adding parameter  x0  with limits  [-5.0, 5.0]
   Adapting  x0
 Adding parameter  x1  with limits  [-5.0, 5.0]
   Adapting  x1
 Adding parameter  x2  with limits  [-5.0, 5.0]
   Adapting  x2
 Adding parameter  x3  with limits  [-5.0, 5.0]
   Adapting  x3
160000 1.0436600421510456 14.16634965263359 - -5.075173815233827 0.9582111066009039
320016 1.868598463029756 14.57030526015797 - -8.68978759245161 0.5518847955284994
480099 30.89409016005011 14.601639154645815 - -11.391219839426807 0.1022007127470489
640179 252.9690894814276 14.634530669445173 - -11.391515537028882 0.02811964741634923
800591 544.9703811419598 14.63768803592114 - -11.391515537028882 0.019111406460843437
961367 850.5499178805469 14.63768803592114 - -11.391515537028882 0.015271863578779384
1121861 1172.7836282971841 14.63768803592114 - -11.391515537028882 0.013039118130654762
1282577 1491.1321029878304 14.63768803592114 - -11.391515537028882 0.01151638084168887
1443679 1811.9373222584306 14.63768803592114 - -11.391515537028882 0.010375670316997146
1603979 2148.837239049469 14.63768803592114 - -11.391515537028882 0.009545231168254254
1764335 2474.8126342819937 14.637842407856125 - -11.391515537028882 0.008911992044218792
1925199 2815.2582504080215 14.637842407856125 - -11.391515537028882 0.008374130711763928
2085919 3116.5001062035362 14.63874419068381 - -11.391515537028882 0.007905365869702379
 Adding parameter  x0  with limits  [-5.0, 5.0]
   Adapting  x0
 Adding parameter  x1  with limits  [-5.0, 5.0]
   Adapting  x1
 Adding parameter  x2  with limits  [-5.0, 5.0]
   Adapting  x2
 Adding parameter  x3  with limits  [-5.0, 5.0]
   Adapting  x3
160000 1.0018811108498735 14.228401272742055 - -5.075173815233827 0.9976225940660962
320050 1.677094309522513 14.533002962567188 - -8.636248306525257 0.6128150459314144
480106 13.260704673325005 14.637944781901972 - -11.373139929930401 0.1153438394424047
640246 66.10575718469146 14.717381199138659 - -11.373476019198874 0.044584984175624086
800839 135.72943783037886 14.717856000409734 - -11.373476019198874 0.03046113976101518
961867 191.31522680738294 14.724428374379452 - -11.373476019198874 0.02476578575460019
1122785 262.0885960625961 14.724428374379452 - -11.373476019198874 0.020252613628476118
1282841 341.439001407903 14.724428374379452 - -11.373476019198874 0.017857105598020586
1443958 422.69446409249053 14.724428374379452 - -11.373476019198874 0.01622480659646535
1605082 503.459891082592 14.724428374379452 - -11.373476019198874 0.014668644423062566
1766540 588.7480109163706 14.724428374379452 - -11.373476019198874 0.013793022263928522
1928471 669.1725003216909 14.724428374379452 - -11.373476019198874 0.01283650366549805
2089947 754.5665350326394 14.724428374379452 - -11.373476019198874 0.012189113262010526
2251543 839.88820780457 14.724428374379452 - -11.373476019198874 0.011588359536200025
2412544 924.0891631900162 14.724428374379452 - -11.373476019198874 0.011014253058011698
2573312 1012.0303442673514 14.724428374379452 - -11.373476019198874 0.010515484144639686
2735318 1098.9793433254572 14.724428374379452 - -11.373476019198874 0.010092859258915092
2896178 1184.053031753352 14.724428374379452 - -11.373476019198874 0.009636953273354015
3057545 1271.1247478925459 14.724428374379452 - -11.373476019198874 0.00930012179338396
3220394 1358.53323239607 14.724428374379452 - -11.373476019198874 0.00896110742907696
3381854 1378.3660251129784 14.727624918759957 - -11.373476019198874 0.00868227908220954
3543080 1466.3759876430809 14.727624918759957 - -11.373476019198874 0.008432168941295722
3703240 1498.699981257446 14.729981923135597 - -11.373476019198874 0.008174489958014626
3864859 1580.6319925928844 14.729981923135597 - -11.373476019198874 0.007944667848136572
4027309 1665.1317077781434 14.729981923135597 - -11.373476019198874 0.007761743485267979
 Adding parameter  x0  with limits  [-5.0, 5.0]
   Adapting  x0
 Adding parameter  x1  with limits  [-5.0, 5.0]
   Adapting  x1
 Adding parameter  x2  with limits  [-5.0, 5.0]
   Adapting  x2
 Adding parameter  x3  with limits  [-5.0, 5.0]
   Adapting  x3
160000 1.047495450415996 13.447167713776725 - -5.075173815233827 0.9545358667670835
320016 3.0153646692849456 14.516053205569204 - -8.628519874052568 0.3892117785635379
480169 20.021029844511688 14.60931427174832 - -12.021819483587583 0.11746006914260888
640193 481.1294877414197 14.630798755951492 - -12.043576608566402 0.020539922986744383
800483 1058.087410665707 14.632425220810898 - -12.043576608566402 0.013573000027954791
960755 1581.145685941218 14.635950427160937 - -12.043576608566402 0.01089496305829558
1121286 2180.2119266117384 14.635950427160937 - -12.043576608566402 0.009284634504440068
1282474 2767.4701653010256 14.637052402629353 - -12.043576608566402 0.008160727328895343
1443778 3276.1027394638786 14.639235709086144 - -12.043576608566402 0.007364289377524343
# done in 8.3 min
# wrote demos/integrator_snr_lottery/results/chunk_fixed_steps.json

kind          SNR   n_chunk   steps collapse    med|bias|  med n_eff
AV             20     10000      25       6%       0.0207        423
AV             20     40000      25       0%       0.0140       1758
AV             20    160000      25       0%       0.0072       3100
AV             40     10000      25      31%       0.0459        312
AV             40     40000      25      19%       0.0284       1416
AV             40    160000      25       0%       0.0384       3121
AV             80     10000      25      69%       0.0743        273
AV             80     40000      25      38%       0.0582       1221
AV             80    160000      25      25%       0.0345       3058
AV            160     10000      25      88%       0.0640        225
AV            160     40000      25      62%       0.0624       1235
AV            160    160000      25      50%       0.0393       3164
